packet_count,byte_count,duration,packet_rate,label
48,3936,7.24404186053909,6.626135094756053,0
48,3984,33.36319979967999,1.4387109236584796,0
25,2325,14.662636889219227,1.705013919998344,0
17,1615,25.28727588810899,0.672274865636833,0
34,2720,14.101166897574881,2.4111479742749036,0
44,3476,56.41722680303339,0.7799036303860695,0
11,825,54.55526906836581,0.20163038672241493,0
40,3400,19.58332839493937,2.042553706566888,0
41,2460,22.468252635476496,1.8247969998015154,0
34,2652,18.90635218986712,1.7983373872735924,0
10,1180,24.465170210056726,0.40874434611083843,0
18,1404,10.654785658047075,1.6893817086226806,0
27,3051,59.13312061981809,0.456596907401351,0
20,2000,6.823269250202623,2.9311462389390663,0
11,737,8.180973261992015,1.3445832968437754,0
38,4522,44.38814757203069,0.8560843846510073,0
13,1339,41.80042675283631,0.31100160954978534,0
32,2144,30.611291244113374,1.0453658992955313,0
34,2890,43.91433812698927,0.7742345996808722,0
7,665,40.305530993927626,0.1736734345729029,0
18,1548,28.434662177590912,0.6330302040368755,0
41,3239,54.171335769593526,0.7568578366681772,0
8,512,49.472253560484795,0.16170680379900618,0
28,2072,17.829551262208344,1.5704265120429037,0
25,2375,21.489089929875963,1.163381049713179,0
18,1296,19.328617340271194,0.9312616460411258,0
43,2580,37.260849531821194,1.1540262914101704,0
49,4263,5.999292898888436,8.16762922328377,0
37,3071,34.14683245663721,1.0835558480273684,0
7,609,30.3975234940551,0.2302819175834835,0
18,1944,19.24678205226329,0.9352212723728185,0
46,3772,59.04527530284769,0.7790631809922558,0
26,2158,49.78776074895173,0.5222166976157373,0
47,2867,24.910341228003226,1.8867666070814175,0
35,2135,21.358524327448876,1.6386899892245739,0
22,1716,16.347892425242108,1.3457392199394893,0
27,2241,11.917254642984641,2.265622478403124,0
19,1938,36.3401642903701,0.5228374821914296,0
13,780,6.155420094398917,2.111959833875394,0
7,714,21.00145526522373,0.3333102354859802,0
29,2146,57.848083210517224,0.5013130667521855,0
29,2349,27.631413760394008,1.0495300838195865,0
7,532,16.803204461611635,0.4165872060887018,0
29,3364,35.25018444229076,0.8226907308095609,0
38,2470,47.572894250027005,0.7987741885176227,0
19,1919,55.8196552914936,0.340381894169372,0
10,870,34.42505264910662,0.29048612073101693,0
48,5424,40.1870812869294,1.194413688749566,0
35,3885,32.47022070951127,1.0779107513041235,0
25,2800,17.53511381378142,1.4257107347858604,0
33,2772,46.54117127625344,0.7090496241300547,0
13,884,13.438615003428877,0.9673615917029423,0
39,3549,22.014986763565968,1.7715204836981158,0
13,949,25.930677631421357,0.5013366864060398,0
48,5088,36.00798330973882,1.3330377207494923,0
8,752,49.42047574190286,0.161876223972019,0
42,4620,33.21296285118413,1.2645664943590718,0
45,4005,6.668483150820175,6.7481613107870455,0
16,1728,53.33462895839887,0.29999271228604657,0
20,1940,43.164661966545346,0.4633419813527312,0
39,4485,48.33968726114893,0.8067904905819421,0
9,1026,43.31079481463615,0.20780038876032364,0
5,420,56.70930168091458,0.08816895732790767,0
35,2555,7.398465257234985,4.730710868145711,0
9,783,53.57519271912668,0.16798819646218358,0
34,3400,34.69191350848639,0.9800554815658372,0
12,1128,52.30641878356553,0.22941735028073365,0
46,2806,53.33751768539844,0.8624323364900961,0
28,2688,16.12106180835601,1.736858299587115,0
42,2814,35.09269606583811,1.1968302441397765,0
30,2040,5.97687457686942,5.019345749047567,0
14,1008,6.077204030388746,2.3036909621585386,0
31,2046,51.53234197142755,0.601563965736084,0
10,1140,38.98650645203692,0.25649900209197973,0
21,1512,30.105215036121045,0.6975535625573056,0
6,492,14.090471186562201,0.42581968484645705,0
37,3959,27.585206082304918,1.3412986616668559,0
29,2668,32.207373412998386,0.9004149338143811,0
39,3783,9.611102081879324,4.057807280346155,0
45,3870,53.354301114290166,0.8434184135146962,0
6,684,27.268900149680594,0.22003087645873678,0
43,3268,50.465058913308575,0.8520747013070483,0
40,4280,5.011427368138769,7.9817579028100125,0
10,710,16.234101350220413,0.6159872840675735,0
41,4797,12.951805116879187,3.1655819115566795,0
26,2158,16.706046770356423,1.5563227110159281,0
23,1610,31.87917107462196,0.7214742173239755,0
44,2640,49.43004175835129,0.8901469315988617,0
49,3577,53.67841311958541,0.9128436768582785,0
16,960,41.04687628415579,0.3897982367582998,0
38,3686,47.986514301309434,0.7918891495513996,0
12,960,29.79002219653086,0.40281943802638176,0
33,3102,45.25123493870493,0.7292618653325187,0
17,1411,43.72858079414969,0.3887617592719674,0
7,546,32.22321330142202,0.21723469768581669,0
47,3290,34.026247086704586,1.3812866250055762,0
5,395,25.292633102648157,0.19768602105237104,0
40,2560,30.27280448938075,1.3213179510352735,0
10,1060,36.06963309413507,0.27724152263766727,0
6,456,31.074167339484553,0.19308642881561844,0
14,1120,17.24036355737774,0.8120478407202104,0
36,3672,20.685740623006858,1.7403292759051852,0
30,1830,59.81298103652673,0.5015633643419232,0
6,480,58.41499456959119,0.10271335372379528,0
10,880,58.563263551434275,0.1707555111100889,0
40,3600,7.1232274629393375,5.615432078802991,0
38,2280,6.531940427292477,5.817566835304283,0
25,2125,27.10121607567948,0.9224678306017011,0
9,936,45.08513855478081,0.19962232097977312,0
29,2813,43.12090959860582,0.6725275572790242,0
32,2144,16.631331464817436,1.9240792637495105,0
8,864,18.18791619427315,0.4398524775762365,0
7,483,13.556678412849388,0.5163506713683795,0
10,620,40.54416634335996,0.24664460764372653,0
22,2618,50.357230978772364,0.4368786681156853,0
37,2775,13.645482518459973,2.71152009098582,0
22,1606,16.53724032970345,1.3303307904695916,0
17,1224,17.993102932090885,0.9448064663533006,0
21,1680,28.28326892753484,0.742488432076382,0
46,2852,22.692582607257215,2.0270940860335984,0
33,3696,31.50796875047536,1.0473540919549797,0
16,1728,36.94627127265589,0.43306129276005384,0
13,793,46.12332042451146,0.28185308170249096,0
5,390,59.3350956268949,0.08426716005381549,0
23,2047,39.60222434003569,0.5807754585327232,0
46,2944,19.05140291022554,2.4145203488038263,0
50,4250,48.76097142205646,1.02541025213011,0
26,1690,14.614133409890721,1.779099675003885,0
26,1612,55.70781769534315,0.4667208495258188,0
34,2686,29.91507163705202,1.136550846760751,0
30,2340,34.23355946301875,0.8763330623684602,0
13,1313,37.68059997222535,0.3450051222534247,0
22,1760,51.99871687434575,0.4230873629663348,0
26,1664,50.670876185125394,0.5131152637860323,0
14,1246,5.894351539886366,2.3751552490996994,0
41,2911,34.667545567936486,1.1826623237475546,0
29,3306,34.34799845450723,0.8442995605234328,0
15,1260,44.196952999752774,0.33938991224313375,0
34,4046,12.315709209161952,2.7607017527424715,0
48,5136,52.38022842260077,0.9163763016216475,0
40,3880,51.64244410197525,0.7745566790180262,0
6,474,59.15557917912578,0.10142745761700224,0
29,2871,6.662914353750269,4.352449763019562,0
50,3300,14.251972658394672,3.5082862701500543,0
10,830,42.359288063228135,0.23607573349848024,0
40,3600,38.82710673572174,1.0302081036390789,0
36,4068,16.021137049148592,2.2470315240149037,0
43,4300,42.32987349834927,1.0158310537279744,0
48,5088,13.449969918183308,3.5687812160165318,0
16,1440,50.07957695590729,0.31949151675317156,0
27,2106,43.81797883540676,0.6161854270234589,0
32,3168,15.803795509984862,2.0248300466671028,0
12,972,54.528516470807546,0.22006833812220686,0
36,3240,45.31932173874716,0.7943631682647333,0
17,1530,23.49153073133968,0.7236650601623235,0
35,2905,28.035687569320988,1.2484088329725842,0
18,1782,52.20819697271578,0.3447734463882534,0
46,3128,26.061785687691685,1.7650363851209405,0
21,2100,33.0264727466592,0.6358535518184956,0
10,900,13.466257758445863,0.7425968059855478,0
17,1870,30.516493050653892,0.5570758072292888,0
18,1080,36.66704004758721,0.49090409197577023,0
37,4329,17.96262143151837,2.059832978224293,0
37,3478,47.325972934315885,0.7818117136514575,0
14,1176,32.79881742260946,0.42684465783053727,0
8,928,5.8730718501273635,1.3621491791942766,0
28,2828,54.40128103519055,0.5146937621172495,0
27,3132,58.15116393248503,0.46430712945570074,0
34,2652,59.70442058967485,0.569472070312326,0
48,5040,46.10269304024241,1.0411539290796192,0
41,3362,8.342655849241073,4.914502137077816,0
13,1547,23.647241314372298,0.5497470012326077,0
31,3503,7.1959762737292925,4.307963064466073,0
12,756,34.53808928051642,0.3474424975434129,0
48,5664,35.21223090446276,1.3631627070216825,0
42,4410,10.18975658931085,4.121786387327289,0
44,4664,11.370837012672904,3.8695480333559953,0
37,3404,58.924673321341935,0.6279203246189057,0
33,3828,38.18765546870019,0.8641536013397796,0
12,984,12.293372537339913,0.9761357156916198,0
41,3567,15.10162501401882,2.714939614905002,0
5,355,34.2757447325706,0.1458757508848156,0
23,2162,7.551762089670092,3.0456467943370793,0
38,4446,45.1375731764706,0.8418706927692938,0
48,5760,49.99980555714055,0.9600037333174198,0
20,1800,57.027945482628525,0.3507052521485675,0
49,3479,20.690823104741334,2.3681996483151786,0
44,4356,26.058530873347216,1.688506547581445,0
35,4200,58.58652584269291,0.5974069890059083,0
9,1008,40.03730800342368,0.22479033803247683,0
43,3526,27.922814826113736,1.5399593582444242,0
35,4095,31.885492248105447,1.09767789462556,0
35,2135,51.48615758551376,0.6797943688430862,0
29,3103,52.476060951910476,0.5526329429828175,0
32,3456,37.31323970481077,0.85760443888431,0
13,1339,27.308186422905774,0.4760477242493027,0
14,1610,27.4857236838988,0.5093553351917466,0
42,3402,26.26531600711289,1.5990669972760279,0
12,792,34.76181899305662,0.34520633118758537,0
18,2160,53.8977417799285,0.33396575451150334,0
30,3060,7.5902598907805485,3.9524338338453036,0
14,1106,30.716359574992843,0.4557831785312815,0
23,1748,42.592290797593165,0.5400038262628434,0
29,2059,21.276472808359124,1.3630078754692108,0
35,2765,24.52023674316211,1.4273924173982682,0
28,2072,57.16923137318605,0.4897739453102526,0
16,1600,21.784932380684598,0.7344525895424053,0
35,3780,38.25009386255655,0.9150304343242907,0
6,606,5.237100753580112,1.1456720583231792,0
46,4876,48.167690964263365,0.9549969923642049,0
26,1664,36.16132902579095,0.719000122519178,0
19,1539,10.114912851069928,1.878414602256334,0
28,2408,19.67351293482263,1.423233364207125,0
16,1248,21.226676480700636,0.7537684957203381,0
17,1224,44.5309114193355,0.38175728854762514,0
40,3320,29.2866971102564,1.3658078222139882,0
34,4046,28.35666042567935,1.199012841766449,0
9,1035,59.86199614556772,0.15034580500981798,0
27,2322,10.800502177505836,2.499883760611872,0
23,1771,18.165033642528932,1.266168863356861,0
35,3010,58.00350757907215,0.6034117842319611,0
9,846,24.96130006556007,0.36055814305992806,0
34,3570,14.150848042456582,2.4026828567440126,0
26,2210,49.901530695774035,0.5210261015540719,0
5,550,10.88153103069099,0.4594941636335612,0
36,2448,19.96855602467799,1.8028344140412391,0
41,4469,42.1216938317878,0.9733701632164351,0
29,1856,45.471660606078856,0.6377598621529813,0
26,1924,29.92222175950959,0.8689194341572224,0
46,2898,22.383469903692166,2.0550879822440877,0
39,2613,11.398983940969018,3.421357570285746,0
46,4922,35.185765399272825,1.3073468625170415,0
8,864,50.64906748743321,0.15794960098692676,0
24,2592,13.838861482744194,1.7342467102460577,0
22,1540,9.323616209688701,2.359599484279345,0
9,1080,7.201222075933291,1.2497878700447638,0
41,2501,55.560116464917215,0.7379394178536139,0
40,3040,28.658295461295484,1.395756424314282,0
35,3815,50.71634729021101,0.6901127914382649,0
7,434,29.859697960631014,0.23442969882780662,0
11,1078,38.37818576985205,0.2866211567676823,0
16,1072,13.425040044557033,1.1918027765203534,0
39,3549,24.424956793319637,1.5967274918851329,0
36,3348,19.22346070851693,1.8727117112711262,0
20,1740,52.36881143012159,0.38190670083637535,0
48,3792,37.84331787218173,1.2683877286374077,0
31,2108,40.55813655140785,0.7643349186101582,0
45,2790,45.425527353514234,0.9906324179749713,0
41,4592,10.07142797129989,4.070922228390643,0
27,2187,54.106186367969705,0.4990187224872259,0
33,2706,53.38653963419853,0.6181333389673518,0
43,5160,26.946242377423328,1.5957698070743687,0
30,2970,43.150491721162055,0.6952412082314062,0
44,5280,20.155990704762786,2.182973818776517,0
28,1680,15.554164794009296,1.800160945368422,0
6,588,45.47183928301427,0.13194979782225927,0
22,1716,53.14169947389623,0.41398751296628433,0
24,1536,37.79172938314985,0.635059585569028,0
16,1296,33.99872681229493,0.47060585792918375,0
32,2816,6.522899787423388,4.905793595311438,0
17,1972,35.31109708366584,0.481435055946303,0
22,1914,19.81289817165434,1.1103877791828898,0
16,1136,5.5222918662924405,2.897347765637402,0
11,1276,22.53266194473607,0.48818022597502053,0
29,1798,41.544209156026625,0.6980515597513332,0
18,1980,59.69553722087828,0.30153007809274845,0
13,1443,56.35777494799545,0.2306691492344374,0
14,1498,49.33088355054801,0.2837978765503882,0
33,3828,33.12266663709816,0.9962965953664862,0
11,1056,40.56103008968246,0.27119626833141197,0
11,924,35.74066428892538,0.3077726790715657,0
26,2314,36.25500027314435,0.7171424577056018,0
24,1800,53.29368966702243,0.4503347422546904,0
21,1890,44.5948392976625,0.47090650691280195,0
26,2210,51.599467378733486,0.5038811701129263,0
23,1380,50.19798193732997,0.4581857499513529,0
42,4284,12.279799294759108,3.4202513405838126,0
6,492,34.32899646954834,0.17477935905648512,0
18,1782,9.640064514825728,1.867207420896125,0
29,2813,43.15953023483427,0.6719257564252624,0
8,624,20.118724843747838,0.39763951553252175,0
17,1309,38.043690010514894,0.44685465566829535,0
5,370,27.697590380667535,0.18052111867066667,0
21,1974,42.609728461813745,0.4928451965803986,0
13,1196,41.519850483202966,0.31310324697000547,0
5,335,49.387705601460794,0.10123977089253787,0
43,5160,49.04174883025553,0.8768039685703833,0
32,2592,48.138774971662,0.6647447929208322,0
12,1416,23.984866132588756,0.5003154878440343,0
24,1512,20.656030109297376,1.16188831411499,0
9,567,44.89908715419665,0.20044950956555882,0
47,4465,48.137300312273645,0.9763738243545896,0
12,1320,39.59265390823677,0.30308652781428086,0
28,2632,37.17999974533144,0.7530930659437635,0
48,4320,13.746449798669932,3.4918106640628293,0
50,5900,9.308298850119325,5.371550785497077,0
38,3154,37.062593711491054,1.0252925171887879,0
16,1840,55.77765962800487,0.28685319726048014,0
26,2600,53.111280039265104,0.48953819190157405,0
37,2553,31.254423833821622,1.1838324135081597,0
12,852,22.089397629928794,0.543247045530172,0
47,2820,42.19831393792357,1.1137885762246333,0
23,2691,47.037981754228916,0.4889665572850009,0
5,520,35.68653683062013,0.14010886020494567,0
29,2784,29.909283640840712,0.9695986152072497,0
36,3960,29.4646603269851,1.2218026476629542,0
12,1152,17.020167018807904,0.7050459602857929,0
10,650,26.551315233833556,0.3766291768197342,0
34,3094,36.6408255072583,0.927926691860827,0
38,3040,9.8364372212592,3.863187366038562,0
22,2310,54.66748459636381,0.40243300313589553,0
17,1173,6.239891751528674,2.724406236027295,0
33,2343,37.8929682151104,0.8708739788518531,0
18,1260,52.765694481384394,0.34113073232363794,0
44,2816,35.89815813749598,1.2256896253972864,0
44,5016,9.764800342547055,4.505980507177786,0
28,3024,57.54956446823609,0.4865371312315373,0
45,4500,57.07484203556769,0.7884384502011773,0
11,693,46.04341888708534,0.2389049350782545,0
5,455,47.97312789469795,0.1042250155331774,0
6,372,25.360877030567632,0.23658487806901002,0
46,5198,43.68295482190284,1.0530423179371415,0
38,4256,52.132679912788475,0.7289093916439612,0
22,1936,40.30444340719494,0.5458455232276617,0
45,3690,27.053522740672516,1.6633693301740178,0
50,3800,20.11446697051455,2.4857730544535004,0
16,1088,10.748358036668737,1.4885994628588792,0
25,2550,40.12594156073167,0.623038339478261,0
48,4272,7.489598857803218,6.408887967342877,0
7,441,10.384374454332256,0.6740897134231971,0
15,1275,6.012464027296778,2.494817421260156,0
28,2240,35.40250383302896,0.790904511501733,0
34,2108,39.28166827291896,0.8655436872939489,0
48,3840,55.101293872614704,0.871122919744285,0
42,4914,49.39933325545666,0.8502139043619718,0
8,584,59.70766653281371,0.13398614390002023,0
15,1740,34.193129186365184,0.4386846234003463,0
9,711,58.78504549752465,0.1531001621897014,0
47,3948,26.512444209789116,1.772752433841853,0
44,4576,18.622474460175724,2.3627364931601473,0
28,2296,25.942675891354387,1.079302694805328,0
41,2460,23.75351931939714,1.7260600186735013,0
38,4294,48.187424322603704,0.7885874900803735,0
42,4578,31.17897816828484,1.3470614647250458,0
29,2523,43.502341201457874,0.6666307881155632,0
34,3604,24.962164694296202,1.3620613603181988,0
29,2175,50.43602347217035,0.5749858534347312,0
25,2725,39.87040108544556,0.6270315652562145,0
25,2500,43.23839035448166,0.5781898862340223,0
12,1128,28.56381855166135,0.4201118970944467,0
48,4656,40.55862449761953,1.1834720874919518,0
17,1462,42.17253863554058,0.40310592034583803,0
24,2640,5.011919117157307,4.7885848592090765,0
16,1312,8.084422306008786,1.979114820375962,0
8,832,24.899164055369866,0.32129592713272975,0
16,1456,14.660079875422104,1.0913992376551984,0
30,2490,25.81801879743037,1.1619791679362266,0
10,660,48.3405220572136,0.20686578411719395,0
16,1360,25.761437888466958,0.6210833443875033,0
50,3650,50.91353809057646,0.9820570692032589,0
7,721,26.546736338975265,0.26368589760402195,0
28,2912,44.14104110463195,0.6343303034839795,0
19,2280,16.469254711091985,1.1536648338557522,0
35,3745,52.16785192298624,0.6709112740863742,0
28,2688,41.537784171087274,0.6740850663740903,0
47,4277,29.793345081997035,1.577533501882616,0
41,4100,5.2030003870498485,7.88006860465513,0
33,2112,58.189387581996016,0.5671137190350892,0
36,3780,53.72007277748205,0.6701405664344183,0
41,2870,5.724677346137436,7.161975692422838,0
19,1330,40.989574078673925,0.46353250618150066,0
24,2136,6.064926200193721,3.9571792315021757,0
47,4747,11.419417232912146,4.115796720741606,0
38,4332,34.823797931105915,1.0912078020662124,0
41,3362,35.141350269050534,1.1667166937551987,0
28,2436,28.58651416091881,0.9794828373401103,0
29,2146,32.5432057711559,0.8911230259221617,0
43,4644,55.65513432410535,0.7726151508249229,0
27,2619,48.42822060889299,0.5575261626490965,0
38,3686,26.31116048158723,1.4442540467415992,0
41,2993,6.231962145413367,6.57898733068772,0
40,2960,45.530364044403115,0.8785345964067041,0
35,3080,44.23436430292584,0.7912400359212342,0
41,3772,59.53717631553897,0.688645356351896,0
49,3773,45.94028488145883,1.0666020057654464,0
14,1526,29.753066809594685,0.4705397292182774,0
16,1616,38.22780519933338,0.4185435160760683,0
7,609,43.973289017744214,0.1591875467212685,0
35,3430,22.27927895579474,1.5709664603349587,0
39,2847,42.84359001382966,0.9102878630714892,0
34,3740,5.375348698672354,6.325171055116403,0
14,1582,22.241855688435844,0.6294438825659222,0
6,690,49.034798736582154,0.12236208069767668,0
40,4520,48.807487363543444,0.8195463884887022,0
33,3465,58.879613755505886,0.5604656330972304,0
13,1365,9.92208627478496,1.3102083211105466,0
14,1484,31.838342032381355,0.4397213895673721,0
28,2772,40.19195182301496,0.6966568860178238,0
15,1785,6.696829385972225,2.2398659328876342,0
20,2040,59.44424583058938,0.3364497222657708,0
47,2820,10.970401322695604,4.28425529909888,0
44,2948,36.1467256771857,1.217261015366904,0
23,2139,17.127895222499788,1.3428386676365474,0
50,5750,47.44190424000013,1.0539205961687146,0
23,1449,37.570381043244716,0.6121843686793131,0
46,4370,18.23506458622091,2.5226123978063284,0
13,936,26.350751118666174,0.4933445707659978,0
25,2500,12.264231725121306,2.0384481115756743,0
34,3468,6.142023123759429,5.535635297183507,0
32,3392,30.78545028162252,1.0394520693141367,0
21,2436,44.37965966635077,0.4731897485893176,0
29,3045,21.96980372994989,1.319993585580664,0
28,2156,7.633721929707612,3.6679355441327246,0
14,1470,22.72314581541469,0.6161118761339298,0
32,2880,37.86183630564507,0.8451782354578747,0
50,3600,14.19300887712279,3.522861179956932,0
33,2607,5.975669592659349,5.5223936812935515,0
42,3066,56.95712924354884,0.73739671499959,0
35,2415,54.69508240806815,0.6399112764630756,0
41,3608,44.42581566799824,0.9228868256781158,0
31,3038,29.352849023934972,1.056115540086821,0
21,2100,26.66838903462712,0.7874491396061797,0
16,1424,40.3070574077423,0.39695281742215877,0
30,2940,13.55010004715666,2.21400579299008,0
43,5031,25.416728064592544,1.6917991918834867,0
20,1260,29.463717812273792,0.6788009621673928,0
8,608,27.45488926771758,0.29138707943749315,0
48,5376,26.963152818164485,1.780207245187716,0
29,3045,54.5194091472722,0.531920658231326,0
29,2581,20.88175744191367,1.3887719977913098,0
24,1680,50.855494951847255,0.47192540398484967,0
22,2002,46.498361068173494,0.47313495561154806,0
13,1560,31.80890298820275,0.40869061107896193,0
42,4578,38.156722123267365,1.100723481024306,0
40,4520,24.858088061517126,1.6091342142247902,0
27,2025,56.84245812190896,0.4749970513606854,0
45,4635,13.140381401330963,3.4245581331027455,0
35,2695,40.401522143452226,0.8663039940853408,0
29,1885,29.408165006697107,0.9861206910868409,0
35,2170,32.99107118741148,1.0608931065371128,0
38,4370,26.131815883029276,1.4541660698244185,0
45,4770,16.215965101842045,2.7750429726127277,0
32,2048,10.470520355800954,3.0561995882345165,0
15,1455,41.48802893515535,0.36155007564819697,0
49,5635,41.64601621017473,1.1765831274884004,0
46,4830,32.900479343193986,1.3981559210782706,0
22,1562,26.26115600117469,0.8377392068732966,0
50,3350,17.399204636211422,2.8736945765865314,0
30,1800,14.448136867728692,2.0763922902064897,0
48,4080,56.67025009010631,0.8470052615557454,0
5,425,59.30188474068381,0.08431435226492508,0
48,3840,34.94182195112966,1.373711996676469,0
33,2838,11.867621635601001,2.7806751018253886,0
27,2727,45.12238245879817,0.5983726596141958,0
29,2726,6.816700286137207,4.2542577468127645,0
23,1725,58.789383571078325,0.3912270992294422,0
39,4251,46.72035503123814,0.8347539305710292,0
35,2660,37.21422472910649,0.9405005815592157,0
33,3894,30.576810721096432,1.0792492487528038,0
21,2184,39.56226974578664,0.5308087765170877,0
23,1679,39.36606042788488,0.5842596325363558,0
11,1155,12.21713092278372,0.9003750610125743,0
50,3950,8.096943064091747,6.1751700122160385,0
30,2400,31.889263950133156,0.9407554858247122,0
8,624,28.777630650146143,0.27799369924707035,0
23,2047,40.189789441925925,0.5722846603422719,0
12,1236,20.02413797149478,0.5992767337641458,0
26,2054,44.732023319607116,0.5812390781930845,0
21,1659,9.148166632214279,2.295541920503587,0
45,3240,36.47512323465578,1.2337175589648057,0
19,1159,20.691057952670633,0.9182710735942642,0
10,610,12.043736963364509,0.8303070741596821,0
46,5520,47.90014263150789,0.9603311696558914,0
23,2116,45.06408472819541,0.5103842702836369,0
11,1210,52.13521231206726,0.21098983800347795,0
30,2640,48.65819784729255,0.616545645487141,0
36,3672,44.20311215284992,0.8144222939668958,0
14,1582,30.566633480121773,0.4580157644480064,0
46,4968,47.81930532441012,0.961954584825777,0
50,3450,47.70136145074938,1.0481881120232577,0
36,3060,17.2690511600571,2.0846541982148468,0
17,1700,21.137458636170955,0.804259409449969,0
28,2856,21.682293497598536,1.291376302193363,0
26,2626,45.816998216472854,0.5674749768013406,0
45,2970,14.149635139500655,3.1802940186334774,0
22,1606,48.92704098434631,0.4496491011389523,0
40,3280,29.77786349277854,1.3432797154738936,0
21,1428,43.99899332824972,0.4772836469991888,0
17,1972,50.807657113272484,0.33459523555867904,0
44,4224,7.505451829416092,5.862405222234716,0
5,600,59.81017185871475,0.08359782031409538,0
7,679,11.843827931732116,0.591025134808445,0
45,2925,10.19222425335255,4.4151304839273,0
19,1311,29.995101468055438,0.6334367636740572,0
17,1462,35.03605722564885,0.4852144146960352,0
41,3075,6.405109558009031,6.401139532224406,0
32,2368,11.63672236374692,2.74991522524357,0
40,3880,15.652518747328033,2.5554992551488374,0
5,515,49.18773954702524,0.10165134738952217,0
12,1176,5.548046395292566,2.162923513073326,0
8,744,42.67212883419437,0.18747599940665197,0
19,1330,39.1777696884424,0.48496890331164194,0
9,756,16.69668710185075,0.5390290867343613,0
46,5290,16.378289740927038,2.8085960578077014,0
27,3105,26.38545672485729,1.0232909849373106,0
10,1090,10.225137352276027,0.9779819728068578,0
30,1800,8.815755063908828,3.402998357204614,0
46,2760,6.266128472677383,7.341055996629636,0
42,4704,40.96356900530013,1.0253012864813067,0
50,3200,56.39103519783176,0.8866657585658669,0
6,522,14.249741371069996,0.4210602735696856,0
43,3182,9.922112064892042,4.333754720645545,0
7,658,59.12110216384209,0.11840104030200463,0
26,2470,53.345307876997325,0.4873905697563944,0
9,954,36.41936568604454,0.24712127272026296,0
47,4653,7.81277535837056,6.0157879683107085,0
49,3822,17.460794653880008,2.8062869400455144,0
41,4674,29.443987064441075,1.3924744604141908,0
31,3596,23.575849864985443,1.3149048784044393,0
41,2747,13.616513562510546,3.011049767752783,0
8,848,57.38355495580799,0.13941276392096882,0
18,1728,47.60449363039744,0.37811556488243486,0
20,1560,35.738331232100734,0.5596232199570551,0
28,3304,35.230498879849975,0.7947659241355379,0
50,3400,50.51195288394622,0.9898647180574772,0
6,402,43.6497555683064,0.13745781441114263,0
34,3162,33.1343387751808,1.0261258035264498,0
37,4033,29.61010649980063,1.2495733509181781,0
37,2812,37.010546972785534,0.9997150279137109,0
41,4141,42.48162341640345,0.9651231921652187,0
46,3956,23.48612487338068,1.9586032284166508,0
42,3024,30.572301541419222,1.3737925469267853,0
20,1420,25.44037162180134,0.7861520380803255,0
5,465,46.83395097686294,0.10676015787073177,0
47,4371,42.244550534682055,1.1125695363101047,0
10,670,28.379151097789627,0.3523713576048042,0
28,2632,44.42489188387412,0.6302772795303927,0
40,2680,39.72023289838074,1.007043440614636,0
34,2380,24.801199734449153,1.370901422674872,0
14,1428,33.245507089758206,0.42110953405529244,0
15,1680,9.645011932658065,1.5552080292622465,0
16,1696,14.998659046773032,1.0667620318659359,0
49,3332,57.65401546089804,0.8498974374687338,0
17,1309,9.716133540763417,1.7496671828024581,0
20,1320,59.417589986659195,0.33660065991384913,0
30,2910,20.224863786038256,1.4833227218424963,0
18,1512,9.021167454324452,1.9953071585398174,0
12,924,56.71228111033787,0.21159438070659028,0
44,2728,31.15400251991734,1.412338590262037,0
14,1526,11.479798544976575,1.2195335959206564,0
26,1976,25.39276240798814,1.0239138059205735,0
10,880,5.655506195756528,1.7681883201725175,0
11,1089,11.35573783876362,0.9686732959306895,0
5,325,11.422439844928384,0.4377348506869155,0
11,704,38.77462776733932,0.28369066663911424,0
9,981,48.60109679581379,0.1851810060544808,0
28,2968,19.67398564550816,1.423199167901842,0
8,944,57.029006367830995,0.14027949125399197,0
26,1768,34.01003902767647,0.7644801577217212,0
10,660,37.66087413382621,0.26552755956926155,0
25,1600,31.261603601124943,0.7997030580702642,0
49,3185,53.23239945573021,0.9204920405804737,0
12,1356,53.60940928701144,0.22384130248022294,0
50,5300,29.703317567123673,1.683313652995488,0
27,1809,10.703876433616871,2.522450643694195,0
7,700,15.188105856733282,0.46088696418301023,0
16,1184,14.207439950473184,1.1261705174032508,0
45,4590,45.61881279009413,0.9864351404114465,0
26,1690,37.66979360553177,0.6902081883501991,0
24,2448,14.396236274851352,1.6671023968900378,0
50,3550,21.67430366649639,2.306879186033034,0
33,3168,28.563694112226894,1.1553127501765996,0
26,2106,55.54923110275922,0.4680532832561302,0
10,770,15.778996905458222,0.6337538475934951,0
18,1368,51.286567696343695,0.35096909012461075,0
47,3196,41.8568951738218,1.1228735386325264,0
11,1023,29.65889618771835,0.37088366102292986,0
37,2553,23.56722218842741,1.5699771362179755,0
50,4450,27.51635028237432,1.8171014501159208,0
36,2484,22.672684062981922,1.587813771849704,0
9,612,15.845174895881774,0.5679962549570303,0
33,2145,42.99269952830753,0.767572177650113,0
49,4312,8.727403922538146,5.614498931745281,0
33,2838,47.52345446361257,0.694393965515853,0
50,5450,42.09572761494574,1.1877689930283546,0
12,888,42.53702196208226,0.2821071961901063,0
35,3430,14.088211139404425,2.484346639447059,0
26,1898,42.714601960036305,0.6086911455788713,0
12,1188,11.132446845159873,1.0779301412265283,0
14,1428,25.111152526468064,0.5575212043829327,0
29,2291,5.4551632114192286,5.316064593501922,0
36,3672,49.91934378063131,0.72116332614869,0
19,1425,6.068636378247547,3.1308516140633675,0
18,2142,7.050985037348871,2.5528348031735284,0
48,3744,24.44534233758412,1.963564238010329,0
40,3280,52.947171665194254,0.7554700041946659,0
17,1972,49.63675820819996,0.3424881199673433,0
34,2890,38.03954959037989,0.8938065872525083,0
8,856,20.131529249792944,0.397386601918594,0
35,4200,10.939545174428433,3.1994017522605707,0
38,3914,47.114526276307984,0.8065453057332062,0
19,1520,57.075524976449174,0.3328922512379849,0
20,1280,35.240082187224836,0.5675355662833942,0
22,2640,17.978201462033596,1.223704164538352,0
28,2436,28.747926893030076,0.9739832755310293,0
49,5194,56.65216402748482,0.864927242253758,0
25,1525,33.248279080120234,0.7519186162915712,0
28,2492,20.019967983396313,1.3986036352916238,0
13,1209,30.704142645431805,0.42339563589586676,0
14,1414,48.03108616049351,0.2914778973188258,0
6,648,22.03541845846672,0.2722889066667398,0
11,1254,34.122164446634564,0.32237110917167855,0
10,620,18.587384855383313,0.5379992977927598,0
8,576,39.651976962489876,0.2017553880747956,0
30,2490,5.549004044200957,5.406375587588877,0
40,4120,35.61466645701445,1.1231327983452681,0
11,1100,11.90774932618772,0.9237681864706891,0
46,4002,21.36856560719346,2.1526947969083463,0
32,2336,15.323334990696694,2.0883182426950966,0
18,1404,51.82203427978898,0.34734259760659664,0
12,1128,19.68355042618939,0.6096461126257862,0
39,3393,35.04942934316932,1.1127142647074393,0
42,3024,34.4007869081393,1.2209023041290579,0
40,3680,35.08459687448307,1.1401014565765721,0
48,5184,48.12609043206841,0.9973799984387598,0
43,3096,46.263511613048,0.9294581950383642,0
21,1911,57.88596793395274,0.3627822207959064,0
43,4085,15.951856448083602,2.6956110180621558,0
36,3060,29.85415026260774,1.2058624909210671,0
23,1679,21.595829048329975,1.0650204698568222,0
19,1615,23.255945278393582,0.8169953864508076,0
37,3996,14.249690921597338,2.596547546439866,0
17,1496,46.97379108301113,0.36190393851664954,0
47,3478,5.143031340749569,9.138579348643441,0
16,1712,52.866611311997964,0.30264848839231034,0
37,2923,50.25602112047673,0.7362301904343241,0
28,2100,39.237053519462,0.7136111784263234,0
44,4092,17.404294678765055,2.5281116421043084,0
27,2538,47.01488770668906,0.5742861743804307,0
23,1725,36.794328856893884,0.6250963318139354,0
9,1035,54.894252861055676,0.16395158929988796,0
29,2784,11.236912193603809,2.5807801556469547,0
47,4888,8.047153652774849,5.840574447561752,0
6,402,9.648874094614332,0.6218342099985523,0
39,3666,5.971375680096885,6.531158327550952,0
43,4773,54.27732602618445,0.7922276786305935,0
45,5130,46.806130309058915,0.9614125265828832,0
39,2964,20.82260932688964,1.8729641126021928,0
13,1209,41.80005028648649,0.3110044105426055,0
22,2508,48.752312352879414,0.45126064669013866,0
24,1560,44.752059077213296,0.5362881729886757,0
12,768,13.65224762226648,0.87897614605439,0
25,2125,16.92910410526438,1.4767467814333923,0
30,3450,37.318193020722525,0.8038974444272051,0
36,3564,21.510940292542898,1.6735670087132342,0
28,2492,5.926464647826327,4.724570492505961,0
11,770,13.903580371497476,0.7911631181382708,0
37,2331,20.99013488236493,1.7627328365138766,0
24,2064,58.82922386216894,0.40796050711513093,0
29,2784,12.129394161044331,2.3908861081568746,0
47,4418,16.146703832483816,2.9108108061935067,0
24,1968,52.87986668320596,0.4538589354579845,0
12,1176,5.86573295579065,2.0457801421310196,0
32,3008,12.40115107322935,2.580405626142168,0
45,3780,53.47676475542491,0.8414869561725873,0
42,4242,31.534029546984986,1.331894483621922,0
35,3885,50.21099723651607,0.6970584518593501,0
7,658,25.01441922444103,0.279838597778055,0
35,3290,49.70885687576399,0.7040998767578694,0
19,2166,27.242292296324138,0.6974449797884194,0
13,975,31.492880387561904,0.4127917116509401,0
50,5350,16.16634845529167,3.092844382160629,0
13,1508,50.708769890582246,0.2563659112230682,0
33,2805,56.468856401211276,0.5843929221009005,0
11,770,51.39777319792441,0.21401705396147808,0
43,2795,21.22628645414821,2.025790054840073,0
29,3103,27.679799171236795,1.0476954626945083,0
7,672,49.60480232275229,0.14111536932361288,0
32,2464,31.170154470712955,1.0266230804235108,0
24,1896,14.681866729598703,1.6346695173043564,0
46,4876,53.07354347664975,0.8667218539918702,0
7,693,16.64329016006223,0.42058991537607293,0
14,1008,37.73147728462781,0.37104298605620045,0
5,565,9.806417616711162,0.5098701886282587,0
7,630,19.858393925136653,0.35249577717055136,0
32,1952,17.30847824986222,1.8488049346715232,0
13,936,6.39959332597317,2.031379079548484,0
11,1122,57.82058762418218,0.19024365631662127,0
31,1953,42.89763373773269,0.722650582303155,0
10,1180,13.550151156376549,0.7379991473596302,0
7,728,19.557896849212145,0.35791169438967474,0
23,1495,24.711974805371334,0.930722865377832,0
15,1755,53.98032800649208,0.2778790080378168,0
28,2240,45.49579297255162,0.615441520425699,0
21,2121,34.15197675011483,0.6148985212087144,0
9,1080,14.309253170073488,0.6289636428281727,0
16,1440,55.76633402454322,0.28691145437242244,0
25,1750,20.738445525470013,1.2054905450505506,0
23,2070,56.97837446563017,0.4036619193809011,0
11,979,42.64240796505542,0.25795916611965897,0
18,1278,25.676453802417722,0.7010313861295403,0
37,3774,50.70066017217652,0.7297735349865294,0
20,1900,54.29529071544079,0.3683560717046182,0
5,310,20.37069377290497,0.24545064864950708,0
41,3936,45.54245085543036,0.9002589722312072,0
47,3102,44.403874289035635,1.0584661981084251,0
5,490,18.89143141093807,0.2646702566490022,0
23,2415,27.52290180642854,0.8356676981868197,0
14,1008,55.09672121052688,0.2540986050060114,0
37,3848,11.199827282497102,3.3036223744113418,0
26,1898,30.306427510765232,0.8579038222424753,0
21,1806,17.257093418784798,1.2168909033743163,0
42,3612,44.301484022109314,0.9480495050468123,0
17,1615,43.249863727403465,0.39306482228818357,0
18,1818,47.46802341683564,0.3792026443135165,0
18,1548,48.64725727342992,0.3700105824841889,0
7,791,16.73461692228827,0.4182946064738976,0
18,1620,26.053839889579898,0.690877048307916,0
6,720,14.925727877236522,0.4019904455815988,0
10,850,44.680796051682904,0.2238097993695739,0
9,954,53.37253383469273,0.16862605826201008,0
42,4242,9.49799706123822,4.4219849436892344,0
11,1111,27.15490580966768,0.4050833421077006,0
9,1053,34.60448549541387,0.26008189028537265,0
15,1545,13.0214790304798,1.1519428756817112,0
22,1782,5.763279635238472,3.8172709624369436,0
14,1372,22.962172254175766,0.6096984137663214,0
16,1744,6.399192172191999,2.500315597573203,0
32,2624,40.83824369437894,0.7835792410535164,0
39,3705,24.55498884811732,1.5882719491843797,0
6,630,54.65385938652493,0.10978181719183985,0
24,1824,52.78681520894849,0.45465898832880314,0
10,990,26.16722158036745,0.3821575007223054,0
18,1224,14.48529841371466,1.242639225365052,0
38,2508,43.0277316456546,0.8831513664940701,0
23,1472,14.059952731548615,1.6358518722748718,0
41,4346,14.37057691952386,2.853051775833538,0
29,3219,58.36014959202077,0.4969144219596893,0
44,4268,36.97291505410044,1.1900603437845572,0
28,2660,41.79528744212187,0.6699319878772078,0
47,4418,34.559047076826644,1.3599912027526813,0
16,1408,47.820371189717086,0.3345854413493242,0
35,2555,17.89906136186758,1.955409800123067,0
50,3800,44.86457858137873,1.1144649427455617,0
50,4650,44.59330391522051,1.1212445728412173,0
39,3432,32.307943184904076,1.2071334834531589,0
47,3384,35.330881540983725,1.33028098790799,0
21,1386,58.11270001872058,0.36136679234031466,0
39,3276,38.58931787011827,1.0106423785790664,0
34,3094,6.5801821214865335,5.167030239023086,0
12,804,7.466916542331353,1.6070890751181892,0
10,840,19.62862330725069,0.5094600799795298,0
45,4590,28.652433574614566,1.5705472236001978,0
40,3120,25.590684141486733,1.563068801867371,0
39,3237,19.390427752377136,2.0113016844210083,0
39,4290,55.37507544551958,0.7042879794966583,0
10,1140,26.382506410184096,0.37903904369525065,0
26,1872,26.55467785411306,0.9791118590419222,0
11,682,58.53203775331485,0.18793126674249497,0
27,2538,45.61595431718962,0.5918981725616447,0
45,4500,54.94690775544026,0.8189723833102251,0
35,3430,27.688587410722196,1.2640587069619347,0
41,4387,19.74579051780956,2.076391925814283,0
18,1350,18.070395264545578,0.9961043871196501,0
13,819,25.827228688072054,0.5033447512703471,0
42,3108,47.18708373566664,0.8900740769503,0
23,2323,7.351519463940242,3.1286049248480854,0
45,2745,46.42240409158274,0.9693595340565171,0
36,2520,47.70807454080339,0.7545892460868485,0
42,3822,30.079307355801006,1.3963087481766765,0
38,3686,53.27000067351837,0.7133470906616789,0
47,3525,58.25180102862549,0.8068420060849921,0
50,5850,35.03389442268184,1.4271893211971525,0
7,497,50.34198199356888,0.13904895522179164,0
50,3950,39.72516510469149,1.2586480098504378,0
35,2100,35.00409254022821,0.9998830839501551,0
19,1387,18.194481660201337,1.0442726731567549,0
35,4025,6.507956323138201,5.378032405589756,0
41,4920,38.547908626184444,1.0636115281271037,0
21,2478,28.974410277880168,0.724777477732893,0
38,2280,26.012858275187753,1.4608160163716468,0
29,1885,23.320377360544438,1.243547630111032,0
41,4756,40.87990355762133,1.0029377868323341,0
44,3608,16.786170897417918,2.6212052926714913,0
43,3053,22.272384126377247,1.9306419894704931,0
41,4510,14.046581406749077,2.918859672169087,0
15,1620,23.460608927338768,0.6393695937926156,0
34,2958,41.3150891080599,0.8229438864593216,0
46,3128,51.28619861086433,0.8969274628643559,0
29,3248,7.095121187493296,4.087315668563751,0
36,2268,6.520919516227359,5.520693808658997,0
46,3864,21.309145237669714,2.158697567966381,0
50,4150,46.78311326766814,1.068761707112704,0
30,1920,21.230150728574404,1.4130846447369754,0
5,340,7.9391150379100655,0.6297931162509299,0
36,3420,30.293268749916454,1.1883828152450298,0
37,4144,42.43667586366467,0.8718873296972894,0
9,873,39.89741244905892,0.22557853874587017,0
20,1200,51.61413179840716,0.3874907763268278,0
14,1414,7.6926322082937455,1.8199232227567075,0
31,2945,57.009246748714595,0.5437714365292674,0
30,2220,37.27014238365118,0.804933871493867,0
24,2496,24.377034680304423,0.9845332016281271,0
26,2080,7.844149249392803,3.3145723230613693,0
11,737,39.76017723370991,0.2766587265278551,0
41,4797,18.67196514888673,2.1958052981072815,0
15,1350,55.667579128062044,0.26945666103950433,0
18,1710,21.352719140374585,0.8429839722831773,0
30,2730,44.51431456715559,0.6739405131071069,0
46,2898,46.499858616630476,0.9892503196460967,0
42,3990,20.383962623482617,2.060443338510413,0
46,4416,16.638007611184413,2.7647541144937238,0
7,553,56.57909537705208,0.12372060658359572,0
42,3360,24.824858873471424,1.6918525182385806,0
22,1826,53.38707174661562,0.41208478532810056,0
46,4600,18.86879329859458,2.4378877478840293,0
34,3808,20.29800720248224,1.6750412816802107,0
7,644,31.089833269660005,0.22515398970734177,0
42,2688,8.136084864299885,5.162188042591677,0
29,2175,55.21734431017399,0.5251972973763,0
44,4488,39.950182153188635,1.1013716991647842,0
33,3762,33.68942667243979,0.9795358146298232,0
21,2163,9.28333683670262,2.2621176382369703,0
7,504,50.03918387149363,0.13989037107353317,0
24,1800,57.81987789466879,0.41508216333007664,0
42,4620,16.238004801966643,2.5865246692692954,0
46,5336,26.724435866437798,1.7212711329023656,0
39,2613,16.803968644352423,2.3208803125865956,0
14,1246,55.082447219289456,0.2541644517765236,0
27,3024,56.52223949862017,0.4776880788783878,0
26,2912,5.387968731573215,4.825566237539828,0
18,1476,45.91333254229649,0.39204298628111905,0
12,1020,38.91452920825213,0.3083681145358764,0
36,3780,48.5098325737338,0.7421175891564014,0
19,1273,5.709049919474154,3.328049372136168,0
48,3744,46.69214183240735,1.028010241472472,0
47,2867,23.60218632026744,1.9913409445310843,0
30,2160,27.395495101801213,1.0950705540644725,0
27,2862,27.56498014954018,0.9795036982985238,0
5,320,20.97088280176035,0.2384258234269607,0
50,3750,44.79788631178103,1.116124087909275,0
25,2975,36.630110637086034,0.6824986210849397,0
23,1794,42.89796643941507,0.5361559511797132,0
40,4080,25.35904627312249,1.577346386342421,0
45,4500,24.708150051144614,1.8212614018796345,0
25,2400,53.82761039008846,0.46444565937118715,0
10,1120,50.978973690231435,0.19615930404491833,0
50,3650,31.98452731591899,1.563255867630551,0
22,1672,57.88862533300231,0.38004011795833403,0
44,4048,35.96630016513002,1.2233674244497017,0
16,1824,40.96760545588404,0.39055248218570154,0
23,2553,20.523131026274484,1.1206867008038166,0
45,4275,46.446590551905985,0.9688547526370238,0
20,2180,22.8496783181733,0.8752858452319291,0
23,1863,48.4134181715699,0.47507490420303405,0
48,5712,57.18354554019448,0.8394023061452295,0
23,2277,11.1363268736125,2.065312940346466,0
10,720,12.177589265950557,0.8211805950756397,0
47,3431,27.28366267368585,1.722642614451097,0
24,2040,58.09579174293291,0.4131108171517344,0
49,5047,5.8430386751074055,8.386047521600444,0
21,1302,22.42860970815496,0.93630413446289,0
17,1054,26.988124196594477,0.6299066906674885,0
11,891,23.88357206239724,0.4605676224336063,0
39,4056,46.98419758888717,0.8300663201966524,0
32,2048,18.880066734083115,1.6949092633360354,0
9,819,51.27317843754701,0.17553037034679636,0
9,819,48.258306850265726,0.18649638968737345,0
28,1708,23.560364313737743,1.188436631418028,0
43,3182,41.677854700554406,1.0317229691629979,0
22,1738,27.205778936341048,0.8086517225431377,0
41,4428,19.8656539312568,2.0638635980409497,0
10,680,19.46426670592951,0.5137619696175681,0
24,2352,37.68174029981507,0.6369132584918799,0
28,2240,40.684794463943916,0.6882178064046616,0
37,3515,52.52969285014803,0.704363532175036,0
17,1343,48.189945958872805,0.35277067989469146,0
46,4508,40.50820283817459,1.135572471179837,0
30,3150,22.738982426147484,1.3193202509142667,0
14,1414,57.761390243819406,0.24237643763254174,0
28,1904,38.52692981560304,0.7267643732322596,0
32,3328,57.531726869376634,0.5562148355576855,0
31,1922,24.886068413823484,1.245676877701598,0
9,558,26.01514035336709,0.34595239071370787,0
7,539,7.195035710542047,0.972893017020571,0
39,3081,29.849670532713137,1.3065470842386266,0
24,2592,45.03290984554361,0.53294357576085,0
24,2112,24.265269343298556,0.98906794152805,0
36,3348,36.596933801340285,0.9836889668249086,0
32,3360,17.948503465907653,1.7828784478205948,0
34,2584,26.925565502443668,1.262740424037307,0
45,4140,21.19545196873784,2.1230969769539523,0
15,900,30.812017864208276,0.48682303334064453,0
35,3500,57.50737563870315,0.6086175835929571,0
47,4700,29.56910585342684,1.5894968293250926,0
27,2808,5.123948972129543,5.269373318676639,0
47,3807,28.32543532009172,1.6592860610570066,0
21,2205,31.588777858111484,0.6647930506943478,0
17,1785,13.55511168106831,1.2541394272496462,0
27,3186,18.297813252044918,1.4755861603835392,0
13,949,59.62233158129521,0.21803910808611143,0
47,2961,38.29100628378859,1.2274422785252987,0
43,3440,45.8347889924109,0.9381520226289191,0
20,1720,36.23744310495259,0.5519153197998837,0
40,2840,51.95337282147384,0.7699211394311407,0
15,960,26.786966072690547,0.5599738305299374,0
45,5265,27.141158624634542,1.6579984893922681,0
15,1080,21.697567156543204,0.6913217455108344,0
36,3096,34.67054227354413,1.0383454552272848,0
10,760,6.961649302531939,1.436441217509049,0
16,960,33.36352351964602,0.4795656547060577,0
12,792,26.9084856189952,0.44595597723005925,0
9,720,45.90783944206959,0.19604494808249395,0
14,1106,56.53230414830287,0.24764601781086765,0
25,2200,34.466737540609124,0.7253369997826078,0
19,2052,10.91339732021132,1.7409794074676002,0
37,2886,43.6533513799512,0.8475866990820113,0
37,2923,50.15126954433212,0.7377679635266896,0
5,350,57.60326096220709,0.08680064143036015,0
19,2223,21.52540364536968,0.882677988902061,0
47,4982,58.43069206354433,0.8043717837345951,0
29,3161,45.91954500901167,0.6315393585521977,0
29,2987,23.855760362830242,1.215639307191609,0
23,2507,5.972933397236897,3.8507042470354502,0
39,4173,22.142366074904885,1.7613293840444975,0
24,1728,34.63725621173481,0.6928955299833768,0
43,3612,24.769425508874125,1.7360111959235558,0
15,1665,27.703742267579933,0.5414430965723219,0
19,1805,43.64572927279953,0.43532323360308695,0
47,5593,38.14541149206122,1.232127224785125,0
12,1140,21.20176433925698,0.5659906320994672,0
48,5232,5.116248184966529,9.38187481620656,0
41,2829,30.546750451116708,1.3422049610681632,0
49,4802,53.563278325932615,0.9148058433211451,0
36,3888,23.792154166444504,1.5131038470981728,0
20,1640,16.53685610924375,1.2094197269346998,0
43,2580,29.98121783059622,1.434231265819961,0
9,828,10.808698701959472,0.8326626773645214,0
26,2860,8.051927790468419,3.229040383444305,0
33,2673,40.12993821685267,0.822328701870305,0
27,2349,20.170346970631307,1.3385986884267729,0
11,1012,40.89890434505998,0.26895586021557194,0
15,1680,27.12088997413515,0.5530791951999109,0
5,455,11.573724440984577,0.4320130503793686,0
25,2075,31.611891593262467,0.7908416339542402,0
39,2886,25.030502647038563,1.558098954301831,0
46,3220,13.505281650196592,3.4060748373456096,0
11,1210,5.265449123505166,2.0890905489705673,0
38,3838,33.679308692012,1.128289192260433,0
30,2550,32.856342889596434,0.9130657085240956,0
13,1378,24.19092544296733,0.5373915946559745,0
27,2268,43.19726084679953,0.6250396314654386,0
44,4840,13.000369100782978,3.384519290098463,0
29,2697,24.016913865939653,1.2074823668800874,0
41,3075,30.432680917516546,1.3472358912816347,0
20,2060,10.644475653853466,1.8789088960675757,0
14,840,53.431663627519974,0.2620169212322504,0
18,1224,36.6414657711451,0.49124672338230735,0
18,1872,25.48252810708248,0.7063663355676698,0
7,819,11.612025323778212,0.6028233494863242,0
10,820,5.143771603999165,1.9440987605719562,0
21,1512,43.46482293430418,0.4831493281760492,0
12,756,22.501408607281125,0.5332999462138995,0
12,804,20.025623894540523,0.5992322667795381,0
47,3619,31.720288733259608,1.4817015190255562,0
17,2006,56.50155096245153,0.30087669648745496,0
10,630,26.22832813439927,0.38126715316195425,0
26,2964,48.301300895283994,0.5382877793781858,0
29,2958,57.87265999503903,0.5011001741147882,0
21,1932,42.153190420727846,0.4981829320722955,0
26,2340,36.57128126013073,0.710940363698569,0
27,1836,45.492912324326745,0.5934990445877016,0
22,1870,13.718081703582014,1.6037227708197308,0
10,810,40.05205565917072,0.24967507498482916,0
8,952,31.5899040977735,0.25324546650218704,0
34,3706,31.38890468606753,1.0831852955701078,0
42,3864,59.475382159810835,0.7061745292723913,0
46,3634,54.51476059952423,0.8438081630390845,0
41,4551,44.59631590370869,0.9193584530284122,0
39,4602,43.304598169888216,0.9005972032577036,0
8,856,14.376670048956568,0.55645709143757,0
24,1512,46.53330931174166,0.5157595785680372,0
45,3645,26.4948573850951,1.698442808954885,0
39,3900,14.98349106013455,2.602864702456717,0
33,3729,25.489904983537407,1.2946301691321709,0
7,749,31.020295061304715,0.22565871749981928,0
9,693,28.885906554582128,0.31157062642274397,0
6,450,43.62492445033959,0.1375360548034896,0
13,1443,21.408029908153964,0.607248777947966,0
14,1036,51.58325109790534,0.2714059254122605,0
7,700,21.89864286217837,0.31965451211087853,0
21,2457,14.502784247720253,1.4479978217493699,0
42,3066,45.58680137651177,0.9213193014599212,0
46,5290,49.72483833915726,0.9250909914728868,0
32,2112,21.585607748463627,1.4824692625241291,0
49,4557,37.51549119624766,1.306127107430784,0
42,3864,37.35375078731835,1.1243850781983336,0
28,2632,12.689697669678782,2.2065143495817243,0
47,4747,44.963454574016545,1.0452933486823393,0
37,4218,16.841276080828703,2.1969831634147376,0
7,686,49.67441261154482,0.14091761999764707,0
15,1635,58.801487245463235,0.2550955886095774,0
18,1530,41.943167064669964,0.4291521422845048,0
49,5292,16.999069368220418,2.8825107385940187,0
40,3120,28.280370415905228,1.4144086308538415,0
31,2201,35.526392843892864,0.8725906999964121,0
18,1314,45.646859496343716,0.394331618836599,0
44,5148,32.69266194872405,1.345867769012222,0
25,2650,31.65786388688656,0.7896932051172156,0
26,2496,27.669260992370557,0.9396709224423871,0
41,2706,49.62311316471593,0.8262278882807514,0
6,528,48.20765120886984,0.12446157092374677,0
46,3772,10.185423152679114,4.516258118142144,0
31,3627,30.069666643221804,1.0309392640702224,0
15,930,10.350306833023863,1.4492323988058737,0
11,891,11.124418141213194,0.9888157619001882,0
15,1395,50.76850896135416,0.29545874611795775,0
46,3450,48.46645256082357,0.9491101074969689,0
35,3325,20.012750889029945,1.7488850080668004,0
47,5640,54.02879851060717,0.8699064442599581,0
17,1394,11.337046149184854,1.499508758833298,0
27,1701,26.503041345618797,1.018751004758303,0
11,1067,8.697893028614438,1.2646740956473093,0
36,3492,27.979568565629428,1.2866531489060558,0
33,3399,32.33642311149466,1.0205210355584893,0
48,5088,35.665468742764574,1.3458395947687558,0
50,3000,11.598766949013505,4.310803055168945,0
10,1070,35.50543145256359,0.28164704922288647,0
46,4968,31.919753643271346,1.4411138793264702,0
5,590,54.90278658478401,0.09107005875336974,0
42,4914,25.22202731647802,1.665211105871756,0
46,4002,49.973173404268,0.9204938743408144,0
18,1548,44.97317982066734,0.40023854376710394,0
26,3016,39.64368506722202,0.6558421588687571,0
39,4407,56.155595383821314,0.6944989138381761,0
17,1173,24.395649385390215,0.6968455617410523,0
25,1825,23.284131054576342,1.0736926338973862,0
48,4944,59.56591559434722,0.8058299703959421,0
16,1728,25.896803206102174,0.6178368763380745,0
10,900,40.51413675350906,0.246827423742007,0
15,1215,32.94396619805782,0.4553185827662824,0
10,670,51.21592277986231,0.19525177829914878,0
11,935,49.45528052257949,0.2224231645997397,0
46,3956,18.410504463837345,2.498573577402784,0
13,1456,48.533920047607076,0.2678539047999473,0
5,565,9.805548001851417,0.5099154069773494,0
34,3910,51.32272423427586,0.6624745764624301,0
18,1944,28.568149358851826,0.630072314937079,0
10,1060,54.13147286597795,0.1847354130702968,0
50,3250,52.19587185935615,0.9579301622689048,0
39,4251,19.408579473865505,2.0094206303204825,0
22,2200,36.08399961585172,0.6096885110910873,0
32,3232,53.61686888117574,0.5968270931843771,0
25,2400,18.534929425280126,1.3488047041550666,0
21,2205,50.580793692152014,0.41517735225373315,0
43,3999,38.390364931779324,1.1200727077331023,0
45,3960,26.02891390772893,1.7288466264678781,0
32,3456,33.11940980197673,0.9662007925663604,0
32,3360,47.89226932425586,0.6681662917942595,0
22,1848,45.87612683593955,0.4795522533686324,0
8,944,28.95190968184969,0.27632028725950675,0
19,1843,28.080143249739024,0.6766347247953084,0
34,3026,52.52389646636785,0.6473244044598045,0
39,3081,48.192380266112906,0.8092565626484184,0
39,3081,26.148771057121984,1.4914658862859944,0
43,2838,55.11741269989279,0.7801527302112212,0
38,2356,17.72820603642842,2.14347689337074,0
48,4032,36.00159454619287,1.3332742786826355,0
50,5850,20.83765791212624,2.399501911916073,0
10,1120,23.64123082910897,0.42298982114278083,0
18,1872,26.90425716888469,0.6690390999093392,0
24,2712,50.45643917799579,0.47565782268809953,0
9,846,36.65581699647268,0.2455271969757502,0
45,3645,33.65271561268964,1.3371877775899776,0
45,4095,55.37960395489019,0.8125735250229495,0
18,1710,46.90026444312749,0.3837931451714367,0
48,4464,10.158592667002175,4.725063950631354,0
48,3936,24.463883623233514,1.9620760439856768,0
33,3465,17.380051274120213,1.8987285756250152,0
15,1440,29.523342437447553,0.508072554175774,0
44,4840,18.51968276332967,2.3758506321243917,0
11,902,27.584922089641008,0.3987685723473854,0
9,774,46.1486700939016,0.19502187130608822,0
37,3885,50.59163377466666,0.7313462175346359,0
36,2952,7.240922072150433,4.971742499268274,0
44,4664,27.479384538878097,1.601200344853007,0
26,2288,22.48317298286614,1.1564204047095108,0
18,1332,37.249432628254716,0.483228836788953,0
17,1190,20.228756798345827,0.8403877791140455,0
45,4725,9.107092147740698,4.94120398366274,0
26,1586,32.449867832434556,0.8012359290416669,0
24,2616,6.981991926107186,3.43741445908277,0
8,856,18.502756788341415,0.4323680028611087,0
21,1302,42.42194946321031,0.49502675538784185,0
25,2800,46.2366433442482,0.5406966897200157,0
14,1582,6.804242354985092,2.057539880210612,0
13,1118,27.35918772468106,0.47516030559169486,0
47,5217,7.5239381400129375,6.246728657968363,0
23,1817,9.615881171417776,2.3918764791275864,0
41,3280,56.71504121775316,0.7229122842842266,0
19,1330,57.19444837680459,0.3322000742943701,0
21,2436,16.745496372455598,1.2540685288100846,0
19,2242,27.26614491832965,0.6968348498444039,0
23,1978,5.063824815460226,4.542021266174005,0
39,3471,16.853677837344158,2.3140349766022177,0
13,1040,32.25126398159087,0.4030849769925435,0
7,819,38.48996508943621,0.1818655845422211,0
46,2944,20.95935942584135,2.1947235631297675,0
20,1800,32.78066751307528,0.6101157028612235,0
8,568,45.01727511901921,0.17770955658353707,0
22,2288,22.232866677033694,0.9895260165764299,0
40,2560,42.050009298724625,0.9512483033199519,0
39,3744,30.96174926446877,1.2596187530255534,0
23,2254,7.683869471513923,2.9932835383613563,0
28,1848,44.5929760456069,0.6279015774000676,0
11,935,35.65808101908151,0.3084854732960428,0
47,3901,34.92486749252947,1.345745979138029,0
9,927,15.582425656044258,0.5775737486999655,0
42,4368,54.89018871892431,0.7651640662973308,0
29,3219,47.46658009412111,0.6109561704781791,0
24,1536,41.5092374866721,0.5781845548886796,0
29,2871,26.31388352671161,1.10207981921641,0
10,730,34.81141158034339,0.2872621231379942,0
18,1368,35.49861432034126,0.507062045790495,0
22,1694,18.764242382745124,1.1724427531500208,0
50,5550,56.666785099533215,0.882351097069946,0
15,1140,21.868721055271337,0.6859111679228416,0
30,2280,39.20111419426798,0.7652843705240048,0
33,2277,33.388841899256846,0.9883541363779527,0
29,2552,33.90150709506486,0.8554191976976037,0
5,420,43.87991431586185,0.11394735103647602,0
17,1938,12.300338709026978,1.3820757624766895,0
14,1260,34.028743644565075,0.4114168935013274,0
21,1428,14.733194664187852,1.4253527818406515,0
21,1575,30.91418255286496,0.6792998638760329,0
33,3333,59.58142385121007,0.55386390366248,0
46,3680,37.824755427074386,1.2161347636123483,0
22,2024,45.781652497090214,0.4805418502837632,0
42,4872,48.94602190279447,0.8580881217152011,0
40,3200,17.075183547615687,2.342580967780311,0
30,2070,13.094704020895444,2.2910025268328695,0
33,2244,34.078135515774775,0.9683628373601688,0
45,4050,10.27980917273138,4.3775131662335465,0
50,3400,51.62968431538914,0.968435129189752,0
18,1746,49.831263802082745,0.3612190144623158,0
24,1632,38.67105155235061,0.6206192755712939,0
35,3675,49.15037100661425,0.7121004233170486,0
14,1050,10.054557008831349,1.3924034631961606,0
46,2852,23.40328710528943,1.9655358579779776,0
48,4416,14.211740648737146,3.377489160996283,0
14,1134,43.632313107945265,0.3208631173269303,0
42,3990,43.609218953893404,0.9630991108647284,0
25,1525,47.50930387216099,0.5262127196658262,0
26,2158,55.16079234486247,0.4713492844237864,0
27,2214,15.58573345566713,1.7323535062883118,0
30,2010,38.280875936362186,0.7836811270952042,0
18,1296,46.680903082051735,0.3855966532687066,0
20,2140,54.024728147197294,0.3702008447966168,0
11,715,14.57041044342776,0.7549547106246237,0
24,2256,54.25057094155057,0.4423916575155963,0
9,630,21.385322430884887,0.42084939467651483,0
49,3087,46.27327153682788,1.0589266410740372,0
21,1428,26.13984212277547,0.8033713402462688,0
40,2720,24.43703575039975,1.6368597406232326,0
7,630,8.297558898420952,0.8436216103668898,0
18,2106,49.4826794863162,0.36376364794428057,0
18,1530,50.974487471681556,0.3531178221262106,0
14,1288,9.94108801865111,1.4082965540324868,0
49,4802,18.92793589503058,2.5887661640308424,0
28,2240,40.363976943261484,0.6936878405058753,0
18,1764,29.050004964030343,0.6196212366327497,0
19,1824,58.81063879968634,0.3230707978655953,0
48,5424,30.330828975361012,1.582548239581331,0
48,3600,24.810050477647696,1.9346998122089674,0
30,1830,59.102305845192745,0.5075944088980098,0
5,565,38.55145916173732,0.12969677695008094,0
43,3096,59.78886217630002,0.7191974965706065,0
39,4641,48.74792781575031,0.8000340065203596,0
6,426,26.305396306180082,0.22809008198026595,0
22,1848,5.4295173373726655,4.05192554567765,0
25,2150,24.37208185988973,1.0257638286183366,0
9,1053,31.915138718712367,0.2819978342980898,0
50,4650,58.93127601312383,0.8484459082281731,0
47,3337,39.218958833419066,1.198399993218346,0
20,1640,28.29981902896937,0.7067183001957297,0
32,3040,50.10800698377231,0.6386204905408298,0
27,1971,17.000271175416838,1.5882099597942427,0
26,2028,46.998441108972855,0.5532098381670818,0
13,1521,9.161392129985886,1.4189983154907295,0
30,3150,40.97294691084861,0.7321904393471086,0
27,1647,25.590120382729186,1.0550946848308829,0
21,2520,7.091439338270676,2.9613170187705613,0
46,4186,34.01848666810798,1.3522059475715766,0
38,4218,34.365845964307255,1.1057490055524086,0
11,968,19.082173975445397,0.5764542349396146,0
39,4368,9.872626077391827,3.9503167337927896,0
29,2146,30.38661971308821,0.9543674246697812,0
41,3239,38.54913443322502,1.0635777068100032,0
6,456,38.66509753879596,0.15517871108380607,0
12,1236,58.687827719882094,0.20447170164955134,0
20,1540,52.24328456677003,0.38282432212773315,0
39,3822,28.63131820275334,1.3621447578424646,0
32,2272,36.66307075705396,0.8728128697142263,0
38,3876,24.0167289191827,1.5822304581057476,0
37,3515,34.534653327668735,1.0713876189501534,0
26,1924,56.22477633135039,0.4624295852556847,0
7,504,41.28909362392058,0.16953629604367468,0
35,3990,11.595480225770851,3.018417462539655,0
38,2774,34.284123928560106,1.1083847462219798,0
8,792,19.477533255258983,0.4107296286011977,0
6,372,27.792147228078452,0.21588832092607044,0
15,900,28.229896839562507,0.5313515697648034,0
33,2574,20.217579325416533,1.6322428847114276,0
41,2993,36.48859743228927,1.1236386949671715,0
36,3168,5.4292807110532,6.63071259636832,0
35,2100,30.552573784578275,1.1455663358111783,0
12,1032,9.206631323521352,1.303408334527535,0
38,2736,30.509362948062435,1.2455192874623189,0
25,1600,18.015114753844482,1.38772360551658,0
13,1118,45.032894281290254,0.2886778699765049,0
17,1207,55.46370210570152,0.3065067666706014,0
28,3220,33.36309660103205,0.839250634760739,0
6,690,22.11379629793955,0.2713238341875768,0
47,3102,35.82318536521154,1.3119994640577786,0
21,1722,8.802683319628215,2.3856362017675017,0
34,2312,24.463703295636925,1.38981410905453,0
48,5088,42.78926925408036,1.1217765770894241,0
34,2754,55.08196037180216,0.617261981427325,0
42,3570,20.3376745951159,2.065132854966925,0
41,4346,28.14564521592711,1.4567084778287067,0
7,735,44.41578630708353,0.15760162280147733,0
21,1659,34.859759038400824,0.6024138025987734,0
22,1738,14.10978510909653,1.5592016341777364,0
15,1320,56.13268482521969,0.2672239898502181,0
11,792,22.222396269463403,0.49499612312806684,0
6,696,9.077393139490582,0.6609827191352337,0
31,2263,37.167628908315244,0.8340591237732842,0
14,1428,54.65774170473293,0.25613937867447073,0
15,1440,20.56904967294763,0.7292509979072085,0
46,4968,52.30888980665929,0.8793916324743691,0
43,5160,47.846770899619294,0.8987022361490677,0
44,3080,50.439493884906376,0.8723323057205904,0
16,1632,37.06473792077792,0.43167713836796473,0
41,2542,13.153823932104272,3.116964330040341,0
26,2158,23.49221931127524,1.1067494158596218,0
45,3375,11.379016899160614,3.954647435607506,0
10,1060,24.798917557031608,0.4032434067737989,0
19,1406,30.57259504261218,0.6214716144808035,0
18,1134,42.577151772362896,0.4227619568409909,0
13,832,36.708837084542665,0.35413815943175253,0
13,910,20.22789123740096,0.6426769774183512,0
21,1932,11.394787654213971,1.842947901906173,0
49,4214,37.34006437479965,1.3122634044806172,0
29,3219,39.86524768632371,0.7274506414254344,0
49,3136,32.13137616054209,1.5249891493963736,0
10,720,5.42539917921531,1.8431823483717058,0
5,365,26.143850247212868,0.19124956548942282,0
40,4400,34.632475528321045,1.1549852960204825,0
44,5060,43.475426491218535,1.0120659772915033,0
22,2266,57.22278187374679,0.38446225925435773,0
18,1692,9.675537314633614,1.8603617984890808,0
21,2226,9.833903059424618,2.1354694949808373,0
36,4032,20.920217303183982,1.72082342541064,0
42,2856,53.69498881804626,0.782195898062731,0
46,3174,51.513976717122965,0.8929615403718162,0
40,2440,22.159713101691008,1.805077521375834,0
9,828,20.72361736660713,0.4342871150720093,0
44,4312,57.60653555974903,0.7638022243910773,0
9,648,51.718236362029735,0.1740198551435443,0
43,2881,22.903012684790756,1.8774822592905032,0
27,1674,37.65666262370218,0.717004591453238,0
38,4294,23.18446648783705,1.6390284425969182,0
30,2700,16.281536363254514,1.842577956445586,0
45,4455,29.658921832093437,1.5172500286678066,0
16,1888,57.679983901462606,0.27739258782272797,0
6,456,45.694633876736475,0.1313064465334222,0
9,810,22.161013947465005,0.4061186018534819,0
22,2398,32.78219926123369,0.6710959147275977,0
21,1260,54.48792343321641,0.3854065025204866,0
18,2142,53.81761400650205,0.3344629882295656,0
32,3776,14.652757060586838,2.1838893436699354,0
16,1232,37.86227495908598,0.4225842218221071,0
37,3182,37.600401429392555,0.984032047356728,0
19,1691,41.982377710104515,0.4525708412991337,0
43,4558,5.399746636847798,7.963336595567018,0
9,927,34.46245253246495,0.2611537873435344,0
12,1224,38.272570378712565,0.31354047771702503,0
15,1680,8.843630806145638,1.6961359343015723,0
48,4560,52.238437247276366,0.9188636285727068,0
44,3300,17.151449814682344,2.5653807972743037,0
43,3010,59.786271165762244,0.719228665068926,0
33,3663,26.848596790747735,1.2291145141474245,0
27,3078,12.356855886212042,2.1850218412053337,0
41,4838,47.892116402543394,0.8560907948896287,0
40,4200,21.42428047539445,1.8670405312299547,0
11,858,44.928747611600784,0.24483210827714583,0
19,1862,30.279629548233665,0.6274845592061858,0
12,1056,48.66769552035616,0.24657012976874523,0
48,4224,37.29027649536991,1.2871988226196136,0
40,3320,37.55399511109521,1.06513301398876,0
49,4998,57.966110331736,0.845321511475868,0
22,2354,28.250531199283074,0.778746418777368,0
42,2772,7.363941553169733,5.703467320693431,0
36,3528,32.70264409606799,1.1008284190796813,0
5,310,30.387092684774935,0.16454354655999012,0
11,836,31.675532230196456,0.34727119721491656,0
46,3082,48.366661828627755,0.9510683239415346,0
29,3306,56.44794783148375,0.5137476403318474,0
48,2880,11.998654399096779,4.000448583935653,0
41,4920,42.02500197835833,0.9756097101700035,0
44,3652,21.091326807400844,2.0861655789507094,0
6,498,10.499901312894309,0.5714339422058905,0
30,2250,10.12815743629279,2.962039264170532,0
46,5428,51.30526992943716,0.8965940548264578,0
24,2064,28.429410568967953,0.84419618696552,0
11,1155,14.2566592432893,0.77156925842762,0
26,2418,27.157026333922854,0.957394954819572,0
26,2184,11.151030203544472,2.331623134850413,0
42,3360,50.52700026877922,0.8312387392202248,0
41,2993,32.46317817913362,1.2629693794538452,0
36,2160,19.210356621249446,1.8739891564625495,0
29,3306,34.71737027844517,0.8353167238016616,0
24,2472,5.240097425452347,4.580067516192835,0
28,2016,44.287227463482004,0.6322364619254617,0
45,5400,37.66958082939646,1.1945978428536974,0
25,2125,24.178368056721684,1.0339821091874684,0
8,640,14.147220139994774,0.5654821173937677,0
8,920,9.688373784464623,0.8257319729785877,0
7,791,51.75060770695813,0.13526411205909017,0
30,2040,38.126723950693474,0.7868496658353553,0
27,1728,13.781922338037642,1.959088096548107,0
13,1092,18.366123645130777,0.7078249200095392,0
17,1819,38.10229314110593,0.44616737205404244,0
17,1853,42.19697705313355,0.4028724611858796,0
42,3570,6.1773318410888525,6.799051933819511,0
19,1539,35.547732950958775,0.5344925941187916,0
7,826,13.787541726372899,0.5077047191531145,0
35,4060,9.459100074334977,3.7001405762651984,0
8,928,20.534040135899133,0.3895969788241431,0
29,2900,46.989292517368234,0.6171618776614053,0
15,1770,8.888478970289572,1.6875778240730117,0
9,1017,58.50690302970629,0.1538280020637965,0
50,5850,56.302662410439346,0.8880574711637306,0
9,567,14.895657304673216,0.6042029442484843,0
50,3500,33.35874912933056,1.4988571605653427,0
19,1710,13.587453026994591,1.3983489004342566,0
12,1248,44.93351314496818,0.26706124582969104,0
22,2288,16.945567946646456,1.2982745735798027,0
44,2860,31.72302295498321,1.3870052694044488,0
46,4830,34.514816282050845,1.3327609692050406,0
21,1722,43.32941830282719,0.4846591720486996,0
45,5220,38.61179337598188,1.1654470322528931,0
27,3186,47.48028767238238,0.568657043240809,0
45,2700,15.995079569561026,2.8133651854809116,0
46,4554,49.682411277862805,0.9258809871914653,0
49,3038,26.4566245756718,1.8520881172822767,0
21,2394,58.00655472733132,0.3620280518074847,0
30,2280,28.197711507295562,1.0639161263933825,0
15,1260,19.63753487138517,0.7638433285155993,0
48,2880,6.887502210494166,6.969144768747173,0
36,3096,39.69919093455517,0.9068194880683248,0
33,3069,30.121324445619972,1.0955693551781593,0
39,4056,36.05239753669271,1.081758847253011,0
15,975,5.930908138877606,2.529123643253506,0
32,3232,38.15302492399183,0.8387277303372448,0
27,2295,29.955272096985126,0.9013438406629408,0
32,3296,42.159624667795676,0.7590200399588407,0
21,1680,6.418284126857262,3.2719025186382225,0
25,2925,27.369196462931484,0.9134356587289548,0
40,3520,50.12895299891555,0.7979420595691541,0
29,3219,8.271478038578962,3.5060239372868107,0
9,972,44.67540944061174,0.20145310614251785,0
12,1032,18.561063845305735,0.6465146664012424,0
8,696,49.22046633335684,0.1625340147291205,0
12,1008,30.9689061218383,0.38748543305951566,0
29,3277,8.935872776741448,3.2453461149852147,0
36,4320,38.86873387708676,0.9261943060414971,0
11,803,13.365101924289016,0.8230389908219998,0
10,1020,30.601074328712713,0.32678591256572614,0
38,2318,16.20523784407623,2.3449208438425218,0
37,3293,56.380565588315555,0.6562545021305705,0
44,2816,53.21427380370539,0.8268458226509936,0
15,945,47.17192552830637,0.31798574749718406,0
20,1520,18.38053371653578,1.0881076854698344,0
23,2208,32.4539435849931,0.7086966161682533,0
36,2916,40.458025395281354,0.8898110980027885,0
28,2688,50.893368173074975,0.5501699141778033,0
5,370,18.889355382045235,0.26469934515354687,0
23,1541,19.326228161783796,1.1900925419829629,0
50,5900,39.907315372609766,1.2529031214742476,0
41,3157,12.574033235524482,3.2606880570480556,0
24,1728,33.270229589765094,0.7213656261447354,0
19,1406,57.4591732073372,0.3306695683113973,0
30,2040,57.27851906154759,0.5237565581568903,0
7,609,18.332972880783878,0.3818256889114372,0
46,4646,15.089027553391926,3.048572867749815,0
18,1602,51.02855415356333,0.3527436804466673,0
9,909,55.416422704283114,0.16240673000540676,0
17,1088,34.48128618896342,0.49302105225533216,0
45,5130,30.63664225136433,1.4688293720567904,0
27,2241,23.771358847864953,1.1358206391480659,0
11,891,42.564541549915006,0.25843106960521145,0
32,3104,22.756798385992038,1.406173199640316,0
5,500,17.539334207295585,0.2850735347707909,0
23,1840,17.510457578390998,1.3135007978537032,0
47,5029,10.445258115094587,4.4996494564437475,0
43,3698,28.92062736757752,1.4868280502174256,0
40,3560,47.43161383365961,0.8433193974862014,0
41,3157,6.325132412165139,6.4820777381900525,0
22,1672,24.851627006180877,0.8852539109221442,0
24,2304,48.587706956342615,0.493952102361296,0
28,2688,7.536107664341837,3.7154458570816304,0
7,469,6.323154240999653,1.1070424242716783,0
13,1417,46.109365877569935,0.2819383817708041,0
40,2520,17.834195687251498,2.242882196733626,0
47,3478,54.44445708250719,0.86326510573472,0
25,2050,54.96420133279,0.4548415039933592,0
38,3192,55.13208996446826,0.6892537544738534,0
6,510,14.148430784707468,0.42407529791114257,0
30,3150,51.63133186078572,0.5810425359719447,0
15,1080,17.752157995054453,0.8449676937406048,0
39,3354,26.36101793660654,1.4794572840012443,0
9,855,26.24923390342114,0.3428671493085748,0
21,1491,42.284712662540855,0.4966333853937587,0
18,1422,6.1344253701951565,2.9342601651745843,0
16,1728,40.93778290534795,0.39083699371296005,0
15,1245,7.770110393756395,1.9304745029173742,0
30,2850,41.26972544783593,0.726925117006639,0
48,3408,41.625841586501686,1.1531298388346654,0
19,1254,50.625701374393905,0.375303442405443,0
29,2552,39.58225569206441,0.7326515251078534,0
41,4838,6.664150940420386,6.152321633551362,0
30,2940,44.29554135638794,0.6772690677517511,0
44,2992,39.98585843774198,1.1003890304995712,0
42,4578,5.687686277916953,7.384373530422989,0
7,791,19.984596344942887,0.35026977173703855,0
47,3431,44.91598027538,1.0463981797089337,0
23,1518,58.89063825697364,0.39055443582794613,0
5,520,51.01439573571145,0.09801155003194255,0
45,4365,35.60392658033874,1.26390553857759,0
47,5640,34.080208121058,1.3790995592822957,0
37,4144,13.168284827043058,2.809781265060042,0
34,3400,36.285051003488185,0.9370250023000238,0
27,2322,6.231972996274937,4.3324963083342665,0
20,2020,56.263227278251534,0.3554719657493051,0
22,2090,15.60422901925242,1.409874206079423,0
35,2695,48.11436109799043,0.7274335396186281,0
43,4601,8.87668723883893,4.844149494403545,0
22,2420,26.735806246680486,0.8228665257750182,0
50,5000,45.012665167416976,1.110798478917733,0
29,2436,42.795329982597785,0.6776440329305209,0
30,1890,29.57845868445948,1.0142516322448538,0
8,872,40.148482245413035,0.1992603344529668,0
13,949,44.30664615654762,0.29340970548904577,0
36,4140,45.512165461211545,0.7909973000665408,0
49,3969,15.295669982941956,3.203521000037645,0
25,2750,42.87181506713096,0.5831336965988885,0
48,4464,42.32937032304123,1.1339644231341675,0
20,2060,37.792102180249096,0.5292111008964301,0
25,2775,7.115472957539949,3.513469891486077,0
46,3542,39.25670508038117,1.1717743479951108,0
18,1962,40.093001617429806,0.4489561587769667,0
8,520,8.114186183596,0.9859275864501551,0
27,3213,53.20705065948947,0.5074515438337787,0
35,4130,19.723664304779142,1.7745181351276256,0
47,4136,31.704627875048555,1.4824334221878332,0
31,2325,45.724244398998316,0.6779773052013325,0
33,3300,31.325445201136432,1.053456695925995,0
44,4048,17.429051814591098,2.5245205802397392,0
49,3920,59.277272200628516,0.8266237325185226,0
17,1224,51.814859180336164,0.32809121300191685,0
20,1520,48.854195600106216,0.4093814206605526,0
31,2542,5.729733930593658,5.410373391769012,0
41,3239,21.33234201665132,1.921964309778868,0
42,4284,10.699892888063882,3.925272938652734,0
19,2166,12.343345956435515,1.539290891388641,0
23,2024,24.425509980611935,0.9416384762593104,0
45,5040,12.80698463093446,3.513707660061163,0
17,1428,44.56781539267317,0.38144117790424065,0
11,1012,27.422806004227514,0.4011259824506739,0
27,1647,25.738824305416266,1.04899896279716,0
13,1209,9.201688359668152,1.4127842078395305,0
37,2775,42.01096560765306,0.8807224367454143,0
11,1067,17.70642661977682,0.6212433618714338,0
31,3441,41.32764493167386,0.7501032311725399,0
7,763,39.77070536217313,0.17600894769791706,0
37,4033,31.183140999057592,1.1865385851001413,0
9,720,55.032160219758914,0.1635407362542278,0
39,3432,34.783174351465206,1.1212317658510993,0
9,873,42.0669057234815,0.21394490146624343,0
36,2340,38.11298090322012,0.9445600723652241,0
36,2988,26.528479515898002,1.3570321653159918,0
43,2666,35.764589057674485,1.2023065588886703,0
49,3871,5.703289659064362,8.591532769534727,0
49,4851,52.04961191474157,0.9414095167561114,0
49,5096,6.1380251826453325,7.983023617847434,0
30,2970,11.573777066215978,2.5920665162603167,0
46,4830,17.499113230974807,2.628704631648213,0
47,3995,21.822473326119663,2.153743038088398,0
20,2060,45.95921758332494,0.43516841782042126,0
15,990,31.079355554073704,0.4826354901053888,0
47,3290,54.411139290493324,0.8637937123329414,0
14,1498,56.92685571455789,0.24592962011108904,0
50,3950,31.924173407959092,1.5662112644562436,0
26,2626,21.30330943430705,1.220467649882105,0
20,1360,31.211609163241192,0.6407872114313983,0
47,4230,8.949134355784828,5.251904612385067,0
34,3740,34.54915847498795,0.9841050115479509,0
22,2244,48.93139123045664,0.4496091250785123,0
18,1872,52.52439264404821,0.342697917936604,0
15,1320,38.06714121716107,0.3940406219219278,0
20,1760,49.73258422013799,0.40215082955414755,0
22,1760,18.50595513536184,1.188806513313199,0
19,1197,36.60534494165382,0.5190498827503082,0
27,2970,24.91747593671622,1.0835768465703686,0
39,2886,28.22533283919406,1.3817374704557637,0
50,4150,10.956838280938088,4.563360224727089,0
27,1782,53.155508493633405,0.5079435935267907,0
31,2852,23.17348914756139,1.3377355392017958,0
19,1900,6.412339522652981,2.963037115062042,0
8,896,55.590483699211106,0.14390952313504568,0
29,1856,51.673679308556494,0.561214149796335,0
23,1380,45.04404943261798,0.510611285834903,0
26,2106,39.61593585316175,0.656301547346254,0
11,1287,19.32705051162013,0.5691504760846151,0
32,3136,49.79513693112596,0.6426330355163142,0
39,3861,12.518594390705884,3.1153657337883374,0
8,816,23.808456224288527,0.336015066438398,0
14,1358,19.28721049775892,0.7258696119704159,0
33,2607,24.82056782662878,1.329542508072515,0
12,1116,43.31127732010731,0.2770640983711877,0
11,737,12.459767779459535,0.8828414938947718,0
17,1666,54.32722237478616,0.3129186300511082,0
37,2701,7.353134938137652,5.031867402309781,0
27,2457,53.24531337742289,0.5070868830954905,0
5,375,32.11643949568001,0.1556835090848894,0
12,960,27.944959264211576,0.42941554813315136,0
15,1110,39.82391679015911,0.3766580790894644,0
41,4428,5.855484811545511,7.00198212779214,0
22,1540,55.650336754958445,0.3953255502634456,0
8,832,15.295784047852248,0.5230199364068112,0
14,1232,53.4562084652253,0.26189661410624315,0
22,1958,33.85093539535491,0.6499081854919401,0
8,568,40.93209682430989,0.19544564341127862,0
45,3330,58.46017181454848,0.7697548365535463,0
35,2205,27.856470594910547,1.2564405774504182,0
22,1936,47.703435223736825,0.46118271979400316,0
22,1452,18.405997233629364,1.1952625940747226,0
45,4140,41.241675706706445,1.0911292819433718,0
19,1368,16.923905324537202,1.1226723167998798,0
44,5236,35.128092107773035,1.2525587744705273,0
12,1056,22.36028198973328,0.5366658616161369,0
15,1695,9.330528145907515,1.6076260384659131,0
43,3612,5.723585192217888,7.512773647270114,0
44,2640,12.387321028377524,3.552019028101596,0
31,3627,45.99135620750624,0.6740397012893586,0
12,1380,58.404773299101294,0.20546265865198812,0
20,2200,38.286326635848624,0.5223797046456111,0
16,1424,52.32652392269071,0.30577226997992524,0
47,3431,52.80203339199788,0.8901172356578757,0
17,1071,28.701821032296543,0.5922969131774203,0
27,2511,9.855601051050245,2.7395589431983747,0
19,1425,12.684154215231167,1.4979319612169921,0
41,4756,32.68483954161867,1.2544042000816116,0
29,2697,48.15332839317465,0.6022428971724106,0
12,732,40.6039538774264,0.29553772118412713,0
6,648,13.43976600597038,0.4464363440058856,0
49,4312,27.89269862932727,1.7567321344977298,0
6,360,46.58102571532328,0.1288078119333092,0
48,3072,40.13711982901941,1.1959004583407022,0
28,2492,11.590213437190576,2.4158312658983347,0
19,1729,23.386642694931677,0.8124295670758102,0
28,3192,38.01160765836859,0.7366170947477817,0
43,4644,52.21626342837128,0.8234982202237838,0
22,1980,8.657584617930823,2.5411244557096846,0
50,3950,9.67048716169094,5.170370340604146,0
7,567,12.309543537665874,0.5686644657928018,0
46,4232,27.97651681301464,1.6442361394539602,0
42,2604,9.78180391519809,4.293686559668628,0
30,3180,46.1961951637207,0.6494041315237997,0
29,2233,53.20825923374648,0.5450281670107189,0
20,1720,43.016654387414924,0.46493620400779606,0
31,2511,8.136514795523354,3.8099850831778683,0
20,1560,7.737663217580984,2.5847596926365806,0
13,884,45.704383340696054,0.28443661307261425,0
18,1494,22.71353387701986,0.7924790610505255,0
15,1725,15.236851199388012,0.9844553709760239,0
38,3420,20.278748516762782,1.873882896106163,0
38,3914,10.298637600995757,3.689808445762364,0
39,3588,13.774560997774712,2.8313062032467293,0
13,1430,49.22887310216857,0.26407267078854463,0
14,1568,28.821861508742046,0.48574239369492556,0
16,1328,12.733199082724083,1.2565577508097072,0
26,3068,18.556385790414026,1.4011349135364086,0
31,2728,46.97760748933282,0.6598888631576045,0
33,1980,34.125574552710596,0.9670166856539799,0
6,360,30.758310770395973,0.19506923006236204,0
40,4200,36.94032122218001,1.0828276169938358,0
38,4408,52.24468059378353,0.7273467761332535,0
42,2982,44.259879761661296,0.948940671013326,0
25,1925,14.80046917554906,1.6891356418147172,0
39,4134,59.17974037419645,0.6590093121970636,0
36,2520,5.246629698863395,6.861547710866438,0
19,1349,54.88428869280764,0.34618285947631994,0
39,4212,18.195772339971164,2.1433550206784906,0
37,2886,14.530748316168937,2.546324469664693,0
42,4452,19.877734853516166,2.1129168041282447,0
25,2050,36.31786762055896,0.68836640579217,0
27,3078,6.256587837184355,4.315451281532839,0
43,5074,9.899685080229627,4.343572512813973,0
38,4142,8.118450986706197,4.680695869473653,0
49,3283,44.59783492212296,1.098708044584768,0
15,1260,22.53857472061003,0.6655256681463312,0
11,660,59.771260550117795,0.18403493415998104,0
45,3015,37.221867814045396,1.208966734953037,0
14,1344,7.055414960558494,1.9842915091831517,0
21,2079,44.806166636080555,0.4686854863207505,0
47,4653,53.674610330835975,0.8756467855156198,0
15,1350,18.324183587619935,0.8185903578336883,0
30,1950,59.57409949495147,0.5035745442118233,0
10,1160,10.96096068218851,0.9123287903267397,0
32,3232,9.490612133565755,3.371753007039932,0
6,606,41.27298306818182,0.14537354835942357,0
19,1254,20.628526168901693,0.9210546523989309,0
9,873,46.55415387754877,0.1933232429413854,0
15,1710,34.438151780129544,0.4355634441641216,0
37,3774,45.22779402655157,0.818081022883377,0
50,3550,22.22750207278181,2.249465542114441,0
50,4650,55.97587329454108,0.8932419818964421,0
35,3850,7.598682894279394,4.6060614039242855,0
20,1500,12.820378568269925,1.5600163359839807,0
48,3792,35.17244873371807,1.3647045266423203,0
23,2162,26.10199553301131,0.8811586827111283,0
10,630,37.93356284115086,0.26361879167205093,0
37,4329,51.35535449566042,0.7204701508413605,0
11,1210,31.310364973606106,0.3513213598523281,0
36,2628,39.8886920081797,0.9025114183392557,0
35,3080,54.53017424899118,0.6418464727471049,0
42,2982,18.21265249533743,2.3060891328570783,0
42,4074,31.05308346713314,1.352522690522929,0
45,3735,10.072660670890745,4.467538565063223,0
39,3783,36.95778453823773,1.0552580596287995,0
18,1674,21.25447948256492,0.8468803018566239,0
5,580,44.42864652959434,0.11254000269104424,0
19,1919,38.25385742192388,0.4966819369465941,0
26,2132,19.50909611123324,1.332711666996675,0
22,1540,49.71454184755752,0.44252645568895776,0
25,1775,9.854312155371092,2.5369604296910517,0
11,880,18.09569662911377,0.6078793331615838,0
36,2664,59.26855335956805,0.60740473589083,0
32,2144,57.52785241905478,0.5562522961382221,0
18,1296,47.120479966331715,0.3819995045224766,0
48,5568,53.37472353473403,0.8993020819820006,0
22,2354,21.929042804180614,1.0032357634782791,0
17,1768,13.309221584141495,1.277309863129503,0
6,684,34.496237890629885,0.17393201018102217,0
38,2508,12.78519914611617,2.9721867892486813,0
39,3471,5.657189569332713,6.893882469736682,0
21,2331,45.39019334627066,0.46265500214542266,0
22,1606,31.788376889747443,0.6920768580384976,0
14,1274,6.371114668212663,2.1974176779222097,0
15,1785,54.5063249302693,0.2751974201010563,0
24,2016,51.85586388501872,0.4628213320911168,0
24,1512,59.160888056774,0.40567342357958347,0
42,3822,25.46460077324202,1.6493484572565236,0
50,3450,31.721247481362475,1.5762305700422732,0
9,801,7.525172888401816,1.1959858110198722,0
15,1785,53.18182928281459,0.28205122317684483,0
17,1190,25.57282332764813,0.664768210462722,0
49,4067,21.755489454555626,2.252305106826238,0
48,4752,17.364073198244135,2.764328360747396,0
45,5265,29.737781898097218,1.513226512797827,0
15,1710,20.131537637355017,0.7450995681604963,0
24,2568,37.11558195702562,0.6466286862425724,0
38,3762,44.80485752589036,0.8481223264250267,0
46,4922,22.024889156372776,2.0885462657000553,0
25,3000,56.97421555582959,0.4387949839432586,0
50,3550,13.77799326618517,3.628975499843884,0
14,868,54.14897786632023,0.25854596987153416,0
41,4018,18.56790723454926,2.20811098860465,0
6,462,53.606527372854835,0.1119266681512048,0
48,4416,37.44302367478935,1.2819477512527584,0
22,1980,56.63854298359801,0.38842807108175426,0
27,2376,17.727387820541757,1.5230670346543402,0
49,5243,10.970640818551619,4.466466527382777,0
9,567,38.38094755432208,0.23449134462514098,0
6,606,53.48553658949235,0.11217985987596406,0
21,2163,48.9134495205201,0.42932976933450806,0
24,2304,13.400279537698566,1.7910074138738366,0
36,3276,59.49357756231126,0.6051073321703506,0
50,6000,30.319583342020838,1.64909917910064,0
17,1819,10.317604236517232,1.6476693242246758,0
24,2736,26.441519357238747,0.9076634241681598,0
22,1738,37.76199959305601,0.5825962670696481,0
36,3636,32.22032867806175,1.1173070380412278,0
47,3572,19.729034920146024,2.3822756759382395,0
13,806,53.151005583433765,0.24458615330604153,0
42,3528,33.715636610384074,1.2457127974580324,0
44,4708,40.096948388998996,1.0973403654845675,0
26,2990,59.546895379996506,0.43663065612542645,0
9,729,47.964051729388665,0.1876405281767615,0
35,3745,42.17806813165861,0.8298151515794343,0
37,2664,56.39698267642653,0.6560634673008081,0
26,3016,53.18077179668172,0.4888985082691542,0
44,2772,34.19469237576024,1.286749402991866,0
20,2120,38.04755252690682,0.525657990375497,0
16,1632,33.7239221797589,0.47444066306152255,0
32,3840,15.607054206844433,2.0503548956706052,0
15,1200,45.575319882890945,0.3291255012261807,0
19,1330,17.70649301220994,1.0730526924161714,0
33,2013,25.26730569176671,1.3060355703359765,0
5,530,11.145225065299059,0.4486226137835141,0
13,1053,48.123200198461134,0.2701399729524993,0
27,3240,56.80380384507818,0.4753202809029741,0
15,975,5.492850542893447,2.730822527004077,0
6,624,54.36716060507411,0.11036073860072099,0
26,1638,28.1207170737175,0.9245852419709599,0
33,2904,30.93774331373244,1.0666582777339217,0
30,2310,51.41033436222436,0.5835402623260043,0
15,1035,5.867833781446473,2.5563096295311842,0
35,2905,28.560365968493546,1.2254744928202375,0
18,2034,18.80464959519146,0.9572100723750142,0
26,2028,6.084316922464238,4.273281673412505,0
48,5280,41.06824956849016,1.1687861183357633,0
11,1166,21.25477127698344,0.5175308572674118,0
38,2736,51.48445281454964,0.7380868965797982,0
23,2576,23.25720693808761,0.9889407640920806,0
45,5040,10.108191287893172,4.451835023531618,0
17,1751,46.11811228851614,0.3686187303948511,0
17,1088,24.738757010846342,0.6871808471438804,0
25,2450,36.76871742086098,0.6799258106788376,0
50,5050,38.81540290438536,1.2881484219851034,0
15,1110,7.723862035206449,1.9420336525468596,0
7,581,52.666770331255364,0.13291113079409417,0
12,1152,42.60199163801631,0.28167697186466,0
26,2080,55.6536829011444,0.46717483272729404,0
5,480,19.89152993955363,0.25136326945157045,0
7,546,16.733977847713525,0.4183105812439244,0
31,1891,25.057139991604483,1.2371723193623334,0
28,2072,32.64765167360113,0.8576420834163941,0
11,968,20.17653937990482,0.545187645556088,0
34,3400,33.916211495633945,1.0024704558873516,0
35,4165,11.8207426871727,2.960896868009851,0
12,1260,44.32630812159386,0.2707195908822851,0
30,3300,47.68815646028304,0.629087015032452,0
9,819,52.28485994684681,0.17213396017794577,0
24,1488,29.730160320298886,0.8072610353067454,0
47,4747,6.870371016726185,6.840969706814475,0
35,2100,42.080457967228504,0.8317399973939771,0
39,2457,51.013423039041136,0.7645046671373703,0
30,3300,22.489561951449215,1.3339521714457767,0
40,3120,54.70409410279027,0.7312066977078363,0
19,1254,36.38080959076105,0.5222533586725094,0
30,2430,21.111660477177896,1.4210156530525189,0
45,4815,42.027396038532444,1.070730148466542,0
45,2970,58.119191687671666,0.7742709196959715,0
37,3034,49.92226089580193,0.7411523303647374,0
10,1150,9.088353490845426,1.1003093145609777,0
8,744,44.93890074817516,0.1780194857197271,0
30,2760,25.528916951405826,1.1751379840008433,0
20,1500,37.95675780446044,0.5269153941712515,0
50,4400,6.2401286437229935,8.012655324068598,0
43,4859,14.99078654973872,2.8684285415797253,0
34,3230,33.32232993092041,1.0203368152972632,0
27,1971,19.040321507996904,1.4180432819193753,0
12,996,32.0723722139912,0.3741538019057143,0
38,2318,37.347900390113054,1.0174601410809045,0
16,1136,54.08505085092311,0.2958303588195095,0
49,5145,12.544343691489837,3.906142976076294,0
5,305,15.173107106061693,0.3295303964474414,0
27,2889,54.11627058255269,0.49892573359822234,0
36,3240,11.110614893699,3.240144703459766,0
14,1218,42.30355614326677,0.3309414450309352,0
11,1056,24.245514904725695,0.45369215886836,0
12,1236,56.29384445353957,0.2131671786940016,0
20,2060,52.48742156620377,0.3810436749073961,0
19,1691,54.39286795627027,0.3493105017973175,0
30,3600,13.790051285759722,2.175481394400575,0
14,1316,21.576670163950343,0.6488489601787946,0
39,3042,52.884627454615675,0.7374543771433176,0
27,2322,49.037174386393026,0.5506026874071284,0
34,3026,33.181261222028084,1.0246747335037518,0
23,1863,38.791482149412126,0.5929136688155278,0
26,2730,18.725203330585295,1.3885029465892222,0
16,1248,42.6337753268492,0.375289307065513,0
50,4700,40.88560827835454,1.22292420500616,0
45,2790,58.695287304730414,0.7666714325184558,0
18,1782,34.17888007601465,0.5266410122264851,0
41,3362,21.980859146004512,1.865259211556006,0
33,2178,13.274252271775598,2.486015733644471,0
36,3168,5.1981109711843,6.925592816229935,0
22,2068,32.018241935181905,0.6871083067126874,0
14,1008,28.945475887283905,0.4836679850943604,0
12,720,54.162546925899555,0.2215553123160428,0
44,2948,58.049163696274896,0.7579781894915317,0
42,3906,22.217190890203998,1.8904280116942522,0
45,3375,23.316573764460355,1.9299576539238372,0
29,2320,31.525764621549158,0.9198825261854967,0
15,1215,35.67007820365707,0.42052052463574713,0
20,1380,55.18388311025046,0.36242465866424284,0
43,3268,12.60291259992852,3.4119097199994775,0
37,3663,44.924345272491905,0.8236068834297705,0
43,3397,8.55905904524963,5.023916738121519,0
43,5117,9.752398897232442,4.409171574411567,0
9,540,57.266003836378154,0.1571613068324974,0
15,1725,37.159650141772,0.40366364975912844,0
7,588,30.73063712622777,0.22778571011226087,0
21,1617,27.615173773611186,0.7604514884518819,0
16,1824,8.196281919877233,1.9521046440822833,0
12,924,5.119010182303901,2.34420319019549,0
35,3850,10.678282284034609,3.277680723268522,0
43,3913,50.466648369853615,0.8520478650546994,0
19,1748,51.08892843914234,0.3719005385410069,0
19,1957,34.3855586849879,0.5525575481865022,0
19,1881,27.81064854257548,0.6831915469685216,0
17,1377,22.671321567921936,0.7498460091560613,0
43,4042,50.76251845252219,0.8470816915874178,0
9,909,51.22693199569118,0.1756888349424676,0
28,2632,11.992694337357765,2.3347547442094627,0
14,1162,6.380783765606726,2.1940878290629224,0
7,588,15.784829496363587,0.44346377017329314,0
40,4800,49.19316729536418,0.813121053170518,0
47,5546,27.82025559335339,1.6894165419252616,0
43,4128,56.271023196994825,0.7641588433440185,0
6,426,55.211735367930686,0.10867254868944137,0
16,1216,33.00698009076356,0.4847459524016657,0
23,2645,25.74373863806168,0.8934211274968,0
25,1675,53.284729283838544,0.4691775736877506,0
39,3861,34.174684530103264,1.1411956112029735,0
36,3204,37.99523288206635,0.9474872837795372,0
39,4095,35.337691624113816,1.103637453596066,0
34,3264,53.75816974574776,0.6324620083013407,0
19,1938,17.496604217210777,1.085925003739319,0
35,3780,50.44184522702479,0.6938683516131237,0
32,2560,12.069894237233509,2.6512245568221804,0
20,1960,13.298652676438673,1.5039117485513518,0
49,5439,24.396089299445173,2.0085186358583456,0
10,660,34.55478183268487,0.28939554729126216,0
39,4563,9.281442207637909,4.201933183175565,0
46,3174,14.840348297429367,3.0996577087054002,0
35,2485,53.288195030305815,0.656805883180974,0
34,2652,26.852896118191676,1.2661576557832237,0
29,2813,49.96890365139933,0.5803609421234096,0
22,1474,12.01317095089812,1.831323310882815,0
34,2924,50.31690903362623,0.6757171824143287,0
28,2408,45.956621445606224,0.6092702013167027,0
34,2278,24.6921112768246,1.3769579935398861,0
12,1104,54.445610752165656,0.22040344178750318,0
16,1168,51.21894106477886,0.312384435667346,0
39,3627,56.758751275114356,0.6871187107511189,0
16,1376,24.73999289624502,0.6467261355773648,0
31,3720,24.067957775628418,1.2880195440342292,0
44,3916,36.68249155211788,1.1994823180831522,0
15,1275,56.467722431224665,0.26563848078465313,0
30,2670,5.6051114831795426,5.352257504605826,0
40,4200,49.7190279019423,0.8045209588347036,0
50,5550,12.778154162552287,3.9129282182656877,0
19,1596,34.62685130811116,0.5487071241603,0
48,3888,5.306703161211156,9.045163926041964,0
30,3450,36.83599731916249,0.8144207346978406,0
36,3384,34.88784302732306,1.0318780662881892,0
22,2090,24.662347235154733,0.8920481002976184,0
17,1037,21.36674417107485,0.7956289392472666,0
47,4653,7.661672958259825,6.134430463953787,0
7,798,8.631324709633603,0.8109994972367512,0
38,2432,56.544531057705605,0.672036699026113,0
17,1581,51.62868530947284,0.32927431520091094,0
38,2888,53.744857591284166,0.7070443890461156,0
15,975,17.964994609743442,0.8349571110845001,0
24,2568,20.76572348482756,1.1557507263127893,0
48,4224,17.082565420377694,2.8098824045913546,0
8,624,21.509770695478654,0.37192400203883147,0
35,2555,22.586377311031306,1.5496066287224297,0
22,1892,25.931516931425477,0.8483884709937268,0
50,4000,27.709677894277792,1.804423717618359,0
37,2590,35.437691333450815,1.044086073549449,0
9,540,5.515291176210419,1.6318268088583383,0
43,3569,55.27714030686167,0.777898418067447,0
17,1207,32.83679851446891,0.5177118589228262,0
31,2356,15.307876453851003,2.0251012668841684,0
47,5358,37.61872789557481,1.2493777070417296,0
28,2296,49.1179613043415,0.5700562331263758,0
26,2912,51.69887230531269,0.5029123236277667,0
42,4788,53.21604037077071,0.7892357211730618,0
49,3528,13.053107426927983,3.753895405695901,0
26,2574,13.319635468998648,1.9520053728583493,0
21,2037,8.62799296129868,2.4339380078538095,0
39,2379,57.543295620845015,0.6777505455539512,0
34,2244,14.004897442162637,2.427722169363471,0
29,3393,26.398649071397323,1.098541062520552,0
19,1273,57.53276287603692,0.330246611673046,0
18,1278,40.74813317919042,0.4417380281163993,0
46,3726,25.887398756882764,1.7769263119868246,0
41,3034,12.775993640114896,3.2091437390251616,0
9,675,26.569376758772023,0.33873583417904607,0
39,3354,20.02601287766513,1.9474670389080004,0
39,3159,42.660838597974944,0.9141873737533908,0
7,560,55.30221675002498,0.1265772045204108,0
15,1635,31.354076523116397,0.4784066910387541,0
50,4050,23.956770046225145,2.0870927050484616,0
29,2320,19.279950442590316,1.50415324387648,0
37,2775,14.981688035328599,2.469681648206104,0
17,1139,54.51488764270508,0.3118414204835082,0
24,2184,54.94251714020382,0.4368201758713774,0
34,2550,16.094733108959456,2.112492314710905,0
20,1360,56.23095793320274,0.3556759609850179,0
18,1620,12.866726693691255,1.398957203997009,0
44,5148,37.01487550536961,1.1887112788915657,0
16,1200,14.582363881936276,1.09721579639223,0
15,1785,20.652492600052863,0.7263045817511444,0
17,1173,24.051378674249378,0.706820188158322,0
27,2376,17.413991402727508,1.5504773934694296,0
28,2016,55.723323129093615,0.5024825948576811,0
18,1458,6.506917197879996,2.7662869301402115,0
9,549,55.71816008673592,0.16152722893199967,0
22,2420,47.26460983919667,0.46546454260065295,0
19,1558,46.70699797065447,0.4067912909311257,0
30,3390,11.455851928236015,2.618748931806369,0
14,1442,28.559232929634277,0.49020924457228693,0
22,1474,46.02910047509043,0.4779585039230941,0
7,833,9.147585340883591,0.7652292642425187,0
8,544,21.797399837631026,0.36701625237835944,0
34,3638,12.589961906344698,2.7005641679396772,0
33,2772,35.83593757021514,0.9208633075482247,0
7,448,50.89909678218001,0.13752699836612287,0
35,2835,34.0002549330893,1.0294040462013636,0
48,5088,59.41190029333322,0.8079189482748496,0
37,3219,25.58551168827055,1.4461309373367865,0
33,3201,25.54823522963115,1.2916743447596806,0
50,4500,15.681623548076127,3.1884453702585,0
18,1188,30.02064386466141,0.5995874066241655,0
15,1065,53.364742587146786,0.28108446275187016,0
25,2100,47.749476177795266,0.5235659529941743,0
7,735,29.925281859069692,0.2339159254360859,0
47,3290,9.131710554891153,5.146899884471888,0
12,1392,49.034476162561276,0.24472577131683973,0
43,4644,32.108721722160595,1.3391999959413685,0
36,2664,14.154091854875274,2.5434341086037295,0
26,1950,55.424354539824364,0.46910785368403485,0
16,1472,31.16933688061435,0.5133250046763471,0
25,2925,25.272144558807696,0.9892314418281986,0
28,2296,49.98169535569471,0.5602050870971466,0
30,2820,21.759842410030437,1.3786864552921199,0
41,4264,37.13140914456987,1.1041864810561834,0
10,910,54.82989247966994,0.18238226536205307,0
23,1426,47.01571658908629,0.4891981164728002,0
22,2486,59.56014754426544,0.3693745047164209,0
43,3053,21.708118207993337,1.980825771630753,0
35,3290,35.818229536534766,0.9771560586013843,0
19,1634,24.13583171975786,0.787211322178982,0
24,1584,9.763073772968056,2.458242205077981,0
45,5220,29.98379241958289,1.5008108170669494,0
26,3016,17.946919323466304,1.4487166031890486,0
29,2842,30.637286788330506,0.9465590148487256,0
30,3120,25.085256630503466,1.1959215901949454,0
34,3604,27.44233659825514,1.2389615541032981,0
13,1352,33.04750028715239,0.393373171557363,0
28,2156,12.858712527282702,2.1775119352416965,0
42,3864,58.00856550978267,0.7240310052645078,0
24,1608,51.05250201642598,0.4701042858247785,0
42,4704,9.64763243726585,4.3533996836122055,0
27,3078,11.984542140121562,2.252902087065141,0
15,1065,55.539786208354094,0.2700766607874294,0
23,2346,20.937823822306854,1.098490473279087,0
14,1638,25.738700676199993,0.5439280007224875,0
25,1825,10.086835667536695,2.478477971090536,0
10,900,7.332949575442933,1.3637077273091667,0
45,3060,12.100094399580009,3.7189792504066697,0
40,3960,52.409076830530175,0.7632265710259288,0
34,2312,59.638331883959715,0.570103135449109,0
5,545,38.174501257128114,0.13097748065710166,0
5,570,8.814135324927387,0.5672706188047086,0
35,3885,59.03317774698903,0.5928869380877123,0
31,2449,56.25870968265149,0.5510257909373893,0
10,600,14.498721108625897,0.6897160049551253,0
44,4048,21.533381973674512,2.043339037676102,0
34,2788,29.370652397999066,1.1576181400150416,0
38,3040,20.604044407626127,1.8442981022665215,0
27,1971,24.270178327413564,1.1124763747410564,0
30,2790,24.617455811592357,1.2186474601438302,0
35,2800,44.10556159483917,0.7935507163816587,0
14,1092,26.57131374053944,0.5268839974080927,0
23,1656,11.108407287905639,2.07050384487085,0
45,3780,42.75877319733379,1.052415601175526,0
36,2700,56.25467675897582,0.6399467932993848,0
12,888,51.845191622581474,0.23145830161756661,0
27,2160,54.65772072326066,0.49398327706902756,0
41,4633,11.102697751097034,3.6927961941455965,0
7,490,40.692062223356366,0.17202372201186086,0
50,5800,18.689621352826002,2.6752815937835814,0
13,1248,19.422891784763507,0.6693133105029184,0
39,4446,34.689866544012816,1.1242476228762281,0
44,4312,58.42120882199009,0.7531511395813182,0
40,3440,20.85934745568926,1.9176055284073732,0
30,1980,38.25400881895452,0.784231533536304,0
11,671,52.79178652008304,0.20836574636123334,0
5,350,21.081333229633994,0.23717665033497543,0
19,1254,11.449094608089494,1.6595198703813072,0
42,2940,48.277024634900144,0.8699790494055759,0
50,3850,56.37194908181195,0.8869659611633365,0
3077,323085,1.5304887663686946,2010.4688564951878,1
1119,95115,1.5122651213190264,739.9496187705413,1
3974,329842,1.9756044173193223,2011.5363000616694,1
1720,141040,1.4445770588293365,1190.6599163314015,1
674,73466,0.4060088931513506,1660.0621596452288,1
704,65472,0.457057030340859,1540.2891833322826,1
3667,392369,1.7078655960403244,2147.1244625466525,1
1538,159952,0.3627834621297281,4239.443526370077,1
2696,304648,1.5853809623683208,1700.5376398443573,1
2798,290992,0.46994850654787945,5953.843795681758,1
976,83936,0.22072502445913075,4421.791332412856,1
1676,115644,1.5351067744549656,1091.7807333597743,1
3352,355312,1.28548621207261,2607.573670195588,1
1288,127512,1.3308314182624041,967.8160451619583,1
624,46176,1.3498461460644076,462.27490578783784,1
1469,126334,0.32296100459094046,4548.536755577109,1
2055,213720,1.1928195557662875,1722.8087769569079,1
4228,414344,1.8824311401555431,2246.031692639044,1
2390,253340,1.5986307600054803,1495.0294087871841,1
2606,268418,0.42298030301509604,6161.04339002044,1
2924,260236,0.7725386645762022,3784.923828510308,1
2980,238400,0.19997915527493731,14901.553093886245,1
3633,225246,0.9076801522019241,4002.5112273158934,1
2511,246078,1.2722356735737104,1973.6909223324953,1
2018,217944,0.757394735160689,2664.3966564830434,1
2851,313610,0.6769667343237897,4211.432933773052,1
4583,302478,0.9327627952932477,4913.360634800157,1
2494,164604,1.7336673622895713,1438.5689286474735,1
1475,146025,1.6703383088251231,883.0546436053907,1
1157,89089,0.9022042712533516,1282.4146779893688,1
3324,319104,1.1786658782885875,2820.1376329197033,1
3551,369304,1.3258730277893094,2678.2353404690266,1
3854,462480,0.3016823373447294,12775.026983419559,1
2451,267159,0.7959673813927187,3079.2719115090376,1
2644,282908,1.4304360557539568,1848.3874126106223,1
2088,202536,0.8243362481059767,2532.9469676936574,1
3188,363432,1.399178472314487,2278.4798816454686,1
2370,210930,0.15033754174971575,15764.52543001942,1
4702,300928,1.3872044445931446,3389.550846904226,1
607,71019,0.8196020787059637,740.6032949042389,1
4499,494890,0.48593774362918574,9258.38764118134,1
1591,127280,0.3429952128377608,4638.548704038486,1
4519,397672,0.3705043903661073,12196.886507969935,1
2966,344056,1.7756836750644351,1670.3425512386777,1
2922,303888,0.28781695430507437,10152.285875775051,1
2258,167092,0.12380537496807742,18238.303470929382,1
2647,232936,0.2340480291353055,11309.644476731495,1
3816,431208,0.8849889888324552,4311.918055652147,1
938,69412,0.8630939747527012,1086.7877976656728,1
1844,215748,0.4225940531142506,4363.525672949933,1
1092,89544,1.2303223565533334,887.5722644422765,1
942,74418,1.081923457100076,870.671574609244,1
2102,180772,1.9251932746632603,1091.8384287248589,1
2944,223744,1.6603650956448306,1773.10400448803,1
1217,118049,1.461405227944626,832.7601247955255,1
3614,339716,0.9388274450473049,3849.48269148427,1
2008,170680,0.6610437915206455,3037.6202390175335,1
3419,317967,1.2390546551866333,2759.3617325016316,1
946,99330,1.5763784712191935,600.1096927366372,1
2749,313386,0.8761291291785644,3137.665337730969,1
980,99960,0.6999081583583417,1400.1837073861564,1
4871,560165,0.4445104759303553,10958.121942582013,1
1631,176148,0.29522602985504076,5524.580609646239,1
2801,257692,1.7845258715340884,1569.6045905975507,1
871,60970,1.4366579316812311,606.2681872926585,1
4227,452289,0.8818037744787475,4793.58347326044,1
4129,495480,0.9597256992588902,4302.270954282516,1
2548,244608,1.331626691153671,1913.4491798091772,1
4309,284394,0.14818350060205354,29078.810950564664,1
4006,452678,1.544235096699582,2594.164585795147,1
3963,463671,1.0493254046016018,3776.7121453660366,1
1186,74718,1.1992670883748273,988.9373363920075,1
1053,124254,1.1234588206803964,937.2840202209418,1
2096,161392,1.9487856534299601,1075.541579604168,1
2352,214032,0.15832024486176755,14855.9648960471,1
2139,128340,0.8530796131393017,2507.3861419903806,1
4111,464543,1.2206175198872409,3367.967387834781,1
1500,132000,0.5538584049712969,2708.2734260893553,1
1367,151737,1.1476142308031556,1191.1668253218747,1
4887,503361,0.19477566669693755,25090.403143653253,1
4868,408912,1.521093910313841,3200.328373542437,1
4425,323025,0.14311546980311363,30919.089362509498,1
4924,507172,1.7967272424859448,2740.5383986871443,1
1545,92700,0.7978698201660371,1936.4061165748626,1
869,99066,1.5183993495658052,572.3132061723389,1
2744,197568,1.2400499686766984,2212.8140553305448,1
3372,202320,0.8969373285667281,3759.459989683257,1
697,69003,0.6950711672904285,1002.7750147040204,1
4819,578280,1.137671689300791,4235.84417659346,1
3302,287274,0.5061097863668866,6524.276133254476,1
4787,478700,1.0758891536369506,4449.343116637954,1
863,52643,0.6351681920141379,1358.695241434242,1
3165,288015,1.8546622191008324,1706.510202992348,1
4830,309120,0.805404870537352,5996.983848356304,1
2854,293962,1.2354995707454932,2309.9967556264814,1
989,69230,0.11726910157021583,8433.594073438246,1
1592,154424,0.8486402980252586,1875.9420259731953,1
3300,306900,1.9178558602800562,1720.6715417696278,1
4803,475497,0.8598532199100186,5585.837081010898,1
1336,125584,1.3672681986001167,977.1308960216212,1
3209,324109,0.33942698388870596,9454.168797175515,1
4493,512202,1.798300086885991,2498.4706572417845,1
1167,72354,1.5881855693039657,734.8007830794272,1
4618,549542,1.212958667762789,3807.219588543403,1
4849,290940,0.49023501118364576,9891.174415087884,1
2838,334884,0.48970151923550254,5795.366950117989,1
4003,412309,0.8380508560671522,4776.559764863772,1
1027,120159,1.3939732300341146,736.742986072169,1
1812,152208,0.893118623925469,2028.8458346505288,1
4115,362120,0.6889901121631801,5972.509514077621,1
4108,431340,0.513242623489906,8004.011771405016,1
1090,126440,1.8980899744956397,574.2615021659523,1
3235,329970,0.6545317207349363,4942.464814948316,1
2246,247060,1.2898842530519845,1741.241506503981,1
1950,232050,0.7462454586944474,2613.0812285431057,1
2755,305805,0.21814186694191026,12629.395900116864,1
1169,112224,1.7235291735294154,678.2594794181177,1
4215,497370,0.4491063410801266,9385.305025670941,1
2798,243426,0.20228038191093442,13832.285531436166,1
1546,120588,0.6116333703125786,2527.6580301854824,1
1088,107712,0.8101073551546056,1343.0318748215286,1
3295,243830,0.1621309423035513,20323.07931592048,1
1851,220269,1.9861021591935497,931.9762286304509,1
1660,142760,1.7009253842277643,975.9393418387104,1
4230,321480,1.7944795936884124,2357.2293688252903,1
4829,381491,1.5712414987262187,3073.3658727285374,1
2099,226692,1.4135463982881968,1484.917652891965,1
3744,340704,1.2093478822871129,3095.8833722182285,1
2401,211288,0.600596693981636,3997.6910030633867,1
736,64032,0.6856119068534735,1073.4936086185785,1
1833,148473,0.6344546501932529,2889.0953820602845,1
3402,350406,0.15450518313359676,22018.67879770982,1
4457,383302,0.8484110268963964,5253.349919677867,1
1493,114961,1.036410406245843,1440.549024790331,1
679,65184,1.3808168478811962,491.7379166121098,1
4934,503268,0.4823168087163652,10229.790691166903,1
1717,187153,0.6688980601910376,2566.9083260753127,1
2830,237720,1.691213534300586,1673.3546312177352,1
818,63804,1.7892037633573925,457.1866082290399,1
3338,347152,0.5545337442488412,6019.471375040628,1
2061,127782,0.9037256879756884,2280.559275255927,1
2610,159210,1.3654942782255426,1911.3957792570836,1
2780,186260,1.1487148101549118,2420.0958979758416,1
2483,250783,1.6568991337168277,1498.582472205189,1
2361,278598,1.2400342766227455,1903.979627426287,1
1093,120230,0.2435768947248046,4487.2893269900715,1
2404,288480,1.1630671521954252,2066.948581139248,1
519,46710,0.18149677126548353,2859.5550013439924,1
1797,118602,0.15819760289289186,11359.211310026385,1
4856,330208,0.32169486546263226,15095.04975473122,1
780,56940,0.6248550103546163,1248.289582502245,1
2604,177072,1.7855780993225663,1458.3512202507054,1
2652,318240,1.5498704722729828,1711.1107330864074,1
3632,355936,0.6132619115996595,5922.428788258072,1
2656,212480,0.23930070335894268,11099.0062407635,1
2724,193404,1.1555208361689822,2357.378521214,1
2532,268392,1.0822181745201525,2339.6391408069544,1
2142,231336,1.1523024882194068,1858.8868998364494,1
1355,98915,1.4915650680776698,908.4417629505933,1
2922,277590,1.2527125032436068,2332.5383856504686,1
3370,212310,0.2773765124380655,12149.550696915898,1
4722,443868,1.5935832489277082,2963.133556516325,1
2532,243072,1.8427186415546166,1374.0567566320751,1
1371,97341,0.26443300934998437,5184.67797711837,1
669,46830,1.8743120664257447,356.93095722088714,1
2745,178425,0.9962550761866718,2755.3184577055645,1
4539,281418,1.2069896265896483,3760.59570025051,1
2359,226464,1.3153420554732058,1793.4498408106697,1
554,49860,0.40745943195289724,1359.6445598148357,1
2550,158100,0.3948574121592169,6458.027433385936,1
3087,355005,1.9121856580001613,1614.3829900013504,1
716,49404,1.981523344991339,361.3381602643342,1
2915,247775,1.2809645953614721,2275.628858561406,1
3903,241986,1.4318142299369891,2725.912285542631,1
3619,242473,0.3353420734934325,10791.965238059747,1
1178,123690,0.11338466567033809,10389.411945923917,1
3011,204748,1.8260015736139816,1648.9580532182651,1
2262,246558,1.5092263753681738,1498.7811218500524,1
4303,477633,0.35976444057890633,11960.603980415437,1
3079,206293,0.8366066013402905,3680.343897678156,1
3201,348909,0.28747289825342476,11134.962702390556,1
2997,326673,0.2733322622063434,10964.677114249731,1
2264,199232,1.8264425458216789,1239.5681458359113,1
1835,183500,1.8846537651585873,973.6536407500774,1
2898,272412,1.7297756984389798,1675.3617261563297,1
3478,368668,1.0396970576241644,3345.2051965479804,1
1549,150253,0.4587050955611971,3376.8973028409355,1
4344,503904,1.3557781267340063,3204.064082715697,1
4548,309264,0.5418016202374392,8394.21631483288,1
4415,503310,1.2356905681150627,3572.9009461767555,1
2018,215926,0.8365808662633605,2412.1995629825005,1
1580,131140,1.5177116831480582,1041.0409417964963,1
2606,250176,0.8287610107558919,3144.452943826512,1
1747,157230,1.513846405211859,1154.0140360246862,1
1872,168480,0.5682883035283568,3294.102638356677,1
3087,222264,1.2813779983543974,2409.125179271427,1
3173,317300,0.17704806426997938,17921.687046301246,1
1218,126672,0.569294108329354,2139.4916655194857,1
3995,319600,0.5174267120416666,7720.900191326606,1
4743,464814,0.7644992901325309,6204.060698575365,1
1251,93825,1.5758717214561335,793.8463410232742,1
1028,112052,0.3608448877706121,2848.869513854652,1
2184,224952,1.4601846926840316,1495.7012020071863,1
688,55728,0.5747387047927863,1197.0657174516346,1
1772,136444,1.2150583467148321,1458.3661803492628,1
1727,162338,1.7186362012820249,1004.8665323770883,1
2059,140012,1.9255441129914743,1069.3081431415208,1
3022,359618,1.6912095896358652,1786.8867457466745,1
2105,151560,0.4922735296856694,4276.077979135101,1
1224,139536,0.6945500570514821,1762.291986838428,1
4845,402135,0.9642089373027402,5024.844525454526,1
3887,423683,0.10284999734539031,37792.90326033454,1
2872,241248,0.9928991950198841,2892.5393578775984,1
2706,308484,1.7636760439801693,1534.2953765438945,1
4390,381930,0.5329238206763772,8237.57510863052,1
3797,353121,1.9929456938759387,1905.2200025658924,1
2921,184023,1.0107372372092704,2889.969709699352,1
3799,345709,1.6263189150363202,2335.9502031710417,1
4254,467940,0.1264865682403356,33632.02954417283,1
3364,275848,0.5077684545612677,6625.066937068059,1
4133,495960,0.2637993407674971,15667.211252217161,1
3591,362691,1.7740165191452002,2024.220158744803,1
2780,169580,0.7887903615202754,3524.383835829289,1
2878,221606,1.1585205583511802,2484.20278712706,1
2858,320096,1.741813619216222,1640.8184942807127,1
4411,388168,0.313470156075831,14071.514989557547,1
4122,391590,1.4672486742844078,2809.3397337778083,1
1995,181545,1.887090551045497,1057.1829734904445,1
3471,315861,0.24381624342472222,14236.131076605912,1
1492,92504,0.9305690301022539,1603.320067331334,1
1821,109260,0.5805251364418941,3136.81507602086,1
4670,368930,0.260628548228794,17918.221283650088,1
1962,227592,0.45297139820823107,4331.399306359886,1
1571,103686,1.2071289830449967,1301.4350761731646,1
3019,253596,0.9804423596294141,3079.2223228106104,1
1082,107118,0.9037799316536219,1197.1940979263543,1
3756,334284,0.19965247241601802,18812.689642898997,1
2266,210738,1.3973049323110467,1621.693266517131,1
3270,196200,0.7952266244908517,4112.035361106824,1
1198,116206,1.0006054818744539,1197.2750716453834,1
2207,262633,0.304165211991298,7255.925112379851,1
688,41968,0.726723919922854,946.7144002539991,1
3226,212916,0.49863845545137964,6469.617344454002,1
4111,485098,0.19863711413432836,20696.03164502247,1
3536,215696,1.1382791896328344,3106.4435089431613,1
4441,484069,0.2850713323000549,15578.557002447296,1
3878,438214,1.1828142271025393,3278.621368547178,1
3150,226800,1.4295084617110463,2203.5546373958614,1
2949,312594,1.0702380084601308,2755.4618474474205,1
2391,193671,1.6303286341751513,1466.5754804764886,1
4298,399714,1.629783191032463,2637.160588996644,1
1983,186402,1.9073273615877437,1039.6746987099598,1
3425,301400,0.6066164144416971,5646.072078600475,1
2183,183372,0.3570860013499917,6113.373225909157,1
2145,158730,0.9449080507627182,2270.0621486594196,1
3366,228888,0.5703672089082517,5901.4612821850515,1
1584,152064,1.6569784535117587,955.9569085783282,1
4271,337409,1.3116759058568177,3256.139707171096,1
4849,349128,1.1624543121070288,4171.3467355210305,1
4285,291380,1.8563956853358556,2308.23634952845,1
938,65660,0.2223926918615105,4217.764496434605,1
3676,404360,1.7570307671598027,2092.1659817842374,1
530,37630,1.7386724063118248,304.8302820450619,1
967,82195,0.3222750412571581,3000.542630381315,1
2414,236572,0.6597201176693893,3659.1274623062905,1
4871,565036,1.8435434940854598,2642.1942393154077,1
842,74938,1.6656363935481868,505.5124895574281,1
3975,318000,0.13574749519980817,29282.308260267753,1
978,63570,1.912615557338636,511.34165266378267,1
746,77584,1.4560249904916844,512.3538434241322,1
2490,249000,0.20283026388485897,12276.274517956072,1
1431,127359,1.46523094403915,976.6378507235271,1
4482,327186,0.7008304099249978,6395.270434226248,1
4085,306375,1.2532743996152038,3259.46177569272,1
1679,156147,1.1047578205348534,1519.7901013157211,1
3438,357552,0.6813498051930177,5045.866269861277,1
4032,310464,1.3864371605094468,2908.1736373240606,1
527,62713,0.32204429708102533,1636.420842650129,1
2281,225819,1.381650263002264,1650.9243048551878,1
2529,217494,0.21792015507409263,11605.16795309797,1
3580,257760,0.28191993056529696,12698.641039040755,1
4955,317120,0.34464887391783433,14376.951079727862,1
3529,299965,1.9032242354522224,1854.2218695326142,1
936,66456,0.7068943200957553,1324.1017410823308,1
2904,267168,1.3363784260759686,2173.0371752012384,1
3538,336110,1.1075456303654798,3194.4507774659296,1
3614,357786,1.8069792686830939,2000.0229458270667,1
3864,258888,0.7072003040443435,5463.798555943093,1
1912,195024,1.7320165819717914,1103.9155282354795,1
3427,394105,1.247638287358515,2746.789702370872,1
2468,222120,1.6772203431390866,1471.482271304252,1
2396,234808,1.075998764978666,2226.768355117495,1
1344,147840,0.8290623539584592,1621.1084649820466,1
1660,112880,0.4309766134466265,3851.7171192296714,1
2770,268690,0.670052997833192,4134.001353560968,1
2860,208780,0.10108819245733558,28292.127205727487,1
4155,340710,0.6301174146323033,6594.009153713987,1
973,101192,0.979123473831625,993.7459636141069,1
563,34343,0.643352974314071,875.1028167706202,1
3917,454372,1.0538086622000602,3716.993549685187,1
2800,198800,0.9736619728974215,2875.7413537141283,1
2213,219087,1.9205076891683337,1152.2994739783253,1
1743,106323,0.7201645836736787,2420.280085294765,1
4033,419432,1.0239934719813257,3938.5016705199746,1
2193,258774,1.8163359901577947,1207.3757343813259,1
1059,97428,1.3974399743634938,757.8143028879316,1
2843,216068,1.7773021579213968,1599.6154549910443,1
1776,106560,1.8429862302460143,963.6534287957905,1
2263,244404,1.5442804309062839,1465.4074186978623,1
4005,396495,0.9159082180777932,4372.708881688222,1
1589,152544,1.684600131608432,943.2505496024422,1
2641,240331,0.43068410316929784,6132.1046692123855,1
1993,151468,0.5435139010884483,3666.879533363896,1
2809,230338,0.527578248537962,5324.328680692146,1
3232,368448,0.42591932685219225,7588.291482066528,1
807,64560,0.7695289159694562,1048.6935360750383,1
3867,406035,0.6768349124763567,5713.357760833714,1
4150,319550,0.48985148542831436,8471.955528258406,1
4354,435400,1.0691481532970903,4072.400991923267,1
4909,476173,0.4948938927312252,9919.297999230024,1
613,47814,1.4327869429436344,427.8375113752801,1
2757,201261,1.802725873775271,1529.3506573055874,1
4189,326742,1.25659156930763,3333.62096509059,1
1760,158400,1.8897849258262376,931.3229119078226,1
1283,79546,1.49689139824098,857.1096082906703,1
580,56260,0.4681680413906867,1238.8714066793582,1
1513,107423,0.6342180332119691,2385.6149159579686,1
4789,526790,0.9329037819255908,5133.43400764772,1
3096,253872,0.22206690267647705,13941.744414341989,1
2636,202972,1.188643557470186,2217.653882388638,1
1233,106038,1.8269113252725453,674.9096045020448,1
1506,173190,1.6297480381201739,924.0692209926447,1
3801,448518,0.8297167712603675,4581.081317937149,1
2510,268570,1.9253758249877488,1303.641589047152,1
4072,305400,0.6661164925962914,6113.044858157999,1
1337,127015,0.7574790754516978,1765.0652583409303,1
3132,200448,0.26769529714913476,11699.869341578842,1
2795,259935,1.9711418729235584,1417.959832518048,1
4948,489852,1.6675616272910243,2967.20668011418,1
1150,101200,1.09451756606398,1050.691222924399,1
3008,183488,1.684839736944613,1785.3330106368949,1
2384,240784,0.12186404366922982,19562.784298137896,1
4025,334075,1.1416105760823234,3525.7206654589986,1
3805,350060,1.2659876987159466,3005.558429879925,1
4549,386665,1.8557239204559868,2451.334462985326,1
4031,374883,1.0102464674736475,3990.115412212663,1
2949,280155,1.339788499646587,2201.0936806651907,1
2104,155696,0.9495444011751926,2215.799490151286,1
4039,472563,0.1765602418812158,22876.0447820258,1
3478,274762,0.9248253640066996,3760.7100057593198,1
1408,88704,0.8790947960267251,1601.6475201124906,1
4114,419628,1.297703608870751,3170.2154266026605,1
2451,191178,1.9220294666075213,1275.2145805163634,1
1554,169386,0.23162364063372234,6709.159720261091,1
1756,142236,0.8500679347343818,2065.7172541729765,1
2114,207172,1.9951629815725027,1059.5625618183008,1
1527,177132,0.8981440932644987,1700.1726242498446,1
2028,188604,0.6603146052007386,3071.2632796960156,1
1470,174930,1.449450676549712,1014.1773181956104,1
4108,250588,1.923010330678664,2136.2339736106437,1
1674,122202,1.367242334814785,1224.362322153205,1
2497,229724,1.8289848658595806,1365.2381966684386,1
4998,394842,1.7857616182367546,2798.80581425811,1
2735,284440,1.270598393823917,2152.5290865266306,1
4986,363978,0.6816014385121123,7315.125406548562,1
2047,227217,0.8123737524139251,2519.7761423451325,1
4431,376635,0.7962770414566451,5564.646183813469,1
3893,420444,1.0418742497804783,3736.5353840161138,1
2478,178416,0.860966695771048,2878.160110224473,1
1448,143352,1.6661023959210104,869.0942426738155,1
763,61803,0.9742653937100703,783.1541640768364,1
1536,155136,0.37150945145724923,4134.484315203896,1
1797,190482,0.7566706943261297,2374.877226612244,1
4656,521472,1.4140177208460498,3292.745155424342,1
502,38654,1.1866208341831561,423.0500472761089,1
1765,187090,1.4065474872709824,1254.8456529004193,1
3844,315208,0.6508298123464628,5906.305960602931,1
2542,297414,0.7905863593662797,3215.3350103809316,1
1490,146020,1.7393315222910248,856.6509494621195,1
1934,191466,0.26399772002048794,7325.82084364179,1
4522,406980,1.1434495953814483,3954.699899553934,1
2571,239103,1.107432595433366,2321.585991420005,1
3383,328151,1.923141814611369,1759.1006416152627,1
1034,76516,0.869785095922035,1188.7993998148304,1
3987,366804,1.4271040548174443,2793.769652984427,1
4535,321985,1.6786551547840154,2701.567374976129,1
3521,274638,0.6137993087809567,5736.402680206537,1
1025,111725,1.9122092170158296,536.0292121170729,1
3450,324300,0.6290364862996612,5484.5785183222015,1
4121,304954,1.6760890099197148,2458.699970950467,1
1211,127155,1.999665723291663,605.601219191058,1
4634,463400,1.0783112535559771,4297.4604825075585,1
1271,146165,1.322660484815683,960.9419912299851,1
1933,185568,0.8323303486814576,2322.3951920798954,1
3033,339696,1.150685299627069,2635.8205853355207,1
2802,226962,1.7425273347397006,1608.0092083138334,1
2664,221112,1.2382996693698551,2151.3370841451115,1
1568,183456,1.147953817179817,1365.9086075885111,1
4969,581373,0.389884243989981,12744.808431211419,1
2572,231480,0.9942513157041102,2586.871105298521,1
4151,427553,0.48743092644313524,8516.078432467426,1
3175,365125,0.22953532478052951,13832.293582853881,1
1063,96733,1.9781179452679236,537.3794836364135,1
2343,210870,1.7343244319545768,1350.9583079328752,1
3235,333205,0.9914103219739778,3263.02836302819,1
1216,74176,0.32672338493417996,3721.8027728409133,1
1624,112056,0.9188138645497513,1767.4961846552162,1
1719,146115,0.2407965229805213,7138.80739938697,1
3531,360162,0.8583144118737134,4113.8770957973,1
3466,339668,1.2707572029561165,2727.5076560157754,1
4018,441980,1.7055300225260828,2355.8658873966274,1
1998,143856,0.579149453164992,3449.886707275879,1
1612,137020,1.7743377509155853,908.507976662382,1
2705,197465,0.21467258988595106,12600.583993685841,1
3429,243459,1.2253338442286779,2798.4210312565747,1
4818,452892,1.9990813244636614,2410.1070531948635,1
1245,93375,1.1062568933999197,1125.4167159796614,1
3088,305712,1.0304097818001343,2996.8659600700207,1
4582,407798,0.17424066647473324,26296.960937442458,1
4782,392124,1.2350722146109248,3871.838377893099,1
3524,232584,1.3396805264671192,2630.477886614628,1
1137,95508,1.343017574108483,846.6009841716026,1
4292,450660,0.15346433552945468,27967.410051283405,1
3044,316576,1.545099547462104,1970.0995997312327,1
2144,227264,1.8388765594531737,1165.929267507527,1
1466,175920,1.1858220852094168,1236.273146102776,1
2662,268862,0.9600904920859524,2772.655308997356,1
2074,242658,1.5490317018153035,1338.9009389346186,1
1424,162336,1.711805996776849,831.8699681396388,1
4213,290697,0.38383464311626136,10976.080652323782,1
4680,491400,0.8044458719627643,5817.66923432808,1
1007,86602,0.5859247640504948,1718.6506899599435,1
3471,256854,1.9674335101139833,1764.2273460102383,1
4117,448753,1.1253495602690744,3658.418810787657,1
2342,194386,1.5183547062461011,1542.4590778199881,1
700,75600,0.6641597981327131,1053.9632208514454,1
3638,294678,0.7613657395367753,4778.255457375067,1
1811,123148,1.8456062206940371,981.2494017922071,1
3745,325815,0.3119413192009894,12005.463109512048,1
2527,295659,0.39356315559981925,6420.824622540354,1
1824,162336,1.0199729672013043,1788.2826885156173,1
4518,460836,0.8578911764746795,5266.402224307465,1
3937,240157,0.3597346591064764,10944.177605179553,1
3024,193536,0.3499219368002259,8641.927475745637,1
3822,386022,0.698177526364257,5474.252400965947,1
601,63706,0.17563002017388651,3421.9662413348597,1
3379,334521,1.4838771308939243,2277.142715963556,1
833,56644,1.8592647445237662,448.026566659481,1
2332,139920,1.1395990007103438,2046.3338407162514,1
2263,156147,1.858770786779266,1217.4712536348557,1
4869,326223,1.6982375893411936,2867.089994097267,1
4518,438246,0.614928956724521,7347.190192612765,1
4495,530410,0.4100320293294394,10962.55823563603,1
1123,132514,0.1079498886449371,10402.975066456163,1
4241,407136,0.5965744573769803,7108.919846563389,1
3582,404766,1.3765161787004656,2602.2215034055585,1
4072,390912,0.5040246296506309,8078.97027338236,1
2047,206747,0.9765245234482376,2096.209517372663,1
2696,320824,1.937262493952751,1391.6544652135067,1
2422,174384,1.8361605400700818,1319.0567748000717,1
4075,277100,1.224316517156435,3328.387670097343,1
2341,166211,1.4452520193237919,1619.7867006581405,1
4767,400428,1.1544519606749226,4129.232018639466,1
3505,346995,0.9942970890867451,3525.10335036716,1
4343,277952,1.883011712171846,2306.4115703193524,1
3087,194481,0.3503284803786334,8811.73005592804,1
1248,126048,1.7738812493023008,703.5420214802207,1
3982,386254,1.2542879868410817,3174.7095099177727,1
4039,411978,1.2652337361159525,3192.2955298354814,1
4927,330109,1.1107714796573782,4435.6558394169,1
811,97320,1.6857674731703542,481.0865157308946,1
2892,268956,1.5699717394116555,1842.0713745355522,1
1921,230520,1.6477527837461787,1165.8302258379995,1
4677,336744,0.9743919674844645,4799.9164156436555,1
2844,233208,1.8728121887946891,1518.5719192859115,1
1632,164832,1.4418287969006531,1131.895828067894,1
3523,306501,1.4247740329642624,2472.67280178482,1
2820,208680,1.3585994215672248,2075.6670106240463,1
2172,238920,0.2621409306975692,8285.619472778275,1
2384,147808,1.5486658058039389,1539.3895771866835,1
3282,269124,0.7231777752504065,4538.303183976554,1
4107,328560,0.8759266043735943,4688.74901103964,1
1978,120658,0.6789749219945457,2913.2151069577935,1
3816,347256,1.1353797213232544,3360.9900972623986,1
2577,255123,1.595465605638564,1615.2024781308837,1
1901,192001,0.5840296926166249,3254.9714920879464,1
1694,199892,0.9072289033347161,1867.224460963861,1
2114,213514,1.2555777153670196,1683.68709807983,1
4068,471888,0.25803808915067644,15765.114419307953,1
774,72756,0.7059550064946353,1096.38715340123,1
2887,300248,1.719369433221905,1679.1039460263562,1
2258,255154,1.7930072735961304,1259.3367764042923,1
3048,295656,0.3551053786623046,8583.36759494303,1
625,69375,1.5147715246696742,412.6034783604039,1
4617,360126,0.26267787483059823,17576.661159519117,1
4454,369682,0.9500581718848546,4688.1339814840485,1
4353,504948,1.5935267658907977,2731.676739403011,1
915,109800,0.7759599326457306,1179.1845964007384,1
1121,75107,0.18416314267540046,6086.994301437588,1
1781,138918,0.319934056080325,5566.772171177829,1
4465,325945,1.7102388909704416,2610.7463837794166,1
3975,286200,0.15146838214430722,26243.100663826535,1
2175,176175,1.170645061884409,1857.950006211842,1
4892,577256,1.8826737042958355,2598.432213100742,1
2650,166950,0.6870377065532098,3857.1390983687766,1
1030,83430,1.2353343284067162,833.782382886139,1
2313,143406,0.4778249452621586,4840.684905496035,1
1652,104076,0.35034703093461717,4715.324675630835,1
1656,147384,1.4276970008504368,1159.9099802083845,1
4573,457300,1.5523496634272165,2945.856921116542,1
4057,450327,0.2778548626000604,14601.148103136049,1
3065,205355,1.463843270455633,2093.8033885594828,1
2916,183708,0.10921529483565694,26699.557093975593,1
1863,154629,1.0930675404063048,1704.3777544684046,1
1773,106380,1.6672215582194292,1063.4459416980792,1
3538,339648,0.13411415907418467,26380.51063678497,1
4693,370747,1.4233602287770928,3297.1273927135653,1
3165,373470,1.6202653035941512,1953.3838026274111,1
2686,314262,1.7936877100866149,1497.4736041817985,1
3989,335076,0.9936326839467241,4014.561984973795,1
1307,105867,0.18563230197309977,7040.800475498058,1
565,40115,1.7621823202493927,320.6251665945885,1
2039,234485,0.6341904014947322,3215.1227694305253,1
2454,193866,1.73183233946802,1416.9962900414562,1
2226,173628,0.9227421223246852,2412.3749703676554,1
4122,309150,1.762299146106734,2338.9899547453733,1
4108,390260,1.9070385923198092,2154.1252581589556,1
3756,244140,0.4859322770632467,7729.472145171242,1
4089,351654,1.9853542560622457,2059.582055703312,1
1125,108000,1.1260495476579124,999.0679382980123,1
871,59228,1.525952543063602,570.7910144121018,1
4447,471382,0.9854355935194399,4512.725163617984,1
3501,210060,1.5519308673764642,2255.8994563452643,1
3200,272000,1.539716230317155,2078.305038936204,1
1109,124208,1.5772077645390894,703.141352036195,1
2814,298284,1.8537787546108524,1517.9804995611348,1
3701,255369,0.1902651796676733,19451.798833945086,1
4694,506952,1.3242499893491628,3544.647942422857,1
1196,102856,0.33849031296869003,3533.3359749962137,1
1830,162870,1.7751058015069172,1030.9244657115548,1
4920,570720,1.6529430146262118,2976.5091454847184,1
1678,107392,0.6326840012107966,2652.1928747822512,1
2312,275128,1.7392246583200497,1329.3279789588569,1
3912,399024,0.8481068745542563,4612.62621182743,1
850,62050,0.6827142185971935,1245.030463473482,1
1893,147654,0.8482179437586665,2231.7377437355804,1
4496,440608,1.7127560960414858,2625.008902546682,1
502,51706,0.6188146780281538,811.2283334965769,1
2642,250990,0.45934038977160996,5751.725863501002,1
1187,123448,0.6423245648990358,1847.9754081748056,1
3034,248788,1.8211326043365679,1665.9962008122277,1
4516,329668,1.3312313233473128,3392.3480621269864,1
2905,319550,0.4855748539090028,5982.599750819057,1
540,59400,1.4036282207190416,384.7172577674253,1
1947,188859,0.6718788038684557,2897.8440587644955,1
4732,506324,1.6089056429058233,2941.1295938111057,1
531,54693,1.9135592382725795,277.4933690996406,1
1856,217152,0.8051638572958973,2305.1208560618747,1
4793,445749,0.25819941366930965,18563.171511065713,1
1759,165346,0.9302994222305158,1890.7890921640746,1
1129,84675,0.7937675727747873,1422.3307158458676,1
2667,304038,0.21592252359987102,12351.652599903167,1
4969,357768,0.4122783974084757,12052.53544991549,1
3648,295488,1.7616405688730723,2070.7969971046014,1
2184,174720,0.5419859892548282,4029.6244613311173,1
4426,309820,0.10421075738169587,42471.62299942564,1
3155,359670,0.3255331854789899,9691.79223727292,1
1200,117600,1.5474802697603638,775.4541517907862,1
3270,235440,0.4895791013595914,6679.206671442895,1
4457,280791,0.3608589971641204,12351.084592669682,1
2458,260548,0.2783509533602593,8830.578700474944,1
3664,293120,0.4397386090733424,8332.222653182802,1
2201,204693,1.3177795757305926,1670.233808852091,1
4164,249840,1.816093659604728,2292.8332897248774,1
3974,246388,1.1445188989939474,3472.2012921702008,1
4334,381392,0.4654342858781144,9311.733431548198,1
2132,206804,0.21602862178641094,9869.062637949539,1
4722,354150,1.4627760572936102,3228.108620219366,1
1808,215152,0.25100108556052514,7203.15609776129,1
3975,274275,1.5856357699049834,2506.88088364593,1
1060,77380,1.7951677809721869,590.4740555369978,1
1539,93879,0.9545593386500969,1612.2622635240234,1
2235,176565,1.006219631299044,2221.185047954772,1
853,99801,1.6278545749153648,524.0025817689207,1
4853,485300,1.4456241498756022,3357.0274821554463,1
750,65250,1.8037318884982059,415.80459090538835,1
994,93436,1.3661033183366484,727.6170013336055,1
665,63840,0.7487119246072544,888.1920778126159,1
4144,418544,1.3456620347272426,3079.5250910381546,1
3663,267399,1.9417222473604347,1886.4696044861512,1
4391,333716,1.8028449884871038,2435.594867024481,1
2685,201375,1.1207162210243722,2395.7893618652365,1
2075,199200,0.9728137275752065,2132.9879926469125,1
3476,351076,0.8498934374353958,4089.924509229107,1
1384,138400,1.0806641044794436,1280.6939679621112,1
4422,437778,1.8730323687890782,2360.8775126821956,1
4953,520065,1.8354925286239643,2698.4582736020043,1
2935,331655,1.3531979485230314,2168.9361879416465,1
3632,399520,1.3638338764618827,2663.080938730084,1
960,61440,1.390391229788003,690.4531468789356,1
3169,253520,1.194630473673592,2652.703132756233,1
1612,180544,0.7939802643307476,2030.2771648345288,1
3667,278692,0.2972677195121807,12335.681809035923,1
2448,225216,0.5511199896662794,4441.863924192518,1
3330,286380,0.5573464185294023,5974.740106496853,1
4764,562152,1.9322953090549393,2465.461659858819,1
3041,215911,1.5254169697587565,1993.5532777512838,1
4065,414630,1.3402103123039184,3033.106045134044,1
2295,206550,1.7826107906245128,1287.4375113571364,1
4902,372552,0.9939825461659685,4931.676133457476,1
3334,276722,1.3004384648586236,2563.7506810923605,1
3355,281820,1.5630156969092825,2146.4915589998227,1
908,66284,0.9646300536768448,941.2935005902106,1
2098,144762,0.5125685529770211,4093.111034250389,1
938,68474,0.3498510034794474,2681.141373530759,1
4980,542820,0.7559347535840145,6587.870152005815,1
1432,133176,1.2751890611004633,1122.9707371895206,1
1162,72044,1.1074702463414572,1049.2381206977636,1
1625,183625,0.41094829622341145,3954.268736319498,1
4356,339768,0.9631397175244711,4522.708305702619,1
4219,341739,1.3825972780554767,3051.503186765794,1
1317,104043,0.825741645115893,1594.9298521999078,1
1660,127820,1.093201436663442,1518.4758676008357,1
3656,277856,0.6141896864893578,5952.558436624527,1
1319,97606,0.25031425177050914,5269.376356601835,1
3086,336374,1.9633765534524084,1571.7820377214787,1
751,85614,1.0304383922891398,728.816012310681,1
1347,98331,1.8685076120679445,720.8961800852536,1
3983,378385,1.8526548314882476,2149.8877892977152,1
2054,186914,1.0567677621311633,1943.6626225782452,1
3422,383264,1.5172554963983023,2255.3881057760054,1
3267,287496,1.825685432338671,1789.4649002128642,1
609,45066,1.0066671671492233,604.9665866471285,1
4048,388608,0.6404046966807293,6321.002986051039,1
1318,144980,1.2021215930977254,1096.3949134327333,1
1285,95090,1.3473508575815316,953.7233696548424,1
1750,173250,1.0195269999432002,1716.4822511787288,1
624,43056,1.2218203875268252,510.713363740053,1
4660,298240,1.793905661213048,2597.683981246196,1
1743,188244,1.7315565562715054,1006.6087611675447,1
652,64548,0.37866101224483595,1721.8566974580092,1
4828,415208,1.3637399777153905,3540.264331099336,1
1584,123552,1.9138951402060431,827.6315492548208,1
535,58315,0.9973601259230412,536.4160708799801,1
2668,208104,1.1642843936759275,2291.536341543219,1
4841,367916,1.5207435630682888,3183.3111890558866,1
4775,463175,0.2259549322711636,21132.532722364416,1
4343,260580,1.008310786769871,4307.203748075356,1
4093,429765,0.640408091323117,6391.237174320589,1
1635,98100,1.5200023011598696,1075.6562662782676,1
4627,434938,0.9413120202490252,4915.4795651880895,1
2996,254660,1.6624133189842338,1802.199227945679,1
2535,271245,1.5580124753377698,1627.0729792779252,1
594,39204,0.5636417797412427,1053.860840963021,1
3538,229970,0.4387339728937233,8064.1122379119415,1
3057,244560,0.45130338669278636,6773.713847800077,1
1021,103121,1.0758999943647156,948.9729578471349,1
4644,492264,0.5875335005065133,7904.230134956393,1
2468,288756,0.23664845814191135,10428.971392325788,1
2428,279220,1.8288601921353487,1327.6028481789551,1
4240,457920,1.5547176811078172,2727.183238167575,1
3961,356490,0.8366932645704028,4734.112449242389,1
1129,67740,0.6210881609696056,1817.7773639051063,1
4927,541970,1.8628248883874627,2644.9077584877086,1
2713,306569,1.2725878275701203,2131.8764341634505,1
2516,216376,1.6406821113192975,1533.5085222431335,1
2316,208440,0.12302849541467131,18824.90712573417,1
789,83634,0.2995828687425998,2633.66194239199,1
1536,132096,1.0216496462941518,1503.4508214940029,1
752,69184,1.6139584638024156,465.9351630576173,1
1647,181170,0.5899769230766391,2791.6346141322747,1
3877,457486,1.129430477040185,3432.703542904356,1
4328,302960,0.28298815424492396,15293.926389067688,1
1056,97152,1.4650624901037839,720.7883671400214,1
1964,235680,1.3044037860327702,1505.668736191984,1
681,56523,0.5501076268438668,1237.9395717654418,1
4688,539120,0.41303665966384484,11350.082106066297,1
3775,385050,1.1961125500986842,3156.05751288919,1
2705,311075,0.9659297044316478,2800.4108245036523,1
2124,214524,0.13834435520451624,15352.993599630889,1
2101,134464,1.4286238420686708,1470.6460428083838,1
1132,122256,0.36160392282111053,3130.4970122240984,1
3279,383643,1.2112561201369327,2707.1070647133724,1
757,79485,1.2202719145754197,620.3535383860652,1
1429,145758,1.4739705529144176,969.4901958349851,1
2618,159698,0.9509394737514497,2753.0669114744055,1
691,82229,0.35923313388016553,1923.5419420707074,1
3359,204899,1.9535360837812172,1719.446099761004,1
3524,214964,0.5411772057417216,6511.73028466731,1
784,68992,0.652298943460169,1201.9029125529664,1
3323,222641,0.44923735878583915,7396.980538264058,1
616,59752,1.2142400813281946,507.313182518394,1
749,50932,1.1827961566726253,633.2452094763684,1
1121,87438,0.7603788658082239,1474.2650675968798,1
4857,291420,1.1160246636568112,4352.054357011572,1
902,104632,1.0131444808626184,890.2975015291136,1
2683,179761,1.7980703422654885,1492.1551937837646,1
1825,136875,0.5442357964576061,3353.3259147575395,1
3323,338946,1.8731834741522122,1773.985328107789,1
4794,488988,0.17440639058464102,27487.524877555607,1
786,59736,1.7202780662906294,456.90287832060903,1
2691,242190,1.2968529540661116,2075.0232256962704,1
2344,239088,1.8554863901651666,1263.2806214177342,1
4524,515736,0.8390433923270613,5391.854630369979,1
3647,357406,1.2163134200187216,2998.4048025580983,1
2173,178186,1.4511041683952728,1497.4803651780887,1
1182,96924,0.38343376244755933,3082.6706350921754,1
1856,113216,1.2609194310557181,1471.9417865152925,1
3248,337792,0.8095953234703184,4011.880881521766,1
3275,265275,0.7918306611916367,4135.985331852909,1
3006,336672,0.28544480372100767,10530.932638514763,1
4793,498472,1.2111829238051453,3957.2882888258887,1
4458,503754,0.23019443584086857,19366.236997499702,1
2209,242990,0.5842117393480986,3781.1633201088116,1
4761,552276,1.345391432471152,3538.747077685204,1
3099,285108,1.946619345066819,1591.9907545630729,1
3209,295228,0.30846334504523687,10403.180966378332,1
4497,436209,0.26019131489630787,17283.43623534151,1
853,58004,0.5023353324931282,1698.0688890954505,1
3339,340578,0.8814261776567599,3788.1788454214197,1
2682,252108,1.4427036996747655,1859.0095808339674,1
1488,123504,0.37349645735234527,3983.9735309624793,1
3087,367353,1.9119627300809723,1614.571221202238,1
824,87344,1.3456245526648234,612.3550572618357,1
2121,243915,1.1318334921089295,1873.950554377014,1
4356,522720,0.3675544232646034,11851.306158446376,1
3721,279075,1.9732534550563934,1885.7182236093731,1
4100,299300,0.530589357062329,7727.256390328175,1
4494,381990,1.5551790582936016,2889.699405373281,1
1050,82950,0.14954293983738337,7021.394665249964,1
1606,181478,0.8186114003028603,1961.8588250857865,1
2657,297584,0.24085887281001023,11031.35611738848,1
1701,202419,0.4696581172068933,3621.7834583931553,1
1451,111727,0.9307557620496872,1558.9481786335052,1
4327,480297,0.9427686279268167,4589.673300346485,1
1994,153538,1.5185117717662882,1313.127785424171,1
4448,333600,1.461059950900352,3044.365152339574,1
2931,269652,1.0375487684126317,2824.9274532745103,1
4410,454230,0.20790812728704394,21211.292014147322,1
4337,412015,1.091928532315159,3971.871667099389,1
4150,290500,0.6898074517709206,6016.171598822016,1
1759,149515,1.147282100338671,1533.1887418802694,1
825,79200,1.5274309757688376,540.1226065778412,1
1398,107646,0.14702572017830495,9508.54039894911,1
1509,156936,0.24532635993843602,6150.990054141265,1
4814,500656,1.4058041667960972,3424.3745421322537,1
4211,252660,1.9105883180215377,2204.0331557981035,1
4746,336966,1.0011615879337639,4740.493499950371,1
4402,396180,1.3114606657658494,3356.562735664953,1
2213,225726,0.26467387452700364,8361.233249616469,1
1374,125034,1.667913569478032,823.7836930782862,1
684,45144,1.3892290746858378,492.3594045529753,1
4976,517504,1.1341898888551332,4387.272403761986,1
4399,277137,1.1382693425741284,3864.638917579844,1
1634,111112,1.6835914895653046,970.5442265106075,1
633,51273,0.9245003896205921,684.6941408643196,1
3998,271864,0.4303701545408877,9289.677636370965,1
4785,468930,1.82845121690284,2616.968916515679,1
2908,174480,0.565422980055503,5143.052374197005,1
1593,101952,0.5663351858946627,2812.821875941671,1
3670,381680,1.7479336566495915,2099.622022860176,1
1728,139968,0.6895797238384258,2505.8741437195804,1
2512,273808,0.40960761846337024,6132.698433255921,1
1319,112115,1.887844298787896,698.6805007419698,1
3983,286776,1.6800352154917397,2370.7836379097516,1
3903,304434,1.9072391014456087,2046.4135813080209,1
1975,130350,0.9904573613947291,1994.0282913530682,1
2527,288078,0.14234773492887823,17752.302144200436,1
3709,248503,0.6315500865722758,5872.851700694898,1
2257,196359,1.0592937368664619,2130.6649151693464,1
3602,280956,1.1793864396058142,3054.130418189219,1
914,107852,0.4766324646576915,1917.6201114550972,1
3705,240825,0.37218520468243455,9954.721341385066,1
4836,507780,0.5311341776284941,9105.043892284742,1
1346,134600,0.2745806785466235,4902.020080671666,1
3043,359074,0.7022404458613928,4333.273621497761,1
2290,274800,1.8888257207736443,1212.3934859707642,1
2654,291940,1.1188694108265669,2372.0373211734804,1
3871,344519,0.19607089268722613,19742.859059529303,1
3007,270630,0.2163198429130897,13900.712757119167,1
1193,85896,1.5857540866011033,752.3234592805431,1
2562,179340,0.5358810320407535,4780.911894274998,1
1665,149850,1.7008637652587608,978.9143810390336,1
3128,209576,1.4411918952100977,2170.4257499616306,1
1316,131600,1.9962585976715417,659.2332283678062,1
4318,259080,1.4346094426962066,3009.878418118276,1
868,60760,1.1274801026775734,769.8583752730073,1
2884,250908,1.5717252894637719,1834.9262554552006,1
4284,488376,1.2239897060698004,3500.0294355054784,1
4713,358188,0.41615516831502575,11325.102651211822,1
3711,419343,1.6751316130176281,2215.3483172076867,1
4763,438196,0.513808996062939,9269.98171790779,1
1159,135603,1.3583560988053611,853.2372336085584,1
4990,508980,0.37793099026698584,13203.468698015107,1
2139,154008,0.42114413054630995,5079.021277644972,1
4364,353484,1.251807503160203,3486.159005264811,1
1522,118716,1.5788838141081176,963.9721342382306,1
3895,408975,0.8937275238444171,4358.151557474081,1
3778,321130,1.8720986023740789,2018.0560976911022,1
4894,293640,1.987053168508394,2462.9436582583953,1
3871,298067,0.27459192331588533,14097.282808813263,1
3336,380304,1.2468691047258982,2675.5013716803574,1
614,63856,0.38711697637397036,1586.0838905882847,1
1461,115419,0.9213384800690952,1585.7364384590048,1
4694,347356,1.856149263604281,2528.8914485708788,1
943,70725,0.9246210382130995,1019.8772913737927,1
3714,434538,1.25868380276258,2950.7013531503717,1
2024,194304,0.7728503375974679,2618.877034190004,1
3744,262080,0.511670124447982,7317.214394800232,1
4066,439128,1.2180595190494095,3338.096321576439,1
3161,195982,0.581376329312395,5437.097866950613,1
1661,182710,0.500502482788867,3318.6648560556287,1
2536,294176,0.5539336219908891,4578.165865587612,1
1108,74236,1.3908546308645424,796.6324987617702,1
530,50350,1.8632587078942047,284.44788571469445,1
4540,326880,1.2728240167719247,3566.8717278875133,1
4356,426888,0.11931688200302036,36507.82627633308,1
3417,396372,1.4593526748336174,2341.449095154176,1
2480,228160,1.7666888211932688,1403.755981387227,1
1313,133926,1.7481318266292265,751.0875209747459,1
3113,329978,0.36851295453095,8447.464225409072,1
2232,196416,1.4170557190532014,1575.0968504550403,1
4675,434775,0.7945541029018584,5883.803233695524,1
4201,483115,1.6118541067633445,2606.315287700414,1
4067,349762,1.7911138976824326,2270.654035604544,1
4012,393176,0.4161897899061775,9639.832829403224,1
3114,233550,1.4376018653362683,2166.1073730393405,1
4445,328930,0.41582855232385396,10689.501659179388,1
1333,107973,0.6848905349021871,1946.296425589197,1
3677,422855,1.529995968884576,2403.274305801387,1
1806,126420,1.448471856856001,1246.8312666564582,1
2287,169238,0.11635739564879288,19654.960367993815,1
1382,131290,1.8735072960846788,737.6539194099495,1
4969,596280,1.9979778618827382,2487.0145434532506,1
1270,86360,1.0042271175635173,1264.654158196114,1
1970,165480,1.1672238682757037,1687.7653495127781,1
3755,390520,1.3291310287556366,2825.154118563855,1
1619,181328,0.3729951644574383,4340.538844129548,1
615,70725,1.9833213221436337,310.0859115129612,1
3650,270100,0.22117444834190628,16502.81046189199,1
3420,314640,1.2470366293159953,2742.501639166673,1
1693,189616,1.8914208778835628,895.0942753124365,1
4875,351000,1.362240428595684,3578.663426562354,1
3064,294144,0.15664898273515976,19559.654627187614,1
3571,342816,0.6945764179470131,5141.262944911008,1
4206,269184,0.46908027150748965,8966.482402858514,1
1829,153636,1.2239469467262067,1494.345816942621,1
4866,296826,1.975601226922922,2463.0476705964543,1
3830,248950,0.8273248028476787,4629.378917224549,1
2454,161964,0.4985029960950327,4922.738718168464,1
1768,132600,1.552776782674018,1138.6053808425372,1
2610,300150,1.611058531621028,1620.0528713093056,1
4665,443175,0.774906600236138,6020.08035365608,1
1363,84506,1.060927616375091,1284.724781372937,1
923,105222,0.73137340233411,1262.009251436177,1
3570,424830,1.8567835931271113,1922.6796344034724,1
1519,173166,0.12812245027597272,11855.845690806804,1
762,80772,0.47516662303142687,1603.6479901274597,1
950,62700,0.9062095544056821,1048.322648311777,1
1240,83080,1.1897852939897313,1042.2048467601096,1
1333,145297,0.44545020197319063,2992.4781582661094,1
1706,196190,0.5912545509599837,2885.390052778575,1
4838,498314,1.3833478369254728,3497.3127299295766,1
2408,202272,1.4036865826479716,1715.4826652666657,1
1855,159530,1.154773170690647,1606.3760806726755,1
1036,109816,1.729943403995234,598.8635221287587,1
1352,137904,1.7207223637799247,785.7165272322321,1
728,56784,1.4289509654132733,509.4646475776388,1
1962,217782,1.131394664907729,1734.1428776845178,1
3997,283787,1.3056218012525702,3061.3765764062846,1
868,64232,0.6550606684861903,1325.0681070593064,1
3443,402831,0.27199781902693293,12658.189732245897,1
3457,293845,1.1764860240755142,2938.411446677847,1
4773,544122,0.2197062080786757,21724.465784284133,1
3520,401280,1.008910212555589,3488.913043197146,1
3354,379002,0.4722773662899171,7101.758922618109,1
844,99592,0.24011115192990604,3515.038736086623,1
2167,169026,1.0763893269705649,2013.2120838645765,1
4621,499068,1.5377127571902978,3005.1126118271086,1
723,57840,1.3222111788082034,546.8112897454761,1
2549,270194,1.9895679684642829,1281.1826690030268,1
1400,141400,0.9869799678391346,1418.4685055615867,1
2660,284620,1.3597380243471016,1956.2591854980585,1
2612,206348,0.8154040716057677,3203.3197907096696,1
4309,310248,1.125790098253762,3827.534108430857,1
4756,304384,1.6824922477375588,2826.7589383519453,1
512,56832,1.4614046275900447,350.34787103714234,1
1701,119070,1.5449117975388718,1101.0337306697932,1
2013,183183,1.3924884042292685,1445.6134743284845,1
2955,351645,1.791268737340791,1649.6687171500653,1
2460,186960,1.2326149459239413,1995.7570757476396,1
4829,424952,0.9941575070477684,4857.37920376431,1
2646,238140,1.7816851891945804,1485.1108467686918,1
3440,264880,1.050364770385104,3275.0527216737896,1
4861,583320,1.342606443959373,3620.569543569905,1
1585,120460,0.9826362097426737,1613.007931404308,1
644,62468,0.18898288998009583,3407.715905222043,1
2846,256140,1.1586643788402153,2456.2764265254723,1
514,47288,1.4830936593995805,346.57285245767224,1
2589,199353,1.7118639718036783,1512.386522903535,1
3203,269052,1.5022693548345056,2132.1076607815457,1
4023,406323,0.4246477844159492,9473.733639121989,1
1990,151240,0.8046490356224132,2473.127925221078,1
3637,323693,1.9363321171667929,1878.2934847569406,1
4452,276024,1.6025778920560891,2778.024096094409,1
1756,128188,0.782556084842841,2243.9286257069402,1
1565,120505,0.21461339147843034,7292.182417970362,1
2252,182412,1.889629284864728,1191.7681515828185,1
4300,387000,1.3623185391081125,3156.383677208958,1
1106,113918,1.6497607609431133,670.4002338907228,1
4211,391623,0.18029295469021528,23356.431244002106,1
4402,413788,1.1592497328035085,3797.283601139405,1
1592,98704,1.9027020173215372,836.7048468477911,1
3592,269400,0.37770586656040184,9510.045561936158,1
2100,144900,1.7678198704960197,1187.903832877937,1
4560,437760,0.7731240547548123,5898.14787414182,1
2586,219810,1.207544311097553,2141.536319813846,1
4815,317790,1.6673149218149856,2887.87675141691,1
4478,362718,0.11706149210098987,38253.399300060126,1
3585,308310,1.3473895540070746,2660.700455438722,1
1542,100230,1.1882139072964126,1297.7461301631877,1
4306,383234,0.26952026483317193,15976.535206602497,1
3965,281515,1.9256648382307104,2059.0291318000172,1
4609,336457,1.6056692198279723,2870.4542274864043,1
2085,168885,0.12279274980319978,16979.829862444112,1
4230,338400,0.33404747054514305,12662.870918007324,1
3666,252954,0.758097729510818,4835.788127693748,1
4806,451764,1.8434395642523655,2607.083027400003,1
2751,258594,1.2951822008428286,2124.0254832175815,1
1144,72072,1.4729240744444405,776.6863342440074,1
4941,583038,0.8774109373310075,5631.340788878249,1
1082,67084,0.6653295637196928,1626.2617190055498,1
1502,102136,0.5637604895377041,2664.251979119134,1
1872,144144,1.7231921290185486,1086.355937028453,1
3594,276738,0.9586550577065207,3749.00228305086,1
4808,370216,1.1629414461222798,4134.344008489705,1
959,95900,1.2472658459701653,768.8817930022428,1
1853,216801,1.8766450154295535,987.4003792751708,1
3282,341328,1.8102775841305814,1812.9816271112036,1
1231,98480,0.8573482707691105,1435.8225728917537,1
4513,302371,1.12758414517248,4002.3620581412774,1
948,107124,1.330378058074865,712.5794012055577,1
2965,281675,0.3842221951983208,7716.888917543091,1
2592,228096,1.8795558727820376,1379.0491879145009,1
4758,290238,1.7013137925562059,2796.6622152937207,1
4983,443487,1.4212367874932623,3506.101195697922,1
2649,280794,0.4662037480528345,5682.065000686762,1
4633,416970,1.8629087666654878,2486.9709579459627,1
889,72009,0.37256670227964606,2386.149901642908,1
777,62160,1.3885949422226793,559.5584258403542,1
4956,500556,1.232805415831574,4020.099146512096,1
2073,130599,0.9592234241839553,2161.123204183189,1
3532,402648,0.7191527126245149,4911.335155936668,1
2599,218316,1.3135089385860377,1978.6694430856055,1
4814,577680,1.8995088874222175,2534.3392873159837,1
4008,444888,1.2937199412006977,3098.0429939730134,1
1867,186700,0.36419770637621607,5126.336512595689,1
1478,149278,0.2063330226728325,7163.177182469521,1
4146,497520,0.9788959257793186,4235.383855233933,1
4814,414004,0.6987233248231457,6889.7084568036635,1
689,73034,1.5400869388949194,447.3773412391823,1
1801,133274,0.972660427254139,1851.6225699489987,1
729,53217,0.5597353766317761,1302.4011531784515,1
4271,474081,1.4593381137126389,2926.6692618164643,1
3310,311140,0.39894617016097866,8296.85869315247,1
1747,164218,1.0505924350667342,1662.871292128645,1
3467,221888,1.8421005640008785,1882.0905154439477,1
3659,289061,1.049163663645399,3487.5397679009643,1
3585,218685,0.8742711206828522,4100.558642723924,1
1214,135968,0.41596052881441237,2918.546150184471,1
3058,345554,0.36888874736554167,8289.762216492189,1
3308,291104,0.3230065658552288,10241.277886229229,1
4035,266310,0.5424579409087914,7438.364702045062,1
1102,69426,1.4586657398944722,755.4849406963687,1
992,80352,0.23630311429892328,4197.9979948343835,1
3054,335940,1.194484310655184,2556.7518742250013,1
2826,175212,1.0612843426344283,2662.8113564598666,1
3523,331162,0.29252437253821506,12043.440925729219,1
4151,419251,0.29831360663963896,13914.886574430991,1
833,78302,0.6366236920432569,1308.4652839834932,1
2554,263062,0.45413235954628905,5623.9110609770905,1
3431,367117,0.9444810531868106,3632.6827186456817,1
4308,262788,1.2428156115478934,3466.322727177929,1
4338,351378,0.20438766630127989,21224.372676213854,1
2028,123708,0.831252358609953,2439.692325675066,1
4373,507268,0.16210759969702238,26975.90987821112,1
3554,358954,1.5827436103441606,2245.4679183492003,1
4629,462900,1.4792063277696197,3129.3808802046633,1
2195,241450,0.20847983750467305,10528.596080428159,1
2140,147660,1.7404790625546607,1229.5465346528936,1
1526,123606,1.1127582257285034,1371.3670811114018,1
2343,220242,0.8013971396131159,2923.644076307923,1
1775,166850,1.8633461353872056,952.5873729472988,1
2204,187340,0.18287898698842742,12051.685304553164,1
3079,261715,0.2786270165290801,11050.615401032537,1
906,85164,0.5087125300602856,1780.9665507799334,1
1867,154961,0.4491525400771028,4156.717002378536,1
2898,246330,0.7709040105949501,3759.2228865996562,1
4720,330400,1.5323070664168243,3080.32254333809,1
1139,79730,1.6239987017696975,701.3552404683658,1
2280,164160,0.9647568125632559,2363.2898677774388,1
3816,431208,1.9067923386074097,2001.2666941943687,1
4281,269703,1.063897187105619,4023.88506322369,1
2647,161467,1.4335482090864429,1846.4673759990628,1
1213,75206,0.44947156713333725,2698.7246551240905,1
1448,124528,0.2413310496193613,6000.056777956478,1
1628,99308,1.1444018032183627,1422.5772761119656,1
3043,286042,0.6915754535221335,4400.098332730386,1
3396,359976,1.1367553085072863,2987.4503110607047,1
3729,410190,0.5533656973354909,6738.762481945473,1
2408,240800,0.34207901161892984,7039.309394060314,1
978,75306,0.5737417692112013,1704.5996169053299,1
845,74360,0.987747872506543,855.4814680144023,1
4714,424260,0.10775994475205715,43745.382487401555,1
1624,160776,0.897057706289307,1810.3629104505449,1
1504,93248,0.6953971177408566,2162.7929734394925,1
3476,368456,1.2253242030965539,2836.800245368283,1
4270,486780,1.2892872100278798,3311.907515089415,1
4296,262056,0.3598963705836685,11936.769445695947,1
1476,163836,0.10382396279003914,14216.371253184408,1
1962,131454,1.6041790900878619,1223.0554631481577,1
1741,137539,1.7704838758800763,983.3469955407414,1
3665,300530,1.9885041689310807,1843.0939483371155,1
2723,280469,1.4633443621137043,1860.8060211246561,1
4385,460425,1.3100383137890004,3347.2303472692665,1
3800,319200,1.3599706456461498,2794.177956829754,1
3479,253967,1.417864898944089,2453.689348393403,1
3571,349958,0.9731609389318973,3669.485546675751,1
3788,303040,0.8305434357145928,4560.869229844477,1
2618,178024,1.4444766521873156,1812.4211256967449,1
1243,116842,0.18585396807035762,6688.046604038312,1
3120,361920,1.2451538254262906,2505.714503934353,1
1239,136290,0.4282483989303052,2893.1806939496337,1
1977,187815,0.5934588980566309,3331.317478723429,1
1477,91574,1.7141263822530344,861.663419507401,1
3570,246330,0.2403378476328303,14854.089920344013,1
3215,372940,0.8974312951951703,3582.446942972735,1
2843,253027,0.8393902518142233,3386.9823885317437,1
2222,211090,0.12379261147186627,17949.374955265266,1
1571,169668,0.4101526989968579,3830.280780407677,1
1734,147390,1.0712406290615784,1618.683938004674,1
2976,187488,1.725327109324652,1724.8903027814251,1
3727,242255,1.8260818135507095,2040.9819386750619,1
2917,198356,0.2717355554517682,10734.701225058323,1
2356,195548,0.14289617769828605,16487.494892792074,1
1222,136864,0.707058839321196,1728.2861510835048,1
2623,228201,0.1044664319147283,25108.543978424073,1
3003,186186,1.2526611022164493,2397.2964393055026,1
2598,231222,0.6302020543969058,4122.487354450547,1
3359,362772,0.1928672444733478,17416.124802177997,1
4821,467637,0.3416198043159473,14112.179502161693,1
2685,174525,1.7565131220717358,1528.5966078255947,1
3407,306630,1.625154067571416,2096.4166216507238,1
4057,438156,0.5552119093006994,7307.119915907195,1
2035,199430,0.9615347244554298,2116.4082255609987,1
1522,126326,1.920756021517585,792.396318402517,1
3691,306353,0.9071090200363515,4068.9706732847685,1
1797,163527,1.0255496066220882,1752.231182574271,1
779,56088,1.046953494901098,744.063612943562,1
2130,253470,1.6996107198357242,1253.2281510944313,1
1783,194347,0.9021203692994608,1976.4546513727253,1
1431,165996,1.2232046834966497,1169.8777966655157,1
4467,460101,1.497884140652264,2982.2066198356397,1
3989,295186,0.16896364799502134,23608.628526519144,1
556,46148,1.9357795662750121,287.2227859445285,1
3645,295245,1.4600200398607872,2496.5410751126064,1
3520,214720,1.0000119540996768,3519.957922072141,1
1649,105536,1.0846226039267903,1520.3444903599889,1
3329,306268,0.7229519925565845,4604.7317585053115,1
4919,565685,1.5572264835618366,3158.8211810711023,1
4296,262056,1.6959767999213362,2533.053518302408,1
758,55334,1.079134940541784,702.4144724842688,1
3936,366048,1.1788603797129409,3338.8177834583244,1
584,65408,0.9378368049102707,622.7096195652881,1
4647,552993,0.5790009817106818,8025.893127625191,1
780,81120,1.5900463464053547,490.5517387989095,1
3997,403697,1.2902395718315156,3097.874291924092,1
4009,256576,1.350155043583744,2969.288615445845,1
1334,130732,0.2660432660521742,5014.222009056177,1
4763,452485,1.720119155405647,2768.9942205641946,1
1808,159104,1.0643171373191542,1698.741790960977,1
2086,210686,1.9464625934770745,1071.6876897560421,1
1313,80093,1.1919466486773096,1101.5593705112742,1
3802,269942,1.5546470947741982,2445.5710963472484,1
1455,122220,0.21821030718060525,6667.879344469948,1
768,57600,0.9073308582865374,846.43875272835,1
4390,491680,1.0013820146654802,4383.9413287910065,1
4246,433092,0.22418054828512665,18940.09106713253,1
2392,169832,0.26269956842412356,9105.458430514665,1
4638,459162,1.828736641446307,2536.177104392631,1
1810,123080,0.8412990617356466,2151.434706542843,1
758,68220,1.6185758434145356,468.31293268341926,1
3727,391335,1.5569756595465434,2393.7432657652844,1
4629,407352,0.8597189562408092,5384.317708010857,1
3365,211995,0.20196826604064835,16661.033270062122,1
1698,188478,0.11285989214254111,15045.203107720856,1
4577,457700,1.8329647566869474,2497.0474654803784,1
4693,535002,1.4907538492631953,3148.0716969602418,1
1799,212282,0.11183890293094492,16085.637044479907,1
3137,354481,0.7123759917376807,4403.5734448995045,1
4814,346608,0.5672949458934018,8485.885578301239,1
2196,234972,0.23964741814944068,9163.461959897293,1
3311,370832,0.11128039739200321,29753.668009797508,1
1127,85652,1.2596642578660842,894.6828434341528,1
4166,291620,0.9004145877008001,4626.757559134888,1
3899,428890,1.4528206673427988,2683.7448610441716,1
3517,323564,0.2751290624016003,12783.091576368282,1
4010,300750,0.1067704318755818,37557.21438565315,1
530,54060,1.456214837324582,363.95728598242954,1
4482,457164,1.1525330817195538,3888.825467216052,1
1514,152914,0.9628292078652466,1572.4491816744853,1
4113,382509,1.8608730667600566,2210.2528503790395,1
796,75620,1.3507208125349435,589.3149736148064,1
4643,311081,1.7416886539473615,2665.8036667329197,1
3540,279660,0.6075243167332118,5826.927256237803,1
1232,97328,1.0174027300510744,1210.926571759988,1
3857,362558,1.0309963598175749,3741.041336637173,1
3755,345460,0.48283996224997394,7776.903930035469,1
3661,252609,1.9692842395979884,1859.051083833058,1
3108,267288,0.33958912604281394,9152.23651657255,1
529,34914,1.7418714620080078,303.6963470256154,1
873,54126,1.6685232062709598,523.2171759547161,1
2195,195355,0.8881692659391467,2471.375766058529,1
4652,339596,0.707378169858755,6576.3974606805905,1
3683,261493,0.21201246855265746,17371.61981624328,1
1618,103552,1.9994942041568406,809.2046461731499,1
4540,408600,1.0145259843682317,4474.996274074893,1
1839,121374,1.7722153443497937,1037.6842779649382,1
2888,236816,0.48872199725999477,5909.289977106587,1
680,71400,0.10376693180104865,6553.147406379496,1
2903,232240,1.7890253313489655,1622.6712663766882,1
2094,142392,1.4010278046752056,1494.617018314953,1
4487,403830,0.47878497200086956,9371.639174990336,1
3075,341325,1.006459329868917,3055.2650353000286,1
605,42350,1.1058647757430315,547.0831635753115,1
4554,496386,1.9101756302416841,2384.0739709488425,1
4044,440796,1.0251392642265005,3944.829879334808,1
3942,461214,1.5276443952450791,2580.4434672557336,1
4937,518385,1.40667586463121,3509.692690500764,1
3458,283556,0.6560348994502203,5271.061040956696,1
2519,302280,1.173361166341778,2146.824074511993,1
3388,294756,1.2967078914494257,2612.770402910854,1
1570,106760,0.7807236189816533,2010.9549164758832,1
2670,184230,1.7758412383105076,1503.5127816606926,1
2938,190970,0.7403660515225341,3968.3072906410507,1
1582,174020,1.499172210624341,1055.249015949385,1
2795,276705,1.7085482661501334,1635.8917423491728,1
2893,303765,0.33376864428713937,8667.680591083828,1
2818,281800,1.5275800044865424,1844.7478964921381,1
4594,459400,0.25796630635667694,17808.52726420833,1
3157,227304,0.31058230625543504,10164.777375964102,1
2404,201936,1.424745287829384,1687.3191443661638,1
589,51243,0.366277968704676,1608.0683260392907,1
3571,246399,0.1417726869411738,25188.208512135534,1
3153,331065,1.4623325579897841,2156.1442934255087,1
2223,197847,1.9098637524977025,1163.957375018391,1
4387,438700,0.8568830013678613,5119.71878657522,1
4937,528259,0.6370957126966147,7749.228101227236,1
2112,234432,1.9698071311531233,1072.1861884841676,1
1731,107322,1.4933034070391358,1159.175015499469,1
971,83506,0.8720847950040675,1113.4238385562853,1
2779,300132,0.5080746160575298,5469.669044999743,1
1178,110732,1.1195325600334676,1052.224867818748,1
4222,392646,1.5501831251845168,2723.549193258996,1
694,44416,0.2413291958124023,2875.739910638422,1
3048,307848,0.5751563595601125,5299.428493377266,1
1210,118580,1.265574765146497,956.0873314821002,1
2658,170112,0.11476093303137355,23161.19196480697,1
1015,89320,1.7988376251778042,564.2532632147237,1
2107,191737,0.4197498402762575,5019.656466368831,1
1068,102528,1.146892226044941,931.2121712455921,1
4627,471954,0.3397613958870326,13618.380593004254,1
2735,311790,1.9111517771047062,1431.07419973906,1
592,59200,0.41991963592299175,1409.7935637107614,1
2201,158472,0.19008509668473295,11579.024544204456,1
521,58873,1.7435514309540296,298.8153895264915,1
1720,196080,1.0080039632034294,1706.342497438058,1
4171,342022,1.5681122605108502,2659.8860968290605,1
3744,340704,1.1923558421096836,3140.002227334743,1
2759,204166,0.6179771343855227,4464.5664806730665,1
3537,332478,1.9832409917758442,1783.444379511781,1
1108,103044,0.8855970945783425,1251.1332825990692,1
596,52448,1.7608717541149486,338.4687150595826,1
3145,226440,1.5899292625048578,1978.0754239627004,1
863,92341,0.6118438543664134,1410.4905914167723,1
4607,460700,1.2643605589935312,3643.7390958061123,1
4683,295029,1.576048969325596,2971.3543748605057,1
556,40588,0.3521566285055432,1578.8429210022614,1
3630,421080,0.3478838677023366,10434.5166218112,1
4728,302592,1.4343008667814579,3296.379518064112,1
3241,220388,0.9360657755903896,3462.36352670394,1
3622,416530,0.6934277814898921,5223.326922693818,1
4531,326232,1.3096026046067253,3459.828183039284,1
1354,83948,0.23560301592926858,5746.955295370626,1
2856,314160,1.4234375377822912,2006.4104846143332,1
4913,481474,0.3428125900734336,14331.445641910614,1
2115,160740,0.12328983976641004,17154.698262299353,1
4056,352872,1.3732030029342588,2953.6783646213585,1
667,79373,0.6657576831921352,1001.866019483107,1
4483,277946,0.46234067471249707,9696.313227876215,1
1195,99185,1.5465140089935316,772.7055772211877,1
3678,430326,1.8139787477741183,2027.5871503528745,1
1567,128494,0.16503277950355405,9495.08336897552,1
4365,519435,1.9046238253501235,2291.7911358152783,1
1874,121810,0.4735506432197629,3957.338094313017,1
980,114660,1.0598061274766473,924.6974277581672,1
4974,482478,0.16518754840682065,30111.22840657536,1
2990,248170,0.12181090263290295,24546.242868020225,1
2447,227571,1.686635305066937,1450.8174900933232,1
1432,108832,0.7443080657603544,1923.9345452170103,1
2598,239016,1.9279547277625508,1347.5420156857401,1
4014,301050,1.13136056322822,3547.940533251811,1
2981,181841,1.6182245491353364,1842.1423662079737,1
1409,160626,1.9809801466175063,711.2640691557895,1
4741,379280,1.8540450410319784,2557.1115561254737,1
3900,241800,0.7455128859588408,5231.297907056319,1
3210,308160,0.651486803308557,4927.191132188875,1
1551,141141,0.5930499640906953,2615.293978439235,1
892,94552,1.2108967913823263,736.6441189275243,1
3417,351951,0.7540028517360358,4531.813098760317,1
3788,295464,1.8247480737330692,2075.902999722318,1
4402,330150,0.5840588802091294,7536.911344321672,1
4382,271684,1.843122595939157,2377.4869938953607,1
1935,152865,1.4218292249726574,1360.9229336506367,1
1190,117810,0.6677089164227259,1782.2137322584624,1
1547,131495,0.7232003921908547,2139.102822266919,1
1468,165884,1.4907988841879052,984.7069350334773,1
1622,123272,0.7842211439882524,2068.294144367392,1
3890,424010,0.3757877311976372,10351.588615207187,1
1383,154896,0.37817971311039544,3656.991509738347,1
3257,338728,0.3259418712012499,9992.579314822042,1
4028,249736,0.8591874481805507,4688.150424601584,1
726,46464,1.331828460147091,545.1152469889541,1
3613,310718,1.3890118261727824,2601.1297614038963,1
1813,197617,1.6030193871587932,1130.9906882744433,1
812,48720,1.5030861427192204,540.2218654820526,1
4785,296670,0.7806502303776719,6129.5056528518,1
2820,217140,1.5901105803912279,1773.461565991324,1
4280,312440,1.401303884367939,3054.2982487560166,1
2270,256510,0.39270457025439487,5780.426743008082,1
4148,365024,1.4405465051540858,2879.462749143469,1
3399,258324,0.2609972039551126,13023.128020116928,1
3057,305700,1.2625188008707273,2421.3500804040814,1
2157,258840,1.855661518308872,1162.3887108279037,1
3104,301088,0.5561953764491235,5580.772748987298,1
1525,103700,1.0379132108728142,1469.2943340778745,1
2497,297143,1.9045925417944385,1311.0415719928299,1
4071,289041,0.7029001260807068,5791.718978198858,1
853,91271,0.326140360697006,2615.4383289974407,1
1842,208146,1.2948762420367517,1422.5297678662018,1
2744,216776,0.26846711938135814,10220.990959053506,1
1654,122396,1.4028781439910698,1179.0047532528447,1
4346,421562,1.3846747468175877,3138.6432156637916,1
1101,83676,1.2201752540447726,902.3293960029781,1
3050,192150,1.2998821247528694,2346.3665988790017,1
2017,143207,0.10628716397200988,18976.891701910172,1
1623,172038,0.4688489529487814,3461.669242924175,1
2402,249808,1.6907957518448689,1420.6328572680163,1
1661,127897,0.8746130623384213,1899.1255350783858,1
4051,324080,0.3158810872693627,12824.446170610945,1
883,83885,1.0266240524313848,860.1006355819975,1
987,109557,0.7412550103810932,1331.5255697125942,1
4831,458945,1.61188615127759,2997.109936189304,1
1062,77526,1.0083799961873643,1053.174402522234,1
1972,151844,1.9349664012396626,1019.1391430552031,1
1601,142489,0.9674121538349313,1654.9306246086064,1
772,48636,0.7666337287110248,1006.9997850185874,1
977,109424,1.2837254833967693,761.0661411930796,1
660,56760,1.2903272430030233,511.4981517897422,1
1001,81081,1.559153959617085,642.0148528794663,1
3346,234220,1.3733127718695077,2436.4442452865624,1
4171,433784,0.5327050936105874,7829.8481655762835,1
2413,183388,1.9019849616571507,1268.6745945128898,1
2457,162162,0.4606970613251461,5333.222645121071,1
1847,116361,1.4506157926287948,1273.2523728098126,1
3848,246272,1.4476579320279777,2658.086496033949,1
3721,398147,0.9834975067592019,3783.4361291482605,1
4566,543354,0.40990487719099133,11139.169729548046,1
1913,114780,0.7957472669784398,2404.0296201882293,1
3352,291624,0.9372509799886699,3576.4166392661664,1
1412,98840,1.046509804953642,1349.2467947422128,1
3132,228636,1.9757641657592262,1585.2094365708203,1
4187,301464,0.9517966162229232,4399.049049591651,1
1150,88550,1.293126115323895,889.3177443191257,1
1114,85778,1.300078516048902,856.8713244993716,1
4543,486101,0.11245706524842514,40397.63966776308,1
3312,298080,1.826573442660376,1813.231224459348,1
3666,388596,1.5550769539462796,2357.4396049641687,1
1736,114576,0.9583549869104906,1811.4373313759786,1
2618,178024,1.5432435888329172,1696.4269405971552,1
1013,93196,1.4591035398659624,694.261902820863,1
3498,342804,1.1791075327277276,2966.650541115436,1
3244,214104,0.15984733190947636,20294.3643866206,1
4830,352590,1.0610129328361118,4552.253653581111,1
2547,247059,0.49433170149620254,5152.410804912875,1
1484,135044,1.4933122599902724,993.7640236139673,1
2320,162400,0.269458735076313,8609.852634181469,1
2362,184236,0.5124062747182083,4609.623489288755,1
2004,172344,1.0159737710133818,1972.491866597218,1
3067,343504,1.5955650482054275,1922.2030486626243,1
4561,392246,0.1852333030033262,24623.00205227188,1
1423,147992,0.13367542245422387,10645.18797752291,1
3884,423356,1.9444497499863902,1997.4802640321177,1
4250,399500,0.5853730048426248,7260.327970099332,1
3604,342380,0.2799078242000549,12875.667231881878,1
3476,371932,1.2898861452782464,2694.8114860557544,1
1020,72420,0.4593735653955041,2220.415097507443,1
2784,281184,0.42350758523027443,6573.672106690253,1
1476,126936,1.0264969789487304,1437.8999941252828,1
4088,453768,1.996604015377194,2047.476599523769,1
561,62832,1.4490036693037907,387.16258066451013,1
940,72380,1.3470084237628304,697.8427034436328,1
4615,355355,1.1064154340325398,4171.127641612664,1
2448,161568,0.4414338823818441,5545.564347691959,1
4526,398288,0.26406474391679213,17139.736008931814,1
4736,374144,1.8152475583251326,2609.0105331802492,1
2659,279195,1.9265469449937491,1380.1895702098386,1
4727,482154,0.4922207990393118,9603.41377127071,1
2086,181482,1.6977890396384983,1228.6567714232397,1
1495,142025,1.37991714370017,1083.3983814355997,1
706,81190,0.7920565790854632,891.3504649063995,1
4655,297920,1.4503659947264167,3209.5347084292853,1
878,83410,1.086535206487843,808.073217284951,1
4062,422448,1.055835781548315,3847.1891850864718,1
3342,304122,1.9062706125776694,1753.1613706623373,1
4526,407340,1.4026466679192806,3226.7570326274513,1
2270,238350,0.7500896916835549,3026.3047541755304,1
2915,343970,1.9414451698024688,1501.458833522754,1
4233,304776,1.2215564511877917,3465.2512340989265,1
3348,374976,0.2069999994903261,16173.913083301552,1
782,56304,1.6475099495826138,474.65570705543524,1
2615,279805,0.6382892249472664,4096.888836273311,1
3690,350550,0.2507004710051409,14718.759742275603,1
4059,345015,0.7248285112190002,5599.945279709908,1
2376,230472,0.13524330770147341,17568.336950502686,1
771,77871,0.914015349239817,843.5306919530813,1
3389,298232,1.8355473128785884,1846.315797049773,1
1127,121716,1.7848754023950324,631.4166235288675,1
4753,365981,0.5585255532878473,8509.906076849535,1
1749,166155,1.7134897795523505,1020.723917277713,1
4866,491466,0.572633155376382,8497.586900642631,1
766,65110,1.0315726606826507,742.5555457170549,1
3416,256200,0.20013516463084374,17068.464736324226,1
2170,138880,1.1734444357608984,1849.256712860804,1
4038,456294,1.093427101129753,3692.975961385857,1
2655,167265,0.2478743423363826,10711.072291608873,1
3419,211978,1.9911509236155809,1717.097362861724,1
690,53130,0.4046863870704195,1705.0239939994153,1
3371,306761,1.2287724382093659,2743.388356685803,1
1774,212880,1.25369736156623,1415.0145436884081,1
3202,365028,1.704250442618935,1878.8318429769402,1
1269,135783,1.9498774190285613,650.8101420202211,1
1542,134154,0.9687024158057405,1591.8201243644119,1
4138,268970,1.7603860999206031,2350.620696327148,1
3385,379120,1.1120229423688361,3044.001945489774,1
4413,397170,1.870050926048906,2359.8287824834297,1
1410,157920,1.2618511273797763,1117.405983483847,1
4872,526176,1.0403922770249598,4682.84906336643,1
4647,515817,1.8821610817706291,2468.9704005718622,1
3396,244512,1.7955506385204314,1891.3418130041546,1
3099,331593,1.183882636871141,2617.6581220840294,1
2842,176204,0.618447710492789,4595.376378280144,1
4202,462220,1.9968159553336084,2104.350172471439,1
630,63630,0.598306669368535,1052.9717154330149,1
645,66435,1.6378727931751444,393.8034764895368,1
2457,253071,1.6734825486005949,1468.1957705830878,1
2509,203229,1.2515312319724226,2004.7442172464184,1
3538,417484,0.8525862973722882,4149.726556601116,1
897,69966,0.9139966390762956,981.4040464158898,1
4661,405507,0.9646509640705394,4831.799452448552,1
3884,372864,0.28401448243765637,13675.358969951723,1
3971,389158,1.7318692814600376,2292.898224196391,1
3238,356180,0.2110062705073555,15345.51552527026,1
4543,454300,1.5521093505323373,2926.984492711069,1
3451,414120,0.5709697812890758,6044.102705766132,1
2854,219758,1.56635347403908,1822.0663772912815,1
3404,364228,1.5783656842581577,2156.6611805805337,1
4513,424222,1.9852267578689529,2273.2919461777215,1
2092,219660,0.4040146799178437,5178.029670667927,1
4090,462170,1.7042758107222176,2399.8463008559565,1
4621,489826,1.7138539959166978,2696.262348490393,1
1313,99788,0.11203610150029104,11719.43670314688,1
1210,87120,0.6386681514690222,1894.567620472131,1
4682,472882,0.6011712901601334,7788.12973379494,1
2383,233534,1.791037468340785,1330.5137620641785,1
1013,88131,0.9285015495920522,1091.0051797383355,1
1958,180136,1.7346129375646289,1128.782080196521,1
974,70128,1.719896409465547,566.3131771422604,1
1469,108706,1.797278190137552,817.3470351229112,1
2227,158117,1.047193388328974,2126.6368034978386,1
3835,256945,0.5208484566615055,7362.986202515198,1
2370,246480,0.6744737041861606,3513.8508518426383,1
3294,247050,1.498751987437848,2197.8286118113315,1
4889,464455,1.0363975841162862,4717.3016175725115,1
1024,97280,1.7052852470407305,600.486048757532,1
2606,284054,0.1218801425160857,21381.66190325927,1
2812,236208,1.7443879661126758,1612.0267134532407,1
872,58424,0.307438214092959,2836.342263347706,1
1562,148390,0.8923839548099994,1750.3676434126057,1
3095,300215,1.2232605008538084,2530.123385689115,1
669,76266,1.9826792357940681,337.4222052272938,1
1191,84561,0.3312979854002476,3594.950927821458,1
935,91630,1.8666746881489313,500.89070470397985,1
932,98792,1.853701835163619,502.7777295790054,1
3525,264375,1.1661657276743076,3022.726458468242,1
2183,148444,0.8807710917851161,2478.510046890358,1
1026,97470,0.2348929875399492,4367.946488081106,1
4655,386365,0.25744972759519735,18081.19994331211,1
3783,438828,0.47135758029333574,8025.754030826786,1
2457,240786,1.6345202272244013,1503.1933891526455,1
3752,345184,0.25916379496542585,14477.330834349534,1
3896,323368,1.0089512209051115,3861.4354383802324,1
2423,164764,1.022644906407949,2369.346373132403,1
937,89015,1.9851544812682849,472.0035689118587,1
1017,88479,1.0479009097185974,970.511610943352,1
4150,394250,0.40682045670334654,10201.060275162563,1
4372,275436,1.8151363145930814,2408.6345278041103,1
2865,237795,1.574628476320602,1819.4768118855436,1
1661,151151,0.6609450421099122,2513.068249513827,1
1950,161850,1.6458735587832356,1184.7811696067342,1
1974,219114,1.606896656956303,1228.4548551734772,1
4758,471042,1.517143708762233,3136.156431668448,1
4080,408000,0.12577809275405277,32438.081311807266,1
1295,111370,1.4029790716568067,923.0358642988937,1
4758,518622,1.5941215121512975,2984.7160104997192,1
3588,412620,1.536273097032511,2335.522249872524,1
2639,306124,0.18071166800445632,14603.373590325793,1
4860,403380,0.3088281567429338,15736.907059434438,1
1555,147725,0.8595753755531147,1809.0327436374005,1
3542,251482,0.7343216857192214,4823.499113376771,1
1531,101046,1.1560400275842138,1324.3486068551997,1
4778,530358,1.6930477707282046,2822.129465339842,1
3726,298080,1.4411656169049332,2585.407226132697,1
3449,369043,1.1208776324095997,3077.0531057752787,1
4651,432543,0.7078662196495003,6570.450560987274,1
730,67890,1.8488737291936983,394.83496816105236,1
2129,193739,0.343408519507982,6199.613227564421,1
4066,337478,1.3947948208753675,2915.1241022304594,1
4209,315675,1.7295320517134747,2433.6062438565837,1
2139,175398,1.1871027311391669,1801.8659580939334,1
2904,241032,0.8202590503684837,3540.344966258453,1
4932,453744,1.6126179338653002,3058.380969495012,1
3614,224068,1.0303871782328367,3507.419420919215,1
3653,350688,0.5524267185984824,6612.641780375385,1
2411,262799,1.8585757950938848,1297.2298500628056,1
3648,269952,0.3493130760319848,10443.353685580243,1
3663,410256,1.855726145085537,1973.8903877065113,1
1617,145530,0.6741291257798556,2398.65025580878,1
1951,154129,1.329820017008583,1467.1158315008336,1
3275,314400,0.5232305068945616,6259.1916121969525,1
1939,217168,0.570540038472709,3398.5344923216103,1
2838,329208,0.4236419496110696,6699.05329867702,1
3578,386424,1.5695995289703029,2279.562355849622,1
2680,230480,1.6506855523453234,1623.56785409081,1
4334,494076,0.8210386494499307,5278.6796369496615,1
1869,194376,0.997276112891222,1874.1048500415266,1
3355,389180,1.1361941096362356,2952.8405151423804,1
4724,425160,1.414266823735126,3340.2466357258936,1
2661,188931,0.6433812956488297,4135.96108248137,1
4423,287495,1.1857902109736396,3730.002119319506,1
2299,241395,0.5779049987276939,3978.162509515302,1
2652,236028,1.0320282968270085,2569.6969822955693,1
1696,171296,1.8560355692187254,913.7755914418761,1
4035,322800,0.19519246855324332,20671.904146236866,1
2427,216003,0.9755139244081058,2487.919382055551,1
3473,243110,1.6914675012717773,2053.2466614869795,1
2432,269952,0.35775709902687036,6797.908431769059,1
1722,170478,0.2083295026851812,8265.751983300292,1
2970,320760,0.5552268502867699,5349.164937657501,1
1115,74705,0.5507150896175818,2024.640364901313,1
1718,142594,1.0580359841608713,1623.763298903814,1
3586,218746,0.49753148361223987,7207.584078829499,1
1803,174891,1.347958504820763,1337.5782663574971,1
4005,304380,1.6297981119811575,2457.3595775807985,1
3202,198524,1.8371276844081776,1742.9381894223154,1
3797,360715,1.1154403336440935,3404.036850268245,1
4313,323475,0.718168030348302,6005.558334180167,1
2989,304878,1.9429007819138715,1538.4213274419806,1
2691,185679,1.8042217193482843,1491.5018321429116,1
2929,187456,0.6640491021750632,4410.818402443721,1
4594,431836,0.2412476769794174,19042.67041042616,1
3298,326502,1.8090939453321695,1823.012015771492,1
4329,398268,1.9192061682947912,2255.620095180448,1
2723,234178,0.994800173082277,2737.2331385539364,1
815,62755,1.2646992171657736,644.4220008504772,1
1292,113696,1.072411345860173,1204.7615917040646,1
4925,472800,1.4114117065888359,3489.4141638536953,1
4983,358776,0.8860666860980255,5623.730220513821,1
932,81084,1.3822977832100465,674.2396691367466,1
1433,91712,1.5179502625950847,944.0362015222726,1
4648,395080,0.38209226225001747,12164.601221258537,1
1259,104497,1.4867169043237827,846.832370263956,1
3808,426496,0.30112291006006375,12645.998935253494,1
1997,205691,1.6066488994371195,1242.9598032897154,1
777,87024,0.5354550009123157,1451.10233105702,1
700,79800,0.5253815115933018,1332.3651185918975,1
4413,317736,0.5069544539933154,8704.924012874319,1
4763,466774,0.9304190357148995,5119.1987880388615,1
4399,387112,1.3152961520285098,3344.4939325760674,1
3961,423827,1.7906614239596435,2212.0317928339255,1
4915,437435,1.2349760765253186,3979.83417932164,1
3776,441792,1.369861891943034,2756.48225723256,1
4337,416352,1.7247730203372376,2514.5337669718447,1
4172,421372,0.7115843659394373,5862.97310578501,1
1985,119100,0.8286510219943285,2395.459544866869,1
3385,304650,0.27776817926474334,12186.42109747829,1
4267,354161,1.97320139689433,2162.4756635161193,1
2143,244302,1.682717410016205,1273.5352871753805,1
882,89082,1.184384318963178,744.690710505279,1
4264,345384,0.9810033090025838,4346.570455848248,1
3482,254186,1.0010264452037356,3478.4295826383686,1
3299,221033,1.8896257663015956,1745.8483361268159,1
1763,192167,1.3103587516597743,1345.4330714904486,1
4449,444900,1.2016950286635069,3702.27045454957,1
4910,348610,0.9295849995555789,5281.926883875492,1
2727,226341,0.40401308887484655,6749.7813192006715,1
4401,387288,0.8102117137619045,5431.913566844967,1
4035,334905,0.9225275418319144,4373.853155633137,1
551,43529,1.0937504501361694,503.7712212428363,1
4282,269766,0.39214359292225676,10919.469493535535,1
3241,375956,0.1958130747128352,16551.49945810824,1
3600,432000,0.84599656537176,4255.336424939309,1
4932,527724,0.30340126802035094,16255.700024527192,1
3782,336598,0.27669433636518836,13668.512517034025,1
982,101146,1.7789707219258162,552.0045877635022,1
1505,155015,0.9427902544388621,1596.3253681443266,1
2783,194810,0.955111919915675,2913.7946474856117,1
3973,468814,1.0058432864689915,3949.9194888969228,1
794,71460,1.6745954123723772,474.14437787999833,1
3924,396324,0.9360764911094774,4191.965119590931,1
1229,126587,1.6623855148210938,739.2990308462025,1
3010,273910,0.9296713379342547,3237.7033443757346,1
2357,266341,1.4042603433222927,1678.4636917280257,1
2290,158010,1.3958868642710929,1640.5340995853535,1
945,109620,1.7301305812324248,546.2015470108896,1
2817,183105,1.753256469019943,1606.7244295266632,1
4095,315315,1.6291061811683045,2513.6483105498337,1
3326,229494,1.211087853480679,2746.291270646503,1
2529,189675,1.0257878099945352,2465.422161736815,1
4966,501566,1.5178649960952715,3271.7007196128134,1
1670,175350,0.350116270277504,4769.844025461453,1
1359,159003,0.15574674386762066,8725.70409019339,1
2092,133888,1.3715986998203649,1525.2274592225733,1
3826,374948,0.8606164889939364,4445.650355215256,1
3114,227322,0.3870547858586333,8045.372680490115,1
743,57211,1.0371048551296163,716.4174348669312,1
1836,163404,1.362606073389142,1347.418036552126,1
4188,326664,1.3656336507626945,3066.708262249571,1
1442,103824,0.38895818639213153,3707.3393759251935,1
1095,88695,0.33348703441901106,3283.4859739230014,1
4026,378444,1.8180335719908938,2214.480558569226,1
689,70967,0.9305125716235995,740.4521131808057,1
3742,243230,0.6666576394938973,5613.076005310301,1
1033,120861,1.2558891422204344,822.5248274490515,1
3577,404201,0.6398561709739181,5590.318828300878,1
4125,375375,0.23982320282970623,17200.17058953667,1
1852,218536,0.4568001849484542,4054.289076544445,1
693,79002,0.45542014272230047,1521.671825619201,1
2351,169272,0.5188187822025794,4531.447358206901,1
987,74025,1.8052819680608507,546.7289971661264,1
4320,518400,0.6573291842347664,6572.049596472965,1
677,59576,1.2789060023855028,529.3586852647602,1
3845,230700,1.6207204091957605,2372.401790082954,1
1797,140166,0.8116258380083088,2214.0744119356186,1
1458,167670,1.2231214902043515,1192.032035800799,1
861,65436,0.27170394254289243,3168.890344180702,1
4169,283492,0.2949218793912516,14135.94680938978,1
618,61182,0.6261195093160834,987.0320135449023,1
4948,460164,1.424999364448091,3472.2822503969214,1
3973,294002,1.7068699684370359,2327.6524125842093,1
2684,225456,0.1116600280580628,24037.249915469572,1
2848,301888,0.5740393382702408,4961.3324560332585,1
2166,142956,1.9844755936661034,1091.4722291940864,1
4888,469248,0.8714770413328397,5608.868355871175,1
3755,424315,1.093473715816943,3434.0102973527896,1
2339,210510,1.1601174922840733,2016.1750991228553,1
1969,212652,1.885701926687083,1044.1735102107364,1
3827,447759,0.3328453541245818,11497.832109044788,1
1555,108850,0.9357107377719892,1661.8383622513447,1
4565,442805,0.860656765345057,5304.0889049071575,1
4723,528976,1.7953830202564967,2630.636441757843,1
3352,321792,0.5304638936174962,6318.997466804103,1
2250,254250,1.9861678810859285,1132.8347525033093,1
4869,486900,1.0387615524742193,4687.312490920135,1
733,65237,0.9346531927902212,784.2481100522156,1
1138,120628,0.5828939435838781,1952.3277133454078,1
3904,413824,0.10509578891618304,37147.06402854594,1
965,77200,0.8749670800153942,1102.8986370356033,1
4605,373005,1.3248508062305229,3475.8630770676637,1
4636,496052,0.2270708109011797,20416.538707027248,1
4605,280905,1.344386601551993,3425.353982763496,1
4966,297960,1.44892352901438,3427.3720459064434,1
3922,352980,1.702781478198117,2303.290263733817,1
1205,85555,0.5721135192785213,2106.2253545757785,1
2260,259900,0.8661842463298304,2609.144658975274,1
4274,478688,0.9428148374948615,4533.233706160563,1
1971,204984,0.8172787883252423,2411.661758699194,1
610,43310,1.3019526620381834,468.52701928890104,1
4909,559626,0.808242921665623,6073.669027479458,1
2197,158184,0.3491059049687673,6293.21924588057,1
4444,271084,1.8682981073390459,2378.6353915058235,1
4669,560280,0.17743809722684073,26313.40209893622,1
4477,291005,1.8137727666904457,2468.3356604637365,1
3513,214293,0.8830973721026018,3978.043770683813,1
2323,174225,1.4458256258198976,1606.6944440016237,1
3613,372139,1.702603551121352,2122.044205546524,1
4990,344310,0.29071236030384606,17164.73284721903,1
695,72280,0.926516261208867,750.1217507971231,1
2383,233534,0.2066611335012015,11530.953883915214,1
1664,119808,1.902541044123281,874.6197645196115,1
3680,345920,1.4661289134595268,2510.011204483069,1
3006,309618,0.926047060499784,3246.055333708066,1
908,98972,0.8117150482402405,1118.6191533204917,1
507,31434,0.6718714584599632,754.608628802487,1
3322,305624,0.45740962616047276,7262.63683579441,1
649,72039,1.028841839051706,630.8063838054933,1
4104,406296,1.4149234493994929,2900.510272652402,1
1549,100685,1.9606640933171404,790.0384391593216,1
3992,307384,1.059127941208503,3769.1385947622007,1
2788,253708,1.9594567067730777,1422.843378148122,1
4610,410290,1.4424487923556049,3195.9540085104827,1
2525,204525,1.3249458156182898,1905.738310378905,1
4876,546112,1.962908304340761,2484.0691688028674,1
3518,418642,0.5182236224254619,6788.575139694654,1
1811,162990,0.7524764416384655,2406.719864952413,1
3588,243984,0.9888988535318537,3628.278046015983,1
2641,258818,0.16818489149979746,15702.95629083413,1
974,83764,0.37748988615619095,2580.2015781609466,1
2032,162560,1.5380908997770493,1321.1182774012539,1
2369,227424,1.4875973450782851,1592.5008254672107,1
1831,139156,1.7099687638145795,1070.7797936118,1
1167,80523,0.7400487899226599,1576.923056818942,1
4143,435015,0.8706972631022394,4758.255452921435,1
2024,212520,1.3229107655350398,1529.9595805930346,1
4403,317016,1.8850368498416865,2335.7633567586663,1
2070,138690,1.933093475248945,1070.8225062595197,1
4935,463890,0.9870074858202277,4999.962078199329,1
3569,421142,0.2421508021197895,14738.749443557293,1
855,98325,0.7897369897040863,1082.6389179521243,1
2249,256386,1.4437028264822163,1557.7998177644376,1
615,43050,1.925594907948304,319.3818167369763,1
1469,155714,0.31520052151187145,4660.525283885588,1
3796,341640,0.18070737257372926,21006.337184451168,1
4435,314885,0.9448623300519087,4693.805498369642,1
4893,371868,0.8090151222674826,6048.094609512428,1
1878,138972,0.9525794701425573,1971.489055625931,1
1407,113967,1.1978328357481662,1174.621331131892,1
4134,380328,1.835877406702604,2251.784342956224,1
571,68520,0.15079131836039295,3786.690150392502,1
4548,391128,1.5715511549475765,2893.9560673427213,1
4467,375228,1.9588498335863072,2280.4198277015007,1
3305,280925,1.516258366709725,2179.7076755275143,1
4835,527015,0.29389485190438935,16451.462040488328,1
4485,439530,1.0237470764280285,4380.964891883923,1
2030,138040,1.8269485373423495,1111.1424096012186,1
3125,362500,0.21632360382140337,14445.950163533695,1
4881,297741,1.8995082682522908,2569.612399998098,1
3564,363528,0.13106641851808187,27192.320048848454,1
3958,443296,1.6068841825644136,2463.15200743557,1
4081,314237,0.45770372096247336,8916.248247705631,1
4794,292434,0.4165213530335863,11509.614009184867,1
2008,198792,1.1273030591003284,1781.2423942169848,1
2726,245340,1.6403879128700678,1661.8020521929568,1
4374,328050,0.3372419829818548,12969.915433795031,1
4618,429474,1.8327962271335743,2519.647264454697,1
2270,249700,1.9240116293123815,1179.826548559517,1
3080,329560,1.9774553537302237,1557.5572890634232,1
2980,232440,0.6670144167169498,4467.6695515332085,1
4575,329400,1.895064209295794,2414.166220626408,1
856,94160,0.16339027585366755,5238.989869670299,1
3457,273103,1.2575111484325492,2749.0809956707335,1
1817,210772,1.94391020963373,934.7139548911355,1
4715,344195,0.20266222502720727,23265.312513799818,1
3978,246636,0.27497796744405484,14466.61358717526,1
597,53133,0.7386433255645604,808.2385358910548,1
3771,305451,1.3498587658122125,2793.6255966237936,1
738,62730,1.9096475633296384,386.45874462470556,1
2439,282924,1.8566160220130725,1313.6803577486453,1
649,74635,0.5919737377180204,1096.3324192417863,1
1603,181139,0.6376510249699403,2513.9142528243683,1
3095,247600,1.6022781233179733,1931.6247004552,1
2119,158925,0.494388032486629,4286.106986332258,1
1189,97498,0.19661293660374765,6047.414888046265,1
2325,223200,0.8358097694762315,2781.7334576706185,1
4943,306466,0.5873535109895738,8415.715420977102,1
3454,297044,0.3633438312121473,9506.147354909395,1
1707,117783,0.2583990059632874,6606.062564507411,1
3685,232155,1.6869831089006861,2184.372789838608,1
4187,443822,0.4725623331801412,8860.206804514637,1
2716,179256,0.7457281073587241,3642.078088781893,1
4619,489614,1.735701938631226,2661.1711937376426,1
1132,112068,1.1234899166897838,1007.5746859707384,1
802,50526,0.9373712643302926,855.5841538123009,1
2872,261352,1.4915882929951023,1925.4642943281872,1
4452,307188,1.539487405897368,2891.871659973033,1
1153,137207,1.2055413396584935,956.4168080097713,1
3431,236739,1.2350892841036702,2777.9368213772073,1
4357,470556,1.0563699117583927,4124.5021762760225,1
4426,300968,1.018065010425035,4347.463034951153,1
662,59580,0.2009987023146539,3293.5536019713727,1
3632,352304,0.5298284297822757,6855.049287356118,1
1401,159714,0.37425040952702326,3743.482877602139,1
4302,499032,1.208143060082428,3560.8365781668995,1
1123,102193,0.8647581689768331,1298.6289581152082,1
1524,128016,1.987450072092599,766.8117158763997,1
1396,117264,0.26987935012483266,5172.681790415904,1
806,96720,0.26399282533973384,3053.113276706494,1
839,76349,0.9416802295064958,890.9606188076103,1
4894,572598,1.18205727669821,4140.239306905838,1
3603,360300,1.1340714014809725,3177.0486367038957,1
1517,147149,0.9549919134914813,1588.495126051695,1
686,54880,0.7019439712748602,977.2859773324885,1
2215,155050,0.24741668718429966,8952.508519969211,1
1104,119232,1.9239520328061355,573.8188796681103,1
3474,333504,0.3812685031872325,9111.688930396635,1
907,69839,0.3270094247158589,2773.6203651870264,1
4241,491956,1.0997744197134738,3856.24535721145,1
2703,200022,0.5775518272495954,4680.0994689466515,1
872,76736,1.9498554080689907,447.2126478668343,1
2067,221169,0.6056854881134831,3412.6622489141105,1
4647,320643,1.6340101228872914,2843.9236299153176,1
2735,273500,0.4393839418775086,6224.624387302854,1
3742,392910,0.6512737708563182,5745.663601775154,1
3644,317028,0.6367897055195922,5722.4543179865905,1
4644,455112,1.945242113081753,2387.3634900093416,1
2933,246372,1.9144596022482834,1532.0250145553207,1
1881,127908,0.8585446431358922,2190.916937213097,1
3223,364199,0.6419285175482047,5020.808254959593,1
588,49980,1.8462370111235684,318.48565295642055,1
2418,166842,0.2818250753630739,8579.79013004752,1
808,58176,1.5444008012009691,523.180251766042,1
3918,242916,0.2876969679992136,13618.495972507813,1
3174,222180,1.9110720632428204,1660.8478879724548,1
1886,207460,0.47287722883767314,3988.3502207026686,1
979,59719,0.1048661987016428,9335.705996031907,1
1919,222604,0.6569250198098948,2921.1857398205543,1
2487,253674,1.6280821627367374,1527.5641837506885,1
4570,388450,0.18228286493269844,25070.924805177452,1
1156,109820,0.9837330633829451,1175.115529841651,1
4943,380611,0.8345401542773897,5923.022367066372,1
1679,124246,0.704297876242973,2383.934492258455,1
1272,111936,1.770725125013364,718.3497777445272,1
2311,247277,0.2543381258563301,9086.329437315395,1
541,35165,0.28732977432550866,1882.8539481157798,1
2659,167517,0.761242212673564,3492.9749765995084,1
3134,282060,1.474192311038846,2125.9098806393226,1
848,53424,1.2199448168633988,695.1134086378543,1
2883,314247,0.9366197633237406,3078.090077631105,1
4131,272646,1.2975219293580793,3183.7612193912764,1
694,65930,1.4172908136399975,489.6666183968375,1
2014,157092,1.5862344772796046,1269.6735752800016,1
4762,438104,0.4007989501923832,11881.268645325152,1
1105,79560,0.3720217984015616,2970.2560568971267,1
1342,130174,0.850892125614287,1577.1681974741111,1
3882,461958,1.8651540241559579,2081.3294503957814,1
2541,246477,0.9292559546389463,2734.4457544932084,1
4589,339586,1.7555986075109882,2613.923239837884,1
4884,512820,0.8162662684994146,5983.341696795232,1
964,59768,1.0093352932544006,955.0840106777342,1
2536,273888,1.3233412858328542,1916.3612797011397,1
3462,356586,0.6396826402490721,5412.058702502865,1
4650,506850,1.6346055191499909,2844.7230512338174,1
2863,277711,0.9780462077339411,2927.264558014446,1
3213,314874,0.7613747188028857,4219.998275030488,1
3070,208760,0.4422952963953849,6941.064092292784,1
1693,126975,0.7055512104050179,2399.5423365911915,1
3924,404172,0.8103537755908737,4842.3295086627995,1
2294,236282,0.26164669188358014,8767.548267037584,1
4866,326022,0.5308902404744744,9165.736397133789,1
1883,133693,0.4893254788250707,3848.1544114999065,1
2901,258189,1.4296723693574958,2029.1362288156472,1
2526,151560,0.31791634357304477,7945.48644970693,1
1585,148990,0.9901293478718424,1600.8009492969345,1
4637,510070,1.5127709782354133,3065.235958855368,1
4703,517330,0.5753623922128046,8173.978806491996,1
1718,106516,1.6270388951269597,1055.905919118143,1
979,95942,1.3869163630458599,705.8825074714533,1
1369,119103,1.1428581764733134,1197.8739166258808,1
1233,143028,1.2442868862097534,990.9290322554675,1
3005,222370,1.73864591848603,1728.3565147161648,1
1987,174856,1.3968939071030382,1422.4415969576094,1
834,79230,1.1906145240837167,700.4786042248534,1
508,53340,0.8355497921412673,607.9829170900109,1
2667,277368,0.877926198043041,3037.8407728860693,1
1354,136754,0.41716726118127256,3245.7005282867667,1
3539,265425,1.2312910416004694,2874.2189136695906,1
2474,225134,0.7381084573851876,3351.8109367888246,1
2709,325080,1.8606435871197473,1455.9478337242963,1
2107,210700,0.1407653001580793,14968.17750989655,1
2462,164954,0.25652437575463194,9597.5284717384,1
608,41952,0.42923921947682553,1416.4595694239113,1
2870,235340,1.6412549871932103,1748.6618608289052,1
3624,420384,1.5123082487429111,2396.3368599043274,1
578,38726,1.876240897795364,308.0627869689688,1
4123,263872,1.7328840704077793,2379.2705296377862,1
796,62088,0.2154557329285759,3694.4944057899634,1
4740,364980,0.7913483220436011,5989.777027338967,1
1290,147060,1.10516104494247,1167.2506969942574,1
4133,338906,1.7443659998320118,2369.3422139608438,1
4498,287872,1.0005976912187649,4495.313190780273,1
2309,187029,0.11144916237396861,20717.966387689223,1
934,72852,1.152778808764308,810.2161428532656,1
2664,277056,1.5153455884607017,1758.0148187227107,1
2908,267536,1.050279319871045,2768.7872597139676,1
4636,296704,0.6120060551068278,7575.0884510297365,1
3457,331872,1.4314186840941796,2415.086542053651,1
2292,245244,0.13046281221756675,17568.224699753813,1
1671,138693,1.1682582782892998,1430.334396985291,1
2855,177010,1.6306230527653296,1750.8644902071528,1
4033,423465,0.6260636921658614,6441.836590216363,1
1693,132054,1.0663586146683293,1587.6460101807081,1
2963,260744,1.0166823845621566,2914.3811725193236,1
982,58920,0.1983818114535714,4950.050575729439,1
4570,415870,0.12543301887179686,36433.78785829053,1
4198,398810,0.941574071832267,4458.491504370817,1
2147,145996,0.6555428996827298,3275.14797435699,1
4264,260104,1.0456378890660856,4077.893546692731,1
3773,422576,1.5639548088280433,2412.4737995641412,1
2174,221748,0.8239194377622997,2638.607490441557,1
2813,241918,1.2141329431301415,2316.8797255001077,1
1194,128952,1.3824695112010414,863.6718497775003,1
2612,295156,0.6696045452806769,3900.809841284952,1
2858,280084,0.31709277440230427,9013.13505294188,1
2160,177120,1.2640105032692717,1708.8465597503473,1
1470,108780,1.1559619861443953,1271.6681150589127,1
1311,123234,0.3675241332771394,3567.1126908322303,1
3007,294686,0.24134646174135255,12459.266973727412,1
2456,292264,0.2262804268283749,10853.788966302342,1
4384,451552,1.5923453633664584,2753.1715800217876,1
569,50072,0.536805109407982,1059.9750077407502,1
1374,116790,0.109808713714278,12512.668198401308,1
3077,193851,0.6846730700023951,4494.115709836866,1
1237,91538,1.7036521167775343,726.08720279102,1
2262,149292,0.17650321836009733,12815.630338168257,1
4711,541765,0.7184822360451535,6556.877489318935,1
1706,102360,1.8047876961583114,945.263536332505,1
1480,100640,0.9615854632536682,1539.124764835981,1
3638,323782,1.1015568123616908,3302.598612413175,1
1338,135138,1.44212756054856,927.7958736819705,1
3659,223199,0.5787845013389062,6321.869351262188,1
2642,253632,1.5234646486249739,1734.204992800179,1
4331,368135,0.6529762185643012,6632.707098464581,1
2104,130448,1.1194493523090034,1879.495482006612,1
3252,282924,1.7558323311715536,1852.113064708263,1
4990,523950,0.6727338293801176,7417.495273870759,1
3832,406192,1.323742262286594,2894.8233422575136,1
4076,334232,1.059993841764356,3845.3053587703043,1
3234,303996,1.6075184289334081,2011.7965317173787,1
3689,324632,1.323510178509536,2787.2849486917794,1
2485,226135,1.9206383840227708,1293.8406420865003,1
968,90024,0.3660348126751174,2644.5572018833373,1
4658,288796,0.3073034414049187,15157.656480203166,1
952,80920,1.3203495506552547,721.0211867967445,1
2311,194124,1.8349068236320298,1259.4644971811633,1
627,68970,0.30265709785491013,2071.6513983774985,1
4571,434245,1.942178366251637,2353.5428462329814,1
2076,217980,0.19636396185619126,10572.204697725418,1
4934,572344,1.3767449311545188,3583.8156279699665,1
1503,148797,1.4040048964480554,1070.5090871138618,1
2592,264384,1.6132032866961388,1606.7410855010403,1
2752,255936,0.11372012723629954,24199.76187928112,1
1610,170660,0.3072054674975885,5240.792141867196,1
1379,146174,1.6677963557613522,826.8395570216268,1
1167,117867,1.5082088039372012,773.7655402577742,1
4218,320568,1.903394278989518,2216.0411253517427,1
1523,112702,0.8019965057588138,1899.0107675830889,1
2136,196512,0.4908819785468638,4351.351431403341,1
1415,96220,1.8471236495803982,766.0559163548355,1
716,44392,0.7797378658021777,918.2573162115123,1
2337,219678,1.4120088937720554,1655.0887252253162,1
2627,170755,1.5975249544266126,1644.4187571034777,1
3568,363936,1.6572359121401241,2152.9825499571452,1
3318,205716,0.7631415744378165,4347.817116954047,1
898,53880,1.5643259995902221,574.049143359653,1
4995,394605,0.5410154886577673,9232.637705793504,1
2040,132600,1.8740369996718274,1088.559084136138,1
2396,155740,1.4082204056582668,1701.4382055343103,1
1322,96506,1.9465060878979847,679.1656127968325,1
1484,124656,0.5760023731125722,2576.378274243623,1
4992,514176,0.2131830567135298,23416.495086230647,1
1352,101400,1.6154132019117522,836.9375701523194,1
3742,366716,0.18242617860486582,20512.40687393421,1
4822,409870,1.3063272951531533,3691.264829182545,1
557,66840,1.8727778534659352,297.41915143281113,1
1879,152199,0.724018881446073,2595.236185342431,1
2997,272727,0.8028683799558729,3732.8659028329407,1
3448,231016,0.6063723367046461,5686.275232703209,1
527,37944,1.7484714104015273,301.4061292995218,1
3125,259375,1.8382861781546964,1699.952943745097,1
1089,99099,1.591503510884198,684.2586224613352,1
1880,124080,0.9089987201087611,2068.2097327651454,1
4670,368930,0.4360019127836453,10710.962184052085,1
4608,299520,1.8020621499268652,2557.07052067378,1
696,53592,1.7503903330062198,397.6255963460733,1
4977,378252,0.9759484654284116,5099.654516916781,1
4176,400896,0.7868744221043649,5307.073000075389,1
904,65992,1.9605634825480323,461.0919299716441,1
1040,92560,0.20625589796593663,5042.280052383069,1
531,31860,1.6822769199271508,315.643633762148,1
3075,267525,0.24506691937335998,12547.593154811853,1
4457,374388,1.9696438782399925,2262.845608406442,1
2110,221550,1.601272287062733,1317.7021903441814,1
4573,439008,0.43485339446797866,10516.187888092345,1
4361,510237,0.41624997591407153,10476.877483111884,1
3053,204551,1.569868258834096,1944.7491742188552,1
4607,304062,1.2291484819886436,3748.123247523618,1
4221,455868,0.664386300658701,6353.23153986637,1
1891,158844,0.11708910052318333,16150.094172305875,1
3128,303416,0.19566769625420996,15986.287260908548,1
621,50301,1.2486549070952537,497.3351696063346,1
1940,172660,1.8052173577105357,1074.6628331008308,1
1805,173280,1.0915112115013799,1653.6705999723195,1
2277,243639,0.8017101944208591,2840.1784283719426,1
3699,358803,0.662981571225816,5579.340603933764,1
3056,278096,1.835695562099134,1664.764061697375,1
1225,144550,1.1282325038672691,1085.7691085844795,1
4147,348348,0.36202874387454553,11454.891552580884,1
3098,244742,0.12360529214884715,25063.65177527631,1
3071,350094,1.2001599624716353,2558.8255699477895,1
1133,69113,0.4912996756412302,2306.1281254078604,1
3184,334320,0.8478805426254648,3755.2459809264333,1
783,67338,1.1972128737455303,654.0190280032255,1
3188,325176,0.19473523367030968,16370.946027144439,1
4794,488988,0.43476374807657936,11026.67833095317,1
599,67687,0.46446758390342857,1289.6486660402618,1
3070,334630,1.3961537967953788,2198.898149363369,1
1064,92568,1.6465614155405799,646.1951494537359,1
2966,240246,0.5267998066938268,5630.222263395444,1
4887,581553,1.7185178365033056,2843.7295768449244,1
3168,351648,1.2747409516197508,2485.2108155579203,1
4151,498120,1.3978816881699818,2969.4930802292906,1
568,50552,1.4578043888370884,389.62703388010914,1
1079,118690,1.3655706612245122,790.1458567017372,1
1063,122245,0.5635200569315323,1886.3569928428556,1
2710,186990,1.8951849076967473,1429.939626995823,1
4458,534960,1.836339796092391,2427.6552789883044,1
1028,79156,1.7161019600087228,599.032006230431,1
1651,176657,1.8456659894828715,894.5280508000183,1
761,80666,1.4471106218763818,525.8754849116212,1
2261,244188,1.0777477440649115,2097.893512142506,1
1560,117000,1.7148181096423,909.7174745404374,1
4949,519645,1.6759929154335278,2952.8764438242542,1
2762,198864,0.520392684972467,5307.530408783767,1
3330,273060,0.6321608938290857,5267.646310466519,1
4053,303975,1.6907841826954328,2397.112559651903,1
2715,276930,0.8193190712450028,3313.727331983619,1
4480,488320,1.1017730674434019,4066.173091701697,1
2913,302952,0.541715698795936,5377.359390681653,1
4319,371434,0.37997657997434453,11366.490009177967,1
2927,190255,1.3971043229886242,2095.0475578936657,1
3399,350097,0.9851238245509081,3450.3276799233986,1
1878,185922,1.9731854296847853,951.7605247571735,1
2199,140736,1.0700698432376579,2055.0060483403527,1
2910,340470,1.8443315302121441,1577.8074344720862,1
2901,295902,1.693803004274691,1712.7139299426658,1
820,68880,1.2717337154384432,644.789070263264,1
2727,237249,0.641857239488628,4248.608307624012,1
3707,437426,0.32799596751978055,11301.968216351443,1
1323,142884,0.8099692518919003,1633.3953380449677,1
833,87465,1.2691423804421393,656.348738200518,1
1919,147763,0.3632375289449692,5283.044418823612,1
4759,423551,1.916027856821165,2483.784347423602,1
2564,189736,1.9897595298285256,1288.5979243034265,1
674,73466,0.7467859650807668,902.5343693050058,1
2051,211253,0.5039687317225828,4069.6969293900634,1
765,68085,1.478746631956081,517.3300033069631,1
3325,375725,0.22392410898188825,14848.78075486252,1
4556,332588,0.7174594040928706,6350.185075294176,1
2217,188445,0.41689366984958676,5317.902765949608,1
1914,172260,0.5003908384819867,3825.010077735268,1
4548,454800,0.5984361752970335,7599.807945672072,1
1215,99630,0.47367174171386806,2565.067520396747,1
1507,106997,1.5434862780250698,976.361125755031,1
2340,224640,0.16655998680838552,14048.992467152333,1
2959,195294,0.8940291973696096,3309.735306974197,1
1447,164958,1.6940132441703193,854.1845850258984,1
1271,132184,0.2330800937323501,5453.061132966212,1
1351,124292,1.4553745649289946,928.2833660528574,1
3754,281550,1.8959305610724637,1980.0303223534142,1
2073,151329,0.9813624185096752,2112.369457909461,1
2095,240925,0.29576778363678846,7083.25962428931,1
4757,499485,0.26897419484690843,17685.71145907708,1
1921,115260,1.4489957369913329,1325.7457913497576,1
2071,176035,1.2357904808919535,1675.8504228849695,1
1218,123018,1.2240524357040703,995.0554114125111,1
4089,437523,0.33401473603497106,12241.974855779672,1
3800,418000,1.0738175556885017,3538.7761914206612,1
2467,251634,1.3354652133976967,1847.2963393209227,1
4949,455308,0.8731649155174902,5667.886915803212,1
1049,109096,1.6041414558662743,653.9323550076294,1
825,91575,0.20586671529350414,4007.4472399474466,1
2768,298944,0.43398338530818503,6378.1243561533065,1
520,41600,0.25442455882627657,2043.827853721703,1
3984,422304,0.9302953942569844,4282.510721427329,1
1447,104184,0.9269282603731102,1561.0701085082344,1
1282,137174,0.801148432150785,1600.2028445069882,1
3838,295526,1.9729144105637597,1945.3454135921145,1
4599,473697,0.27010993009687695,17026.401059563173,1
4644,301860,1.0593936946716676,4383.639456566042,1
3368,380584,1.8073021665268563,1863.5511329421913,1
1776877990.5452948,3,c2:83:c9:db:0c:46,5a:46:d9:62:e7:8c,unknown,unknown,-1,-1,-1,-1,-1,2,560000000,0,0,0,211,8862,77.72795216741405,7.772795216741404e-08,3264.57399103139,3.26457399103139e-06,2.56,17,2,0,0.3951584784127588,0,0,BENIGN
1776877990.9231136,2,c2:83:c9:db:0c:46,5a:46:d9:62:e7:8c,unknown,unknown,-1,-1,-1,-1,-1,2,556000000,0,0,0,211,8862,78.22620827105132,7.822620827105133e-08,3285.500747384155,3.2855007473841553e-06,2.556,17,2,0,0.385384413555124,0,0,BENIGN
1776877991.353992,1,c2:83:c9:db:0c:46,5a:46:d9:62:e7:8c,unknown,unknown,-1,-1,-1,-1,-1,2,559000000,0,0,0,211,8862,77.76669990029909,7.776669990029908e-08,3266.201395812562,3.2662013958125623e-06,2.559,17,2,0,0.38137297695615724,0,0,BENIGN
1776877992.5623374,1,c2:83:c9:db:0c:46,5a:46:d9:62:e7:8c,unknown,unknown,-1,-1,-1,-1,-1,4,569000000,0,0,0,298,12516,43.28358208955224,4.328358208955224e-08,1817.9104477611943,1.8179104477611943e-06,4.569,17,2,0,0.3813819340870844,0,0,BENIGN
1776877992.999278,2,c2:83:c9:db:0c:46,5a:46:d9:62:e7:8c,unknown,unknown,-1,-1,-1,-1,-1,4,562000000,0,0,0,298,12516,43.369890329012954,4.3369890329012957e-08,1821.5353938185442,1.8215353938185443e-06,4.562,17,2,0,0.3853933706860511,0,0,BENIGN
1776877993.4365084,3,c2:83:c9:db:0c:46,5a:46:d9:62:e7:8c,unknown,unknown,-1,-1,-1,-1,-1,4,565000000,0,0,0,298,12516,43.39152119700749,4.3391521197007494e-08,1822.4438902743148,1.8224438902743147e-06,4.5649999999999995,17,2,0,0.39516743554368594,0,0,BENIGN
1776877994.5864942,2,c2:83:c9:db:0c:46,5a:46:d9:62:e7:8c,unknown,unknown,-1,-1,-1,-1,-1,6,571000000,0,0,0,382,16044,41.81184668989548,4.181184668989548e-08,1756.0975609756101,1.75609756097561e-06,6.571,17,2,0,0.3853933706860511,0,0,BENIGN
1776877995.0403185,2,d2:9b:db:15:5b:e9,5a:46:d9:62:e7:8c,unknown,unknown,-1,-1,-1,-1,-1,3,388000000,0,0,0,91,3822,35.83872573419612,3.583872573419612e-08,1505.226480836237,1.505226480836237e-06,3.388,17,2,0,0.3853933498441571,0,0,BENIGN
1776877995.4654546,1,c2:83:c9:db:0c:46,5a:46:d9:62:e7:8c,unknown,unknown,-1,-1,-1,-1,-1,6,578000000,0,0,0,382,16044,41.81184668989546,4.181184668989546e-08,1756.0975609756094,1.7560975609756094e-06,6.578,17,2,0,0.38138209920503036,0,0,BENIGN
1776877995.8982818,1,d2:9b:db:15:5b:e9,5a:46:d9:62:e7:8c,unknown,unknown,-1,-1,-1,-1,-1,3,312000000,0,0,0,90,3780,35.83872573419612,3.583872573419612e-08,1505.226480836237,1.505226480836237e-06,3.312,17,2,0,0.38138191324519033,0,0,BENIGN
1776877996.3350527,3,c2:83:c9:db:0c:46,5a:46:d9:62:e7:8c,unknown,unknown,-1,-1,-1,-1,-1,6,575000000,0,0,0,382,16044,41.79104477611939,4.179104477611939e-08,1755.2238805970144,1.7552238805970144e-06,6.575,17,2,0,0.39516547442099603,0,0,BENIGN
1776877996.7636302,3,d2:9b:db:15:5b:e9,5a:46:d9:62:e7:8c,unknown,unknown,-1,-1,-1,-1,-1,3,341000000,0,0,0,90,3780,35.82089552238806,3.582089552238806e-08,1504.4776119402984,1.5044776119402984e-06,3.341,17,2,0,0.3951674147017919,0,0,BENIGN
1776877997.232406,2,c2:83:c9:db:0c:46,5a:46:d9:62:e7:8c,unknown,unknown,-1,-1,-1,-1,-1,8,574000000,0,0,0,438,18396,27.958062905641537,2.7958062905641537e-08,1174.2386420369446,1.1742386420369445e-06,8.574,17,2,0,0.3853933706860511,0,0,BENIGN
1776877997.657856,2,d2:9b:db:15:5b:e9,5a:46:d9:62:e7:8c,unknown,unknown,-1,-1,-1,-1,-1,5,391000000,0,0,0,151,6342,29.955067398901647,2.995506739890165e-08,1258.112830753869,1.258112830753869e-06,5.391,17,2,0,0.3853933498441571,0,0,BENIGN
1776877998.0671432,2,06:2d:ba:7d:d2:de,5a:46:d9:62:e7:8c,unknown,unknown,-1,-1,-1,-1,-1,2,164000000,0,0,0,40,1680,17.973040439340988,1.797304043934099e-08,754.8676984523215,7.548676984523215e-07,2.164,17,2,0,0.3853933498441571,0,0,BENIGN
1776877998.5048683,1,c2:83:c9:db:0c:46,5a:46:d9:62:e7:8c,unknown,unknown,-1,-1,-1,-1,-1,8,582000000,0,0,0,440,18480,28.94211576846307,2.894211576846307e-08,1215.5688622754487,1.2155688622754487e-06,8.582,17,2,0,0.38138209920503036,0,0,BENIGN
1776877998.9199862,1,d2:9b:db:15:5b:e9,5a:46:d9:62:e7:8c,unknown,unknown,-1,-1,-1,-1,-1,5,316000000,0,0,0,149,6258,29.44111776447106,2.944111776447106e-08,1236.5269461077844,1.2365269461077844e-06,5.316,17,2,0,0.3813820783631364,0,0,BENIGN
1776877999.365912,1,06:2d:ba:7d:d2:de,5a:46:d9:62:e7:8c,unknown,unknown,-1,-1,-1,-1,-1,2,86000000,0,0,0,38,1596,17.964071856287426,1.7964071856287425e-08,754.4910179640718,7.544910179640718e-07,2.086,17,2,0,0.3744787031888573,0,0,BENIGN
1776877999.8061583,3,c2:83:c9:db:0c:46,5a:46:d9:62:e7:8c,unknown,unknown,-1,-1,-1,-1,-1,8,578000000,0,0,0,438,18396,27.958062905641548,2.7958062905641547e-08,1174.238642036945,1.1742386420369452e-06,8.578,17,2,0,0.39516547442099603,0,0,BENIGN
1776878000.219857,3,d2:9b:db:15:5b:e9,5a:46:d9:62:e7:8c,unknown,unknown,-1,-1,-1,-1,-1,5,344000000,0,0,0,149,6258,29.455816275586617,2.9455816275586616e-08,1237.144283574638,1.237144283574638e-06,5.344,17,2,0,0.39516545357910204,0,0,BENIGN
1776878000.6379282,3,06:2d:ba:7d:d2:de,5a:46:d9:62:e7:8c,unknown,unknown,-1,-1,-1,-1,-1,2,217000000,0,0,0,37,1554,16.94915254237288,1.694915254237288e-08,711.864406779661,7.11864406779661e-07,2.217,17,2,0,0.395180398569223,0,0,BENIGN
1776878001.0823433,2,c2:83:c9:db:0c:46,5a:46:d9:62:e7:8c,unknown,unknown,-1,-1,-1,-1,-1,10,583000000,0,0,0,493,20762,27.376804380288696,2.7376804380288698e-08,1177.7003484320555,1.1777003484320556e-06,10.583,17,2,0,0.3853933706860511,0,0,BENIGN
1776878001.537432,2,d2:9b:db:15:5b:e9,5a:46:d9:62:e7:8c,unknown,unknown,-1,-1,-1,-1,-1,7,400000000,0,0,0,201,8442,24.888003982080633,2.4888003982080633e-08,1045.2961672473866,1.0452961672473867e-06,7.4,17,2,0,0.3853933498441571,0,0,BENIGN
1776878002.0135114,2,06:2d:ba:7d:d2:de,5a:46:d9:62:e7:8c,unknown,unknown,-1,-1,-1,-1,-1,4,173000000,0,0,0,94,3948,26.879044300647088,2.6879044300647088e-08,1128.9198606271777,1.1289198606271777e-06,4.173,17,2,0,0.3853933498441571,0,0,BENIGN
1776878002.5664196,1,c2:83:c9:db:0c:46,5a:46:d9:62:e7:8c,unknown,unknown,-1,-1,-1,-1,-1,10,591000000,0,0,0,493,20762,26.381284221005494,2.6381284221005495e-08,1135.888501742161,1.135888501742161e-06,10.591,17,2,0,0.38138209920503036,0,0,BENIGN
1776878003.0304086,1,d2:9b:db:15:5b:e9,5a:46:d9:62:e7:8c,unknown,unknown,-1,-1,-1,-1,-1,7,325000000,0,0,0,200,8400,25.385764061722245,2.5385764061722246e-08,1066.2020905923343,1.0662020905923344e-06,7.325,17,2,0,0.3813820783631364,0,0,BENIGN
1776878003.5491948,1,06:2d:ba:7d:d2:de,5a:46:d9:62:e7:8c,unknown,unknown,-1,-1,-1,-1,-1,4,95000000,0,0,0,92,3864,26.879044300647088,2.6879044300647088e-08,1128.9198606271777,1.1289198606271777e-06,4.095,17,2,0,0.3744787031888573,0,0,BENIGN
1776878004.0052094,3,c2:83:c9:db:0c:46,5a:46:d9:62:e7:8c,unknown,unknown,-1,-1,-1,-1,-1,10,587000000,0,0,0,493,20762,27.376804380288696,2.7376804380288698e-08,1177.7003484320555,1.1777003484320556e-06,10.587,17,2,0,0.39516547442099603,0,0,BENIGN
1776878004.4668887,3,d2:9b:db:15:5b:e9,5a:46:d9:62:e7:8c,unknown,unknown,-1,-1,-1,-1,-1,7,353000000,0,0,0,200,8400,25.385764061722256,2.5385764061722256e-08,1066.2020905923348,1.0662020905923348e-06,7.353,17,2,0,0.39516545357910204,0,0,BENIGN
1776878004.9708016,3,06:2d:ba:7d:d2:de,5a:46:d9:62:e7:8c,unknown,unknown,-1,-1,-1,-1,-1,4,226000000,0,0,0,91,3822,41.571493832800364,4.157149383280036e-08,1746.0027409776153,1.7460027409776152e-06,4.226,17,2,0,0.3951674147017919,0,0,BENIGN
1776878005.43727,2,c2:83:c9:db:0c:46,5a:46:d9:62:e7:8c,unknown,unknown,-1,-1,-1,-1,-1,12,591000000,0,0,0,541,22778,23.904382470119533,2.390438247011953e-08,1003.9840637450203,1.0039840637450203e-06,12.591,17,2,0,0.3853933706860511,0,0,BENIGN
1776878005.8840714,2,d2:9b:db:15:5b:e9,5a:46:d9:62:e7:8c,unknown,unknown,-1,-1,-1,-1,-1,9,408000000,0,0,0,250,10500,24.40239043824702,2.4402390438247023e-08,1024.900398406375,1.024900398406375e-06,9.408,17,2,0,0.3853933498441571,0,0,BENIGN
1776878006.3616674,2,06:2d:ba:7d:d2:de,5a:46:d9:62:e7:8c,unknown,unknown,-1,-1,-1,-1,-1,6,181000000,0,0,0,142,5964,23.904382470119522,2.390438247011952e-08,1003.98406374502,1.00398406374502e-06,6.181,17,2,0,0.3853933498441571,0,0,BENIGN
1776878006.8050752,1,c2:83:c9:db:0c:46,5a:46:d9:62:e7:8c,unknown,unknown,-1,-1,-1,-1,-1,12,599000000,0,0,0,541,22778,23.90438247011951,2.390438247011951e-08,1003.9840637450195,1.0039840637450194e-06,12.599,17,2,0,0.38138209920503036,0,0,BENIGN
1776878007.2594917,1,d2:9b:db:15:5b:e9,5a:46:d9:62:e7:8c,unknown,unknown,-1,-1,-1,-1,-1,9,333000000,0,0,0,249,10458,24.40239043824701,2.440239043824701e-08,1024.9003984063745,1.0249003984063745e-06,9.333,17,2,0,0.3813820783631364,0,0,BENIGN
1776878007.7033846,1,06:2d:ba:7d:d2:de,5a:46:d9:62:e7:8c,unknown,unknown,-1,-1,-1,-1,-1,6,103000000,0,0,0,140,5880,23.904382470119522,2.390438247011952e-08,1003.98406374502,1.00398406374502e-06,6.103,17,2,0,0.3744637581987363,0,0,BENIGN
1776878008.1483893,3,c2:83:c9:db:0c:46,5a:46:d9:62:e7:8c,unknown,unknown,-1,-1,-1,-1,-1,12,595000000,0,0,0,541,22778,23.90438247011951,2.390438247011951e-08,1003.9840637450195,1.0039840637450194e-06,12.595,17,2,0,0.39516547442099603,0,0,BENIGN
1776878008.5999064,3,d2:9b:db:15:5b:e9,5a:46:d9:62:e7:8c,unknown,unknown,-1,-1,-1,-1,-1,9,361000000,0,0,0,249,10458,24.402390438247,2.4402390438247e-08,1024.900398406374,1.024900398406374e-06,9.361,17,2,0,0.39516545357910204,0,0,BENIGN
1776878009.03571,3,06:2d:ba:7d:d2:de,5a:46:d9:62:e7:8c,unknown,unknown,-1,-1,-1,-1,-1,6,234000000,0,0,0,139,5838,63.52833638025595,6.352833638025595e-08,2668.19012797075,2.6681901279707497e-06,6.234,17,2,0,0.39516545357910204,0,0,BENIGN
1776878009.4924176,2,c2:83:c9:db:0c:46,5a:46:d9:62:e7:8c,unknown,unknown,-1,-1,-1,-1,-1,14,603000000,0,0,0,584,24584,21.37176938369781,2.137176938369781e-08,897.6143141153079,8.976143141153079e-07,14.603,17,2,0,0.38255036431907385,0,0,BENIGN
1776878010.0011907,2,d2:9b:db:15:5b:e9,5a:46:d9:62:e7:8c,unknown,unknown,-1,-1,-1,-1,-1,11,420000000,0,0,0,292,12264,20.874751491053672,2.0874751491053673e-08,876.7395626242543,8.767395626242543e-07,11.42,17,2,0,0.3853933498441571,0,0,BENIGN
1776878010.4405038,2,06:2d:ba:7d:d2:de,5a:46:d9:62:e7:8c,unknown,unknown,-1,-1,-1,-1,-1,8,193000000,0,0,0,183,7686,20.37773359840955,2.037773359840955e-08,855.864811133201,8.55864811133201e-07,8.193,17,2,0,0.3853933498441571,0,0,BENIGN
1776878010.8650146,1,c2:83:c9:db:0c:46,5a:46:d9:62:e7:8c,unknown,unknown,-1,-1,-1,-1,-1,14,610000000,0,0,0,584,24584,21.38239681750374,2.138239681750374e-08,898.060666335157,8.980606663351569e-07,14.61,17,2,0,0.3785390928380531,0,0,BENIGN
1776878011.3223586,1,d2:9b:db:15:5b:e9,5a:46:d9:62:e7:8c,unknown,unknown,-1,-1,-1,-1,-1,11,344000000,0,0,0,291,12222,20.885131775236207,2.0885131775236208e-08,877.1755345599207,8.771755345599207e-07,11.344,17,2,0,0.3813820783631364,0,0,BENIGN
1776878011.7592695,1,06:2d:ba:7d:d2:de,5a:46:d9:62:e7:8c,unknown,unknown,-1,-1,-1,-1,-1,8,114000000,0,0,0,181,7602,20.38786673296866,2.0387866732968662e-08,856.2904027846838,8.562904027846838e-07,8.114,17,2,0,0.3744637581987363,0,0,BENIGN
1776878012.2321024,3,c2:83:c9:db:0c:46,5a:46:d9:62:e7:8c,unknown,unknown,-1,-1,-1,-1,-1,14,607000000,0,0,0,584,24584,21.371769383697828,2.137176938369783e-08,897.6143141153087,8.976143141153087e-07,14.607,17,2,0,0.3923224680540187,0,0,BENIGN
1776878012.713202,3,d2:9b:db:15:5b:e9,5a:46:d9:62:e7:8c,unknown,unknown,-1,-1,-1,-1,-1,11,373000000,0,0,0,291,12222,20.87475149105369,2.087475149105369e-08,876.7395626242551,8.767395626242551e-07,11.373,17,2,0,0.39516545357910204,0,0,BENIGN
1776878013.1903539,3,06:2d:ba:7d:d2:de,5a:46:d9:62:e7:8c,unknown,unknown,-1,-1,-1,-1,-1,8,246000000,0,0,0,180,7560,82.11678832116787,8.211678832116787e-08,3448.905109489051,3.448905109489051e-06,8.246,17,2,0,0.39515649644817485,0,0,BENIGN
1776878013.650973,2,c2:83:c9:db:0c:46,5a:46:d9:62:e7:8c,unknown,unknown,-1,-1,-1,-1,-1,16,602000000,0,0,0,623,26222,19.509754877438713,1.9509754877438712e-08,819.409704852426,8.19409704852426e-07,16.602,17,2,0,0.38255036431907385,0,0,BENIGN
1776878014.095381,2,d2:9b:db:15:5b:e9,5a:46:d9:62:e7:8c,unknown,unknown,-1,-1,-1,-1,-1,13,419000000,0,0,0,328,13776,18.00900450225112,1.8009004502251118e-08,756.3781890945471,7.563781890945471e-07,13.419,17,2,0,0.3825503434771798,0,0,BENIGN
1776878014.5332553,2,06:2d:ba:7d:d2:de,5a:46:d9:62:e7:8c,unknown,unknown,-1,-1,-1,-1,-1,10,192000000,0,0,0,220,9240,18.509254627313652,1.8509254627313652e-08,777.3886943471733,7.773886943471733e-07,10.192,17,2,0,0.3853933498441571,0,0,BENIGN
1776878015.0365798,1,c2:83:c9:db:0c:46,5a:46:d9:62:e7:8c,unknown,unknown,-1,-1,-1,-1,-1,16,609000000,0,0,0,623,26222,19.509754877438695,1.9509754877438695e-08,819.4097048524253,8.194097048524254e-07,16.609,17,2,0,0.3785390928380531,0,0,BENIGN
1776878015.4880173,1,d2:9b:db:15:5b:e9,5a:46:d9:62:e7:8c,unknown,unknown,-1,-1,-1,-1,-1,13,343000000,0,0,0,327,13734,18.00900450225112,1.8009004502251118e-08,756.3781890945471,7.563781890945471e-07,13.343,17,2,0,0.3785390719961591,0,0,BENIGN
1776878015.9374924,1,06:2d:ba:7d:d2:de,5a:46:d9:62:e7:8c,unknown,unknown,-1,-1,-1,-1,-1,10,113000000,0,0,0,218,9156,18.50925462731367,1.8509254627313668e-08,777.388694347174,7.773886943471741e-07,10.113,17,2,0,0.3744637581987363,0,0,BENIGN
1776878016.3846018,3,c2:83:c9:db:0c:46,5a:46:d9:62:e7:8c,unknown,unknown,-1,-1,-1,-1,-1,16,607000000,0,0,0,623,26222,19.5,1.95e-08,819.0,8.19e-07,16.607,17,2,0,0.3923224680540187,0,0,BENIGN
1776878016.8842742,3,d2:9b:db:15:5b:e9,5a:46:d9:62:e7:8c,unknown,unknown,-1,-1,-1,-1,-1,13,373000000,0,0,0,327,13734,18.0,1.8e-08,756.0,7.56e-07,13.373,17,2,0,0.3923224472121247,0,0,BENIGN
1776878017.336802,3,06:2d:ba:7d:d2:de,5a:46:d9:62:e7:8c,unknown,unknown,-1,-1,-1,-1,-1,10,246000000,0,0,0,217,9114,99.54128440366974,9.954128440366974e-08,4180.733944954129,4.180733944954128e-06,10.246,17,2,0,0.3790122704302514,0,0,BENIGN
1776878017.810033,2,c2:83:c9:db:0c:46,5a:46:d9:62:e7:8c,unknown,unknown,-1,-1,-1,-1,-1,18,609000000,0,0,0,659,27734,17.937219730941692,1.7937219730941693e-08,753.363228699551,7.533632286995509e-07,18.609,17,2,0,0.3478380345810883,0,0,BENIGN
1776878018.2748468,2,d2:9b:db:15:5b:e9,5a:46:d9:62:e7:8c,unknown,unknown,-1,-1,-1,-1,-1,15,426000000,0,0,0,364,15288,17.937219730941706,1.7937219730941706e-08,753.3632286995517,7.533632286995517e-07,15.426,17,2,0,0.3825503434771798,0,0,BENIGN
1776878018.7805343,2,06:2d:ba:7d:d2:de,5a:46:d9:62:e7:8c,unknown,unknown,-1,-1,-1,-1,-1,12,199000000,0,0,0,256,10752,17.937219730941706,1.7937219730941706e-08,753.3632286995517,7.533632286995517e-07,12.199,17,2,0,0.3853933498441571,0,0,BENIGN
1776878019.2799995,1,c2:83:c9:db:0c:46,5a:46:d9:62:e7:8c,unknown,unknown,-1,-1,-1,-1,-1,18,617000000,0,0,0,659,27734,17.92828685258965,1.792828685258965e-08,752.9880478087653,7.529880478087652e-07,18.617,17,2,0,0.3438267631000676,0,0,BENIGN
1776878019.8058174,1,d2:9b:db:15:5b:e9,5a:46:d9:62:e7:8c,unknown,unknown,-1,-1,-1,-1,-1,15,351000000,0,0,0,363,15246,17.92828685258965,1.792828685258965e-08,752.9880478087653,7.529880478087652e-07,15.350999999999999,17,2,0,0.3785390719961591,0,0,BENIGN
1776878020.303024,1,06:2d:ba:7d:d2:de,5a:46:d9:62:e7:8c,unknown,unknown,-1,-1,-1,-1,-1,12,121000000,0,0,0,254,10668,17.928286852589633,1.7928286852589634e-08,752.9880478087646,7.529880478087646e-07,12.121,17,2,0,0.3744637581987363,0,0,BENIGN
1776878020.7719116,3,c2:83:c9:db:0c:46,5a:46:d9:62:e7:8c,unknown,unknown,-1,-1,-1,-1,-1,18,613000000,0,0,0,659,27734,17.946161515453635,1.7946161515453634e-08,753.7387836490527,7.537387836490527e-07,18.613,17,2,0,0.3587852535915399,0,0,BENIGN
1776878021.275753,3,d2:9b:db:15:5b:e9,5a:46:d9:62:e7:8c,unknown,unknown,-1,-1,-1,-1,-1,15,379000000,0,0,0,363,15246,17.946161515453635,1.7946161515453634e-08,753.7387836490527,7.537387836490527e-07,15.379,17,2,0,0.3923224472121247,0,0,BENIGN
1776878021.7337077,3,06:2d:ba:7d:d2:de,5a:46:d9:62:e7:8c,unknown,unknown,-1,-1,-1,-1,-1,12,252000000,0,0,0,253,10626,115.73650503202197,1.1573650503202197e-07,4860.933211344923,4.860933211344923e-06,12.252,17,2,0,0.3790122704302514,0,0,BENIGN
1776878022.2180195,2,c2:83:c9:db:0c:46,5a:46:d9:62:e7:8c,unknown,unknown,-1,-1,-1,-1,-1,20,615000000,0,0,0,689,28994,14.95513459621139,1.495513459621139e-08,628.1156530408784,6.281156530408784e-07,20.615,17,2,0,0.3478380345810883,0,0,BENIGN
1776878022.6888237,2,d2:9b:db:15:5b:e9,5a:46:d9:62:e7:8c,unknown,unknown,-1,-1,-1,-1,-1,17,432000000,0,0,0,395,16590,15.453639082751756,1.5453639082751755e-08,649.0528414755738,6.490528414755738e-07,17.432,17,2,0,0.38325366754735785,0,0,BENIGN
1776878023.1603417,2,06:2d:ba:7d:d2:de,5a:46:d9:62:e7:8c,unknown,unknown,-1,-1,-1,-1,-1,14,205000000,0,0,0,286,12012,14.955134596211364,1.4955134596211364e-08,628.1156530408773,6.281156530408773e-07,14.205,17,2,0,0.3825503434771798,0,0,BENIGN
1776878023.6419327,1,c2:83:c9:db:0c:46,5a:46:d9:62:e7:8c,unknown,unknown,-1,-1,-1,-1,-1,20,623000000,0,0,0,689,28994,14.955134596211364,1.4955134596211364e-08,628.1156530408773,6.281156530408773e-07,20.623,17,2,0,0.3438267631000676,0,0,BENIGN
1776878024.1073592,1,d2:9b:db:15:5b:e9,5a:46:d9:62:e7:8c,unknown,unknown,-1,-1,-1,-1,-1,17,357000000,0,0,0,394,16548,15.453639082751742,1.5453639082751742e-08,649.0528414755732,6.490528414755732e-07,17.357,17,2,0,0.37924239606633714,0,0,BENIGN
1776878024.5825543,1,06:2d:ba:7d:d2:de,5a:46:d9:62:e7:8c,unknown,unknown,-1,-1,-1,-1,-1,14,127000000,0,0,0,284,11928,14.955134596211364,1.4955134596211364e-08,628.1156530408773,6.281156530408773e-07,14.127,17,2,0,0.3716207518317589,0,0,BENIGN
1776878025.0399184,3,c2:83:c9:db:0c:46,5a:46:d9:62:e7:8c,unknown,unknown,-1,-1,-1,-1,-1,20,619000000,0,0,0,689,28994,14.955134596211364,1.4955134596211364e-08,628.1156530408773,6.281156530408773e-07,20.619,17,2,0,0.3587852535915399,0,0,BENIGN
1776878025.526996,3,d2:9b:db:15:5b:e9,5a:46:d9:62:e7:8c,unknown,unknown,-1,-1,-1,-1,-1,17,385000000,0,0,0,394,16548,15.45363908275173,1.545363908275173e-08,649.0528414755727,6.490528414755727e-07,17.385,17,2,0,0.39302577128230276,0,0,BENIGN
1776878025.9453218,3,06:2d:ba:7d:d2:de,5a:46:d9:62:e7:8c,unknown,unknown,-1,-1,-1,-1,-1,14,258000000,0,0,0,283,11886,129.46020128087832,1.2946020128087833e-07,5437.328453796889,5.43732845379689e-06,14.258,17,2,0,0.37616926406327417,0,0,BENIGN
1776878026.3443933,2,c2:83:c9:db:0c:46,5a:46:d9:62:e7:8c,unknown,unknown,-1,-1,-1,-1,-1,22,627000000,0,0,0,725,30506,17.892644135188863,1.7892644135188863e-08,751.4910536779322,7.514910536779322e-07,22.627,17,2,0,0.3478380345810883,0,0,BENIGN
1776878026.863968,2,d2:9b:db:15:5b:e9,5a:46:d9:62:e7:8c,unknown,unknown,-1,-1,-1,-1,-1,19,444000000,0,0,0,430,18060,17.39562624254473,1.739562624254473e-08,730.6163021868786,7.306163021868785e-07,19.444,17,2,0,0.34783801373919426,0,0,BENIGN
1776878027.3930762,2,06:2d:ba:7d:d2:de,5a:46:d9:62:e7:8c,unknown,unknown,-1,-1,-1,-1,-1,16,217000000,0,0,0,321,13482,17.395626242544743,1.7395626242544743e-08,730.6163021868792,7.306163021868793e-07,16.217,17,2,0,0.3825503434771798,0,0,BENIGN
1776878027.9434903,2,d2:9b:db:15:5b:e9,c2:83:c9:db:0c:46,unknown,unknown,-1,-1,-1,-1,-1,3,125000000,0,0,0,30,1260,12.922465208747514,1.2922465208747514e-08,542.7435387673956,5.427435387673956e-07,3.125,17,2,0,0.37785510883752527,0,0,BENIGN
1776878028.4207983,1,c2:83:c9:db:0c:46,5a:46:d9:62:e7:8c,unknown,unknown,-1,-1,-1,-1,-1,22,635000000,0,0,0,725,30506,17.892644135188863,1.7892644135188863e-08,751.4910536779322,7.514910536779322e-07,22.635,17,2,0,0.3438267631000676,0,0,BENIGN
1776878028.9007907,1,d2:9b:db:15:5b:e9,5a:46:d9:62:e7:8c,unknown,unknown,-1,-1,-1,-1,-1,19,369000000,0,0,0,429,18018,17.39562624254473,1.739562624254473e-08,730.6163021868786,7.306163021868785e-07,19.369,17,2,0,0.3438267422581736,0,0,BENIGN
1776878029.3542695,1,06:2d:ba:7d:d2:de,5a:46:d9:62:e7:8c,unknown,unknown,-1,-1,-1,-1,-1,16,139000000,0,0,0,319,13398,17.395626242544743,1.7395626242544743e-08,730.6163021868792,7.306163021868793e-07,16.139,17,2,0,0.3716207518317589,0,0,BENIGN
1776878029.8166895,3,c2:83:c9:db:0c:46,5a:46:d9:62:e7:8c,unknown,unknown,-1,-1,-1,-1,-1,22,631000000,0,0,0,725,30506,17.892644135188863,1.7892644135188863e-08,751.4910536779322,7.514910536779322e-07,22.631,17,2,0,0.3587852535915399,0,0,BENIGN
1776878030.2843986,3,d2:9b:db:15:5b:e9,5a:46:d9:62:e7:8c,unknown,unknown,-1,-1,-1,-1,-1,19,397000000,0,0,0,429,18018,17.395626242544758,1.7395626242544757e-08,730.6163021868798,7.306163021868798e-07,19.397,17,2,0,0.3587852327496459,0,0,BENIGN
1776878030.8064086,3,06:2d:ba:7d:d2:de,5a:46:d9:62:e7:8c,unknown,unknown,-1,-1,-1,-1,-1,16,270000000,0,0,0,318,13356,145.0729927007299,1.450729927007299e-07,6093.065693430656,6.093065693430656e-06,16.27,17,2,0,0.37616926406327417,0,0,BENIGN
1776878031.287865,3,d2:9b:db:15:5b:e9,c2:83:c9:db:0c:46,unknown,unknown,-1,-1,-1,-1,-1,2,926000000,0,0,0,30,1260,12.922465208747514,1.2922465208747514e-08,542.7435387673956,5.427435387673956e-07,2.926,17,2,0,0.39627271377737755,0,0,BENIGN
1776878031.7410035,2,c2:83:c9:db:0c:46,5a:46:d9:62:e7:8c,unknown,unknown,-1,-1,-1,-1,-1,24,641000000,0,0,0,760,31976,17.378351539225427,1.7378351539225427e-08,729.890764647468,7.29890764647468e-07,24.641,17,2,0,0.3478380345810883,0,0,BENIGN
1776878032.2376719,2,d2:9b:db:15:5b:e9,5a:46:d9:62:e7:8c,unknown,unknown,-1,-1,-1,-1,-1,21,458000000,0,0,0,466,19572,17.874875868917584,1.7874875868917585e-08,750.7447864945385,7.507447864945385e-07,21.458,17,2,0,0.34783801373919426,0,0,BENIGN
1776878032.7218995,2,06:2d:ba:7d:d2:de,5a:46:d9:62:e7:8c,unknown,unknown,-1,-1,-1,-1,-1,18,231000000,0,0,0,356,14952,17.378351539225395,1.7378351539225394e-08,729.8907646474667,7.298907646474666e-07,18.231,17,2,0,0.34783801373919426,0,0,BENIGN
1776878033.1871572,2,d2:9b:db:15:5b:e9,c2:83:c9:db:0c:46,unknown,unknown,-1,-1,-1,-1,-1,5,139000000,0,0,0,65,2730,17.37835153922542,1.737835153922542e-08,729.8907646474677,7.298907646474677e-07,5.139,17,2,0,0.37785510883752527,0,0,BENIGN
1776878033.6975799,1,c2:83:c9:db:0c:46,5a:46:d9:62:e7:8c,unknown,unknown,-1,-1,-1,-1,-1,24,649000000,0,0,0,760,31976,17.378351539225427,1.7378351539225427e-08,729.890764647468,7.29890764647468e-07,24.649,17,2,0,0.3438267631000676,0,0,BENIGN
1776878034.2108397,1,d2:9b:db:15:5b:e9,5a:46:d9:62:e7:8c,unknown,unknown,-1,-1,-1,-1,-1,21,383000000,0,0,0,465,19530,17.874875868917584,1.7874875868917585e-08,750.7447864945385,7.507447864945385e-07,21.383,17,2,0,0.3438267422581736,0,0,BENIGN
1776878034.7102604,1,06:2d:ba:7d:d2:de,5a:46:d9:62:e7:8c,unknown,unknown,-1,-1,-1,-1,-1,18,153000000,0,0,0,354,14868,17.378351539225427,1.7378351539225427e-08,729.890764647468,7.29890764647468e-07,18.153,17,2,0,0.3438267422581736,0,0,BENIGN
1776878035.1910503,3,c2:83:c9:db:0c:46,5a:46:d9:62:e7:8c,unknown,unknown,-1,-1,-1,-1,-1,24,645000000,0,0,0,760,31976,17.378351539225427,1.7378351539225427e-08,729.890764647468,7.29890764647468e-07,24.645,17,2,0,0.3587852535915399,0,0,BENIGN
1776878035.6812706,3,d2:9b:db:15:5b:e9,5a:46:d9:62:e7:8c,unknown,unknown,-1,-1,-1,-1,-1,21,411000000,0,0,0,465,19530,17.874875868917552,1.7874875868917552e-08,750.7447864945372,7.507447864945371e-07,21.411,17,2,0,0.3587852327496459,0,0,BENIGN
1776878036.1859744,3,06:2d:ba:7d:d2:de,5a:46:d9:62:e7:8c,unknown,unknown,-1,-1,-1,-1,-1,18,284000000,0,0,0,353,14826,160.89334548769378,1.6089334548769377e-07,6757.520510483138,6.7575205104831384e-06,18.284,17,2,0,0.3426320496007954,0,0,BENIGN
1776878036.6755333,3,d2:9b:db:15:5b:e9,c2:83:c9:db:0c:46,unknown,unknown,-1,-1,-1,-1,-1,4,940000000,0,0,0,65,2730,17.378351539225427,1.7378351539225427e-08,729.890764647468,7.29890764647468e-07,4.9399999999999995,17,2,0,0.3962577687872566,0,0,BENIGN
1776878037.117517,2,c2:83:c9:db:0c:46,5a:46:d9:62:e7:8c,unknown,unknown,-1,-1,-1,-1,-1,26,646000000,0,0,0,791,33278,15.46134663341644,1.546134663341644e-08,649.3765586034905,6.493765586034905e-07,26.646,17,2,0,0.3478380345810883,0,0,BENIGN
1776878037.6014173,2,d2:9b:db:15:5b:e9,5a:46:d9:62:e7:8c,unknown,unknown,-1,-1,-1,-1,-1,23,463000000,0,0,0,497,20930,15.46134663341644,1.546134663341644e-08,677.3067331670815,6.773067331670815e-07,23.463,17,2,0,0.34783801373919426,0,0,BENIGN
1776878038.1094944,2,06:2d:ba:7d:d2:de,5a:46:d9:62:e7:8c,unknown,unknown,-1,-1,-1,-1,-1,20,236000000,0,0,0,387,16254,15.461346633416467,1.5461346633416465e-08,649.3765586034916,6.493765586034917e-07,20.236,17,2,0,0.34783801373919426,0,0,BENIGN
1776878038.5718749,2,d2:9b:db:15:5b:e9,c2:83:c9:db:0c:46,unknown,unknown,-1,-1,-1,-1,-1,7,144000000,0,0,0,96,4032,15.46134663341646,1.546134663341646e-08,649.3765586034913,6.493765586034912e-07,7.144,17,2,0,0.37785510883752527,0,0,BENIGN
1776878039.058978,2,06:2d:ba:7d:d2:de,c2:83:c9:db:0c:46,unknown,unknown,-1,-1,-1,-1,-1,3,753000000,0,0,0,42,1764,14.463840399002494,1.4463840399002495e-08,607.4812967581048,6.074812967581048e-07,3.753,17,2,0,0.3853933706860511,0,0,BENIGN
1776878039.5353177,1,c2:83:c9:db:0c:46,5a:46:d9:62:e7:8c,unknown,unknown,-1,-1,-1,-1,-1,26,654000000,0,0,0,791,33278,15.461346633416467,1.5461346633416465e-08,649.3765586034916,6.493765586034917e-07,26.654,17,2,0,0.3438267631000676,0,0,BENIGN
1776878039.993615,1,d2:9b:db:15:5b:e9,5a:46:d9:62:e7:8c,unknown,unknown,-1,-1,-1,-1,-1,23,388000000,0,0,0,496,20888,15.46134663341644,1.546134663341644e-08,677.3067331670815,6.773067331670815e-07,23.388,17,2,0,0.3438267422581736,0,0,BENIGN
1776878040.4515362,1,06:2d:ba:7d:d2:de,5a:46:d9:62:e7:8c,unknown,unknown,-1,-1,-1,-1,-1,20,158000000,0,0,0,385,16170,15.46134663341644,1.546134663341644e-08,649.3765586034905,6.493765586034905e-07,20.158,17,2,0,0.3438267422581736,0,0,BENIGN
1776878040.9145725,1,06:2d:ba:7d:d2:de,c2:83:c9:db:0c:46,unknown,unknown,-1,-1,-1,-1,-1,3,554000000,0,0,0,42,1764,14.46384039900249,1.4463840399002491e-08,607.4812967581047,6.074812967581047e-07,3.5540000000000003,17,2,0,0.38139702335325737,0,0,BENIGN
1776878041.3584034,3,c2:83:c9:db:0c:46,5a:46:d9:62:e7:8c,unknown,unknown,-1,-1,-1,-1,-1,26,651000000,0,0,0,791,33278,15.453639082751742,1.5453639082751742e-08,649.0528414755732,6.490528414755732e-07,26.651,17,2,0,0.3587852535915399,0,0,BENIGN
1776878041.8263664,3,d2:9b:db:15:5b:e9,5a:46:d9:62:e7:8c,unknown,unknown,-1,-1,-1,-1,-1,23,417000000,0,0,0,496,20888,15.453639082751742,1.5453639082751742e-08,676.9690927218344,6.769690927218344e-07,23.417,17,2,0,0.3587852327496459,0,0,BENIGN
1776878042.2922719,3,06:2d:ba:7d:d2:de,5a:46:d9:62:e7:8c,unknown,unknown,-1,-1,-1,-1,-1,20,290000000,0,0,0,384,16128,175.6633119853614,1.756633119853614e-07,7377.859103385179,7.377859103385179e-06,20.29,17,2,0,0.3426320496007954,0,0,BENIGN
1776878042.778125,3,d2:9b:db:15:5b:e9,c2:83:c9:db:0c:46,unknown,unknown,-1,-1,-1,-1,-1,6,946000000,0,0,0,96,4032,15.453639082751742,1.5453639082751742e-08,649.0528414755732,6.490528414755732e-07,6.946,17,2,0,0.3962577687872566,0,0,BENIGN
1776878043.2286994,3,06:2d:ba:7d:d2:de,c2:83:c9:db:0c:46,unknown,unknown,-1,-1,-1,-1,-1,3,824000000,0,0,0,41,1722,12.767710049423394,1.2767710049423394e-08,536.2438220757825,5.362438220757825e-07,3.824,17,2,0,0.39518041941111703,0,0,BENIGN
1776878043.7245615,2,c2:83:c9:db:0c:46,5a:46:d9:62:e7:8c,unknown,unknown,-1,-1,-1,-1,-1,28,654000000,0,0,0,821,34538,14.940239043824707,1.4940239043824707e-08,627.4900398406377,6.274900398406376e-07,28.654,17,2,0,0.3478380345810883,0,0,BENIGN
1776878044.21712,2,d2:9b:db:15:5b:e9,5a:46:d9:62:e7:8c,unknown,unknown,-1,-1,-1,-1,-1,25,471000000,0,0,0,528,22232,15.438247011952198,1.54382470119522e-08,648.4063745019923,6.484063745019923e-07,25.471,17,2,0,0.34783801373919426,0,0,BENIGN
1776878044.7571588,2,06:2d:ba:7d:d2:de,5a:46:d9:62:e7:8c,unknown,unknown,-1,-1,-1,-1,-1,22,244000000,0,0,0,417,17514,14.940239043824707,1.4940239043824707e-08,627.4900398406377,6.274900398406376e-07,22.244,17,2,0,0.34783801373919426,0,0,BENIGN
1776878045.3051536,2,d2:9b:db:15:5b:e9,c2:83:c9:db:0c:46,unknown,unknown,-1,-1,-1,-1,-1,9,152000000,0,0,0,128,5376,15.936254980079688,1.5936254980079687e-08,669.3227091633469,6.693227091633469e-07,9.152,17,2,0,0.3853933498441571,0,0,BENIGN
1776878045.8011565,2,06:2d:ba:7d:d2:de,c2:83:c9:db:0c:46,unknown,unknown,-1,-1,-1,-1,-1,5,761000000,0,0,0,73,3066,15.43824701195219,1.5438247011952192e-08,648.406374501992,6.48406374501992e-07,5.761,17,2,0,0.3853933706860511,0,0,BENIGN
1776878046.261344,1,c2:83:c9:db:0c:46,5a:46:d9:62:e7:8c,unknown,unknown,-1,-1,-1,-1,-1,28,662000000,0,0,0,821,34538,14.940239043824707,1.4940239043824707e-08,627.4900398406377,6.274900398406376e-07,28.662,17,2,0,0.3438267631000676,0,0,BENIGN
1776878046.754428,1,d2:9b:db:15:5b:e9,5a:46:d9:62:e7:8c,unknown,unknown,-1,-1,-1,-1,-1,25,396000000,0,0,0,527,22190,15.438247011952198,1.54382470119522e-08,648.4063745019923,6.484063745019923e-07,25.396,17,2,0,0.3438267422581736,0,0,BENIGN
1776878047.330164,1,06:2d:ba:7d:d2:de,5a:46:d9:62:e7:8c,unknown,unknown,-1,-1,-1,-1,-1,22,166000000,0,0,0,415,17430,14.940239043824707,1.4940239043824707e-08,627.4900398406377,6.274900398406376e-07,22.166,17,2,0,0.3438267422581736,0,0,BENIGN
1776878047.819686,1,06:2d:ba:7d:d2:de,c2:83:c9:db:0c:46,unknown,unknown,-1,-1,-1,-1,-1,5,562000000,0,0,0,73,3066,15.43824701195219,1.5438247011952192e-08,648.406374501992,6.48406374501992e-07,5.562,17,2,0,0.38138209920503036,0,0,BENIGN
1776878048.4414365,3,c2:83:c9:db:0c:46,5a:46:d9:62:e7:8c,unknown,unknown,-1,-1,-1,-1,-1,28,658000000,0,0,0,821,34538,14.947683109118076,1.4947683109118077e-08,627.8026905829591,6.278026905829592e-07,28.658,17,2,0,0.3587852535915399,0,0,BENIGN
1776878048.996177,3,d2:9b:db:15:5b:e9,5a:46:d9:62:e7:8c,unknown,unknown,-1,-1,-1,-1,-1,25,424000000,0,0,0,527,22190,15.445939212755372,1.5445939212755372e-08,648.7294469357256,6.487294469357256e-07,25.424,17,2,0,0.3587852327496459,0,0,BENIGN
1776878049.434249,3,06:2d:ba:7d:d2:de,5a:46:d9:62:e7:8c,unknown,unknown,-1,-1,-1,-1,-1,22,297000000,0,0,0,414,17388,189.30041152263365,1.8930041152263366e-07,7950.6172839506135,7.950617283950614e-06,22.297,17,2,0,0.3426320496007954,0,0,BENIGN
1776878049.911089,3,d2:9b:db:15:5b:e9,c2:83:c9:db:0c:46,unknown,unknown,-1,-1,-1,-1,-1,8,953000000,0,0,0,128,5376,15.944195316392628,1.5944195316392627e-08,669.6562032884904,6.696562032884904e-07,8.953,17,2,0,0.3962577687872566,0,0,BENIGN
1776878050.3763268,3,06:2d:ba:7d:d2:de,c2:83:c9:db:0c:46,unknown,unknown,-1,-1,-1,-1,-1,5,831000000,0,0,0,72,3024,13.585837793330592,1.3585837793330593e-08,570.6051873198849,5.706051873198849e-07,5.8309999999999995,17,2,0,0.39516547442099603,0,0,BENIGN
1776878050.8131406,2,c2:83:c9:db:0c:46,5a:46:d9:62:e7:8c,unknown,unknown,-1,-1,-1,-1,-1,30,659000000,0,0,0,850,35756,14.463840399002502,1.4463840399002501e-08,607.481296758105,6.07481296758105e-07,30.659,17,2,0,0.3478380345810883,0,0,BENIGN
1776878051.2678096,2,d2:9b:db:15:5b:e9,5a:46:d9:62:e7:8c,unknown,unknown,-1,-1,-1,-1,-1,27,476000000,0,0,0,557,23450,14.463840399002502,1.4463840399002501e-08,607.481296758105,6.07481296758105e-07,27.476,17,2,0,0.34783801373919426,0,0,BENIGN
1776878051.7188349,2,06:2d:ba:7d:d2:de,5a:46:d9:62:e7:8c,unknown,unknown,-1,-1,-1,-1,-1,24,249000000,0,0,0,445,18690,13.965087281795519,1.396508728179552e-08,586.5336658354117,5.865336658354117e-07,24.249,17,2,0,0.34783801373919426,0,0,BENIGN
1776878052.161791,2,d2:9b:db:15:5b:e9,c2:83:c9:db:0c:46,unknown,unknown,-1,-1,-1,-1,-1,11,157000000,0,0,0,156,6552,13.965087281795507,1.3965087281795506e-08,586.5336658354113,5.865336658354113e-07,11.157,17,2,0,0.3853933498441571,0,0,BENIGN
1776878052.670829,2,06:2d:ba:7d:d2:de,c2:83:c9:db:0c:46,unknown,unknown,-1,-1,-1,-1,-1,7,766000000,0,0,0,101,4242,13.965087281795512,1.3965087281795513e-08,586.5336658354115,5.865336658354115e-07,7.766,17,2,0,0.3853933706860511,0,0,BENIGN
1776878053.1548994,1,c2:83:c9:db:0c:46,5a:46:d9:62:e7:8c,unknown,unknown,-1,-1,-1,-1,-1,30,666000000,0,0,0,850,35756,14.471057884231527,1.4471057884231527e-08,607.7844311377241,6.077844311377242e-07,30.666,17,2,0,0.3438267631000676,0,0,BENIGN
1776878053.6424754,1,d2:9b:db:15:5b:e9,5a:46:d9:62:e7:8c,unknown,unknown,-1,-1,-1,-1,-1,27,400000000,0,0,0,556,23408,14.471057884231554,1.4471057884231553e-08,607.7844311377253,6.077844311377253e-07,27.4,17,2,0,0.3438267422581736,0,0,BENIGN
1776878054.1120574,1,06:2d:ba:7d:d2:de,5a:46:d9:62:e7:8c,unknown,unknown,-1,-1,-1,-1,-1,24,170000000,0,0,0,443,18606,13.972055888223544,1.3972055888223544e-08,586.8263473053888,5.868263473053888e-07,24.17,17,2,0,0.3438267422581736,0,0,BENIGN
1776878054.5580115,1,06:2d:ba:7d:d2:de,c2:83:c9:db:0c:46,unknown,unknown,-1,-1,-1,-1,-1,7,566000000,0,0,0,101,4242,13.972055888223556,1.3972055888223556e-08,586.8263473053894,5.868263473053894e-07,7.566,17,2,0,0.38138209920503036,0,0,BENIGN
1776878055.0464265,3,c2:83:c9:db:0c:46,5a:46:d9:62:e7:8c,unknown,unknown,-1,-1,-1,-1,-1,30,663000000,0,0,0,850,35756,14.463840399002502,1.4463840399002501e-08,607.481296758105,6.07481296758105e-07,30.663,17,2,0,0.3587852535915399,0,0,BENIGN
1776878055.5365343,3,d2:9b:db:15:5b:e9,5a:46:d9:62:e7:8c,unknown,unknown,-1,-1,-1,-1,-1,27,429000000,0,0,0,556,23408,14.463840399002502,1.4463840399002501e-08,607.481296758105,6.07481296758105e-07,27.429,17,2,0,0.3587852327496459,0,0,BENIGN
1776878056.0111032,3,06:2d:ba:7d:d2:de,5a:46:d9:62:e7:8c,unknown,unknown,-1,-1,-1,-1,-1,24,302000000,0,0,0,442,18564,202.2883295194509,2.0228832951945092e-07,8496.109839816938,8.496109839816938e-06,24.302,17,2,0,0.3426320496007954,0,0,BENIGN
1776878056.455809,3,d2:9b:db:15:5b:e9,c2:83:c9:db:0c:46,unknown,unknown,-1,-1,-1,-1,-1,10,958000000,0,0,0,156,6552,13.965087281795507,1.3965087281795506e-08,586.5336658354113,5.865336658354113e-07,10.958,17,2,0,0.3962577687872566,0,0,BENIGN
1776878056.8927958,3,06:2d:ba:7d:d2:de,c2:83:c9:db:0c:46,unknown,unknown,-1,-1,-1,-1,-1,7,836000000,0,0,0,100,4200,12.360939431396783,1.2360939431396783e-08,519.1594561186649,5.191594561186649e-07,7.836,17,2,0,0.39516547442099603,0,0,BENIGN
1776878057.2917705,2,c2:83:c9:db:0c:46,5a:46:d9:62:e7:8c,unknown,unknown,-1,-1,-1,-1,-1,32,674000000,0,0,0,875,36806,12.406947890818856,1.2406947890818856e-08,521.0918114143919,5.210918114143919e-07,32.674,17,2,0,0.3478380345810883,0,0,BENIGN
1776878057.75171,2,d2:9b:db:15:5b:e9,5a:46:d9:62:e7:8c,unknown,unknown,-1,-1,-1,-1,-1,29,491000000,0,0,0,584,24584,13.399503722084363,1.3399503722084364e-08,562.7791563275433,5.627791563275433e-07,29.491,17,2,0,0.34783801373919426,0,0,BENIGN
1776878058.1585114,2,06:2d:ba:7d:d2:de,5a:46:d9:62:e7:8c,unknown,unknown,-1,-1,-1,-1,-1,26,264000000,0,0,0,471,19782,12.903225806451609,1.2903225806451609e-08,541.9354838709676,5.419354838709676e-07,26.264,17,2,0,0.34783801373919426,0,0,BENIGN
1776878058.5881126,2,d2:9b:db:15:5b:e9,c2:83:c9:db:0c:46,unknown,unknown,-1,-1,-1,-1,-1,13,172000000,0,0,0,182,7644,12.903225806451609,1.2903225806451609e-08,541.9354838709676,5.419354838709676e-07,13.172,17,2,0,0.3825503434771798,0,0,BENIGN
1776878058.9759743,2,06:2d:ba:7d:d2:de,c2:83:c9:db:0c:46,unknown,unknown,-1,-1,-1,-1,-1,9,781000000,0,0,0,127,5334,12.903225806451609,1.2903225806451609e-08,541.9354838709676,5.419354838709676e-07,9.781,17,2,0,0.3853933706860511,0,0,BENIGN
1776878059.381025,1,c2:83:c9:db:0c:46,5a:46:d9:62:e7:8c,unknown,unknown,-1,-1,-1,-1,-1,32,681000000,0,0,0,875,36806,12.406947890818877,1.2406947890818877e-08,521.0918114143929,5.210918114143929e-07,32.681,17,2,0,0.3438267631000676,0,0,BENIGN
1776878059.781116,1,d2:9b:db:15:5b:e9,5a:46:d9:62:e7:8c,unknown,unknown,-1,-1,-1,-1,-1,29,415000000,0,0,0,583,24542,13.399503722084363,1.3399503722084364e-08,562.7791563275433,5.627791563275433e-07,29.415,17,2,0,0.3438267422581736,0,0,BENIGN
1776878060.1816812,1,06:2d:ba:7d:d2:de,5a:46:d9:62:e7:8c,unknown,unknown,-1,-1,-1,-1,-1,26,185000000,0,0,0,469,19698,12.903225806451632,1.2903225806451632e-08,541.9354838709686,5.419354838709686e-07,26.185,17,2,0,0.3438267422581736,0,0,BENIGN
1776878060.5791063,1,06:2d:ba:7d:d2:de,c2:83:c9:db:0c:46,unknown,unknown,-1,-1,-1,-1,-1,9,581000000,0,0,0,127,5334,12.903225806451616,1.2903225806451616e-08,541.9354838709678,5.419354838709678e-07,9.581,17,2,0,0.38138209920503036,0,0,BENIGN
1776878060.9519322,3,c2:83:c9:db:0c:46,5a:46:d9:62:e7:8c,unknown,unknown,-1,-1,-1,-1,-1,32,678000000,0,0,0,875,36806,12.406947890818877,1.2406947890818877e-08,521.0918114143929,5.210918114143929e-07,32.678,17,2,0,0.3587852535915399,0,0,BENIGN
1776878061.3248363,3,d2:9b:db:15:5b:e9,5a:46:d9:62:e7:8c,unknown,unknown,-1,-1,-1,-1,-1,29,444000000,0,0,0,583,24542,13.399503722084363,1.3399503722084364e-08,562.7791563275433,5.627791563275433e-07,29.444,17,2,0,0.3587852327496459,0,0,BENIGN
1776878061.7198968,3,06:2d:ba:7d:d2:de,5a:46:d9:62:e7:8c,unknown,unknown,-1,-1,-1,-1,-1,26,317000000,0,0,0,468,19656,213.21184510250566,2.1321184510250566e-07,8954.897494305238,8.954897494305238e-06,26.317,17,2,0,0.3426320496007954,0,0,BENIGN
1776878062.1501505,3,d2:9b:db:15:5b:e9,c2:83:c9:db:0c:46,unknown,unknown,-1,-1,-1,-1,-1,12,973000000,0,0,0,182,7644,12.903225806451609,1.2903225806451609e-08,541.9354838709676,5.419354838709676e-07,12.973,17,2,0,0.3962577687872566,0,0,BENIGN
1776878062.567761,3,06:2d:ba:7d:d2:de,c2:83:c9:db:0c:46,unknown,unknown,-1,-1,-1,-1,-1,9,851000000,0,0,0,126,5292,11.48953631514157,1.1489536315141571e-08,482.56052523594593,4.825605252359459e-07,9.850999999999999,17,2,0,0.39516547442099603,0,0,BENIGN
1776878062.9827316,2,c2:83:c9:db:0c:46,5a:46:d9:62:e7:8c,unknown,unknown,-1,-1,-1,-1,-1,34,678000000,0,0,0,900,37856,12.475049900199615,1.2475049900199615e-08,523.9520958083838,5.239520958083837e-07,34.678,17,2,0,0.3478380345810883,0,0,BENIGN
1776878063.3786836,2,d2:9b:db:15:5b:e9,5a:46:d9:62:e7:8c,unknown,unknown,-1,-1,-1,-1,-1,31,495000000,0,0,0,611,25718,13.47305389221556,1.347305389221556e-08,565.8682634730535,5.658682634730535e-07,31.495,17,2,0,0.34783801373919426,0,0,BENIGN
1776878063.8554695,2,06:2d:ba:7d:d2:de,5a:46:d9:62:e7:8c,unknown,unknown,-1,-1,-1,-1,-1,28,268000000,0,0,0,499,20958,13.972055888223544,1.3972055888223544e-08,586.8263473053888,5.868263473053888e-07,28.268,17,2,0,0.34783801373919426,0,0,BENIGN
1776878064.3464265,2,d2:9b:db:15:5b:e9,c2:83:c9:db:0c:46,unknown,unknown,-1,-1,-1,-1,-1,15,176000000,0,0,0,206,8652,11.976047904191619,1.1976047904191618e-08,502.994011976048,5.02994011976048e-07,15.176,17,2,0,0.3825503434771798,0,0,BENIGN
1776878064.8476079,2,06:2d:ba:7d:d2:de,c2:83:c9:db:0c:46,unknown,unknown,-1,-1,-1,-1,-1,11,785000000,0,0,0,155,6510,13.972055888223556,1.3972055888223556e-08,586.8263473053894,5.868263473053894e-07,11.785,17,2,0,0.3853933706860511,0,0,BENIGN
1776878065.3066695,1,c2:83:c9:db:0c:46,5a:46:d9:62:e7:8c,unknown,unknown,-1,-1,-1,-1,-1,34,686000000,0,0,0,900,37856,12.468827930174548,1.2468827930174548e-08,523.690773067331,5.236907730673309e-07,34.686,17,2,0,0.3438267631000676,0,0,BENIGN
1776878065.7338045,1,d2:9b:db:15:5b:e9,5a:46:d9:62:e7:8c,unknown,unknown,-1,-1,-1,-1,-1,31,420000000,0,0,0,610,25676,13.466334164588512,1.346633416458851e-08,565.5860349127175,5.655860349127176e-07,31.42,17,2,0,0.3438267422581736,0,0,BENIGN
1776878066.215357,1,06:2d:ba:7d:d2:de,5a:46:d9:62:e7:8c,unknown,unknown,-1,-1,-1,-1,-1,28,190000000,0,0,0,497,20874,13.965087281795494,1.3965087281795494e-08,586.5336658354107,5.865336658354108e-07,28.19,17,2,0,0.3438267422581736,0,0,BENIGN
1776878066.6651325,1,06:2d:ba:7d:d2:de,c2:83:c9:db:0c:46,unknown,unknown,-1,-1,-1,-1,-1,11,586000000,0,0,0,155,6510,13.965087281795507,1.3965087281795506e-08,586.5336658354113,5.865336658354113e-07,11.586,17,2,0,0.38138209920503036,0,0,BENIGN
1776878067.1434793,3,c2:83:c9:db:0c:46,5a:46:d9:62:e7:8c,unknown,unknown,-1,-1,-1,-1,-1,34,682000000,0,0,0,900,37856,12.47504990019957,1.247504990019957e-08,523.952095808382,5.239520958083819e-07,34.682,17,2,0,0.3587852535915399,0,0,BENIGN
1776878067.6181266,3,d2:9b:db:15:5b:e9,5a:46:d9:62:e7:8c,unknown,unknown,-1,-1,-1,-1,-1,31,448000000,0,0,0,610,25676,13.47305389221556,1.347305389221556e-08,565.8682634730535,5.658682634730535e-07,31.448,17,2,0,0.3587852327496459,0,0,BENIGN
1776878068.047628,3,06:2d:ba:7d:d2:de,5a:46:d9:62:e7:8c,unknown,unknown,-1,-1,-1,-1,-1,28,321000000,0,0,0,496,20832,227.106227106227,2.27106227106227e-07,9538.461538461534,9.538461538461533e-06,28.321,17,2,0,0.3426320496007954,0,0,BENIGN
1776878068.4497478,3,d2:9b:db:15:5b:e9,c2:83:c9:db:0c:46,unknown,unknown,-1,-1,-1,-1,-1,14,977000000,0,0,0,206,8652,11.976047904191619,1.1976047904191618e-08,502.994011976048,5.02994011976048e-07,14.977,17,2,0,0.39341476242027923,0,0,BENIGN
1776878068.8435948,3,06:2d:ba:7d:d2:de,c2:83:c9:db:0c:46,unknown,unknown,-1,-1,-1,-1,-1,11,855000000,0,0,0,154,6468,12.36603462489695,1.236603462489695e-08,519.3734542456718,5.193734542456719e-07,11.855,17,2,0,0.39516547442099603,0,0,BENIGN
1776878069.229887,2,c2:83:c9:db:0c:46,5a:46:d9:62:e7:8c,unknown,unknown,-1,-1,-1,-1,-1,36,683000000,0,0,0,927,38990,13.466334164588512,1.346633416458851e-08,565.5860349127175,5.655860349127176e-07,36.683,17,2,0,0.3478380345810883,0,0,BENIGN
1776878069.6725826,2,d2:9b:db:15:5b:e9,5a:46:d9:62:e7:8c,unknown,unknown,-1,-1,-1,-1,-1,33,500000000,0,0,0,638,26852,13.466334164588535,1.3466334164588534e-08,565.5860349127184,5.655860349127184e-07,33.5,17,2,0,0.34783801373919426,0,0,BENIGN
1776878070.0772603,2,06:2d:ba:7d:d2:de,5a:46:d9:62:e7:8c,unknown,unknown,-1,-1,-1,-1,-1,30,273000000,0,0,0,523,21966,11.970074812967587,1.1970074812967588e-08,502.7431421446386,5.027431421446386e-07,30.273,17,2,0,0.34783801373919426,0,0,BENIGN
1776878070.4641283,2,d2:9b:db:15:5b:e9,c2:83:c9:db:0c:46,unknown,unknown,-1,-1,-1,-1,-1,17,181000000,0,0,0,235,9926,14.463840399002487,1.4463840399002488e-08,635.4114713216956,6.354114713216956e-07,17.181,17,2,0,0.38325366754735785,0,0,BENIGN
1776878070.8553343,2,06:2d:ba:7d:d2:de,c2:83:c9:db:0c:46,unknown,unknown,-1,-1,-1,-1,-1,13,790000000,0,0,0,179,7518,11.970074812967587,1.1970074812967588e-08,502.7431421446386,5.027431421446386e-07,13.79,17,2,0,0.38255036431907385,0,0,BENIGN
1776878071.2817073,1,c2:83:c9:db:0c:46,5a:46:d9:62:e7:8c,unknown,unknown,-1,-1,-1,-1,-1,36,690000000,0,0,0,927,38990,13.473053892215583,1.3473053892215583e-08,565.8682634730545,5.658682634730545e-07,36.69,17,2,0,0.3438267631000676,0,0,BENIGN
1776878071.7110102,1,d2:9b:db:15:5b:e9,5a:46:d9:62:e7:8c,unknown,unknown,-1,-1,-1,-1,-1,33,424000000,0,0,0,637,26810,13.473053892215583,1.3473053892215583e-08,565.8682634730545,5.658682634730545e-07,33.424,17,2,0,0.3438267422581736,0,0,BENIGN
1776878072.1892922,1,06:2d:ba:7d:d2:de,5a:46:d9:62:e7:8c,unknown,unknown,-1,-1,-1,-1,-1,30,194000000,0,0,0,521,21882,11.97604790419163,1.197604790419163e-08,502.99401197604845,5.029940119760484e-07,30.194,17,2,0,0.3438267422581736,0,0,BENIGN
1776878072.5950077,1,06:2d:ba:7d:d2:de,c2:83:c9:db:0c:46,unknown,unknown,-1,-1,-1,-1,-1,13,590000000,0,0,0,179,7518,11.976047904191619,1.1976047904191618e-08,502.994011976048,5.02994011976048e-07,13.59,17,2,0,0.3785390928380531,0,0,BENIGN
1776878072.9555364,3,c2:83:c9:db:0c:46,5a:46:d9:62:e7:8c,unknown,unknown,-1,-1,-1,-1,-1,36,687000000,0,0,0,927,38990,13.46633416458856,1.3466334164588559e-08,565.5860349127195,5.655860349127195e-07,36.687,17,2,0,0.3587852535915399,0,0,BENIGN
1776878073.3324184,3,d2:9b:db:15:5b:e9,5a:46:d9:62:e7:8c,unknown,unknown,-1,-1,-1,-1,-1,33,453000000,0,0,0,637,26810,13.466334164588512,1.346633416458851e-08,565.5860349127175,5.655860349127176e-07,33.453,17,2,0,0.3587852327496459,0,0,BENIGN
1776878073.6553228,3,06:2d:ba:7d:d2:de,5a:46:d9:62:e7:8c,unknown,unknown,-1,-1,-1,-1,-1,30,326000000,0,0,0,520,21840,237.98627002288305,2.3798627002288304e-07,9995.423340961088,9.995423340961087e-06,30.326,17,2,0,0.3426320496007954,0,0,BENIGN
1776878074.007173,3,d2:9b:db:15:5b:e9,c2:83:c9:db:0c:46,unknown,unknown,-1,-1,-1,-1,-1,16,982000000,0,0,0,235,9926,14.463840399002502,1.4463840399002501e-08,635.4114713216961,6.354114713216961e-07,16.982,17,2,0,0.39341476242027923,0,0,BENIGN
1776878074.396765,3,06:2d:ba:7d:d2:de,c2:83:c9:db:0c:46,unknown,unknown,-1,-1,-1,-1,-1,13,860000000,0,0,0,178,7476,10.712814173877216,1.0712814173877216e-08,449.9381953028431,4.499381953028431e-07,13.86,17,2,0,0.3923224680540187,0,0,BENIGN
1776878074.7182643,2,c2:83:c9:db:0c:46,5a:46:d9:62:e7:8c,unknown,unknown,-1,-1,-1,-1,-1,38,686000000,0,0,0,953,40082,12.980529206190713,1.2980529206190713e-08,545.18222666001,5.4518222666001e-07,38.686,17,2,0,0.3478380345810883,0,0,BENIGN
1776878075.0648823,2,d2:9b:db:15:5b:e9,5a:46:d9:62:e7:8c,unknown,unknown,-1,-1,-1,-1,-1,35,503000000,0,0,0,663,27902,12.481278082875686,1.2481278082875686e-08,524.2136794807788,5.242136794807787e-07,35.503,17,2,0,0.34783801373919426,0,0,BENIGN
1776878075.4204702,2,06:2d:ba:7d:d2:de,5a:46:d9:62:e7:8c,unknown,unknown,-1,-1,-1,-1,-1,32,276000000,0,0,0,551,23142,13.979031452820744,1.3979031452820744e-08,587.1193210184712,5.871193210184712e-07,32.276,17,2,0,0.34783801373919426,0,0,BENIGN
1776878075.768254,2,d2:9b:db:15:5b:e9,c2:83:c9:db:0c:46,unknown,unknown,-1,-1,-1,-1,-1,19,184000000,0,0,0,261,11018,12.980529206190713,1.2980529206190713e-08,545.18222666001,5.4518222666001e-07,19.184,17,2,0,0.34783801373919426,0,0,BENIGN
1776878076.2110755,2,06:2d:ba:7d:d2:de,c2:83:c9:db:0c:46,unknown,unknown,-1,-1,-1,-1,-1,15,793000000,0,0,0,207,8694,13.979031452820768,1.3979031452820769e-08,587.1193210184723,5.871193210184723e-07,15.793,17,2,0,0.38255036431907385,0,0,BENIGN
1776878076.691043,1,c2:83:c9:db:0c:46,5a:46:d9:62:e7:8c,unknown,unknown,-1,-1,-1,-1,-1,38,694000000,0,0,0,953,40082,12.974051896207554,1.2974051896207553e-08,544.9101796407173,5.449101796407173e-07,38.694,17,2,0,0.3438267631000676,0,0,BENIGN
1776878077.0939364,1,d2:9b:db:15:5b:e9,5a:46:d9:62:e7:8c,unknown,unknown,-1,-1,-1,-1,-1,35,428000000,0,0,0,662,27860,12.475049900199615,1.2475049900199615e-08,523.9520958083838,5.239520958083837e-07,35.428,17,2,0,0.3438267422581736,0,0,BENIGN
1776878077.44169,1,06:2d:ba:7d:d2:de,5a:46:d9:62:e7:8c,unknown,unknown,-1,-1,-1,-1,-1,32,198000000,0,0,0,549,23058,13.972055888223544,1.3972055888223544e-08,586.8263473053888,5.868263473053888e-07,32.198,17,2,0,0.3438267422581736,0,0,BENIGN
1776878077.911849,1,06:2d:ba:7d:d2:de,c2:83:c9:db:0c:46,unknown,unknown,-1,-1,-1,-1,-1,15,594000000,0,0,0,207,8694,13.972055888223556,1.3972055888223556e-08,586.8263473053894,5.868263473053894e-07,15.594,17,2,0,0.3785390928380531,0,0,BENIGN
1776878078.4020875,3,c2:83:c9:db:0c:46,5a:46:d9:62:e7:8c,unknown,unknown,-1,-1,-1,-1,-1,38,690000000,0,0,0,953,40082,12.980529206190713,1.2980529206190713e-08,545.18222666001,5.4518222666001e-07,38.69,17,2,0,0.3587852535915399,0,0,BENIGN
1776878078.8851929,3,d2:9b:db:15:5b:e9,5a:46:d9:62:e7:8c,unknown,unknown,-1,-1,-1,-1,-1,35,456000000,0,0,0,662,27860,12.481278082875686,1.2481278082875686e-08,524.2136794807788,5.242136794807787e-07,35.456,17,2,0,0.3587852327496459,0,0,BENIGN
1776878079.3598287,3,06:2d:ba:7d:d2:de,5a:46:d9:62:e7:8c,unknown,unknown,-1,-1,-1,-1,-1,32,329000000,0,0,0,548,23016,251.03069170865783,2.5103069170865784e-07,10543.28905176363,1.054328905176363e-05,32.329,17,2,0,0.3426320496007954,0,0,BENIGN
1776878079.8252957,3,d2:9b:db:15:5b:e9,c2:83:c9:db:0c:46,unknown,unknown,-1,-1,-1,-1,-1,18,985000000,0,0,0,261,11018,12.980529206190713,1.2980529206190713e-08,545.18222666001,5.4518222666001e-07,18.985,17,2,0,0.35987754795780047,0,0,BENIGN
1776878080.3124588,3,06:2d:ba:7d:d2:de,c2:83:c9:db:0c:46,unknown,unknown,-1,-1,-1,-1,-1,15,863000000,0,0,0,206,8652,12.371134020618562,1.2371134020618562e-08,519.5876288659796,5.195876288659796e-07,15.863,17,2,0,0.3923224680540187,0,0,BENIGN
1776878080.798607,2,c2:83:c9:db:0c:46,5a:46:d9:62:e7:8c,unknown,unknown,-1,-1,-1,-1,-1,40,692000000,0,0,0,975,41006,10.967098703888334,1.0967098703888334e-08,460.61814556331,4.6061814556331e-07,40.692,17,2,0,0.3478380345810883,0,0,BENIGN
1776878081.2750218,2,d2:9b:db:15:5b:e9,5a:46:d9:62:e7:8c,unknown,unknown,-1,-1,-1,-1,-1,37,509000000,0,0,0,687,28910,11.96410767696909,1.1964107676969091e-08,502.49252243270183,5.024925224327018e-07,37.509,17,2,0,0.34783801373919426,0,0,BENIGN
1776878081.7630265,2,06:2d:ba:7d:d2:de,5a:46:d9:62:e7:8c,unknown,unknown,-1,-1,-1,-1,-1,34,282000000,0,0,0,571,23982,9.970089730807612,9.970089730807612e-09,418.74376869391966,4.187437686939197e-07,34.282,17,2,0,0.34783801373919426,0,0,BENIGN
1776878082.2301087,2,d2:9b:db:15:5b:e9,c2:83:c9:db:0c:46,unknown,unknown,-1,-1,-1,-1,-1,21,190000000,0,0,0,285,12026,11.96410767696909,1.1964107676969091e-08,502.49252243270183,5.024925224327018e-07,21.19,17,2,0,0.34783801373919426,0,0,BENIGN
1776878082.722246,2,06:2d:ba:7d:d2:de,c2:83:c9:db:0c:46,unknown,unknown,-1,-1,-1,-1,-1,17,799000000,0,0,0,228,9576,10.468594217347954,1.0468594217347955e-08,439.6809571286141,4.396809571286141e-07,17.799,17,2,0,0.3731624316019647,0,0,BENIGN
1776878083.205442,1,c2:83:c9:db:0c:46,5a:46:d9:62:e7:8c,unknown,unknown,-1,-1,-1,-1,-1,40,700000000,0,0,0,975,41006,10.967098703888334,1.0967098703888334e-08,460.61814556331,4.6061814556331e-07,40.7,17,2,0,0.3438267631000676,0,0,BENIGN
1776878083.6762233,1,d2:9b:db:15:5b:e9,5a:46:d9:62:e7:8c,unknown,unknown,-1,-1,-1,-1,-1,37,434000000,0,0,0,686,28868,11.96410767696909,1.1964107676969091e-08,502.49252243270183,5.024925224327018e-07,37.434,17,2,0,0.3438267422581736,0,0,BENIGN
1776878084.130691,1,06:2d:ba:7d:d2:de,5a:46:d9:62:e7:8c,unknown,unknown,-1,-1,-1,-1,-1,34,204000000,0,0,0,569,23898,9.970089730807576,9.970089730807576e-09,418.7437686939182,4.187437686939182e-07,34.204,17,2,0,0.3438267422581736,0,0,BENIGN
1776878084.6055434,1,06:2d:ba:7d:d2:de,c2:83:c9:db:0c:46,unknown,unknown,-1,-1,-1,-1,-1,17,600000000,0,0,0,228,9576,10.468594217347945,1.0468594217347945e-08,439.6809571286137,4.396809571286137e-07,17.6,17,2,0,0.3792424169082312,0,0,BENIGN
1776878085.0688646,3,c2:83:c9:db:0c:46,5a:46:d9:62:e7:8c,unknown,unknown,-1,-1,-1,-1,-1,40,696000000,0,0,0,975,41006,10.967098703888334,1.0967098703888334e-08,460.61814556331,4.6061814556331e-07,40.696,17,2,0,0.3587852535915399,0,0,BENIGN
1776878085.5100157,3,d2:9b:db:15:5b:e9,5a:46:d9:62:e7:8c,unknown,unknown,-1,-1,-1,-1,-1,37,462000000,0,0,0,686,28868,11.96410767696909,1.1964107676969091e-08,502.49252243270183,5.024925224327018e-07,37.462,17,2,0,0.3587852327496459,0,0,BENIGN
1776878085.9509566,3,06:2d:ba:7d:d2:de,5a:46:d9:62:e7:8c,unknown,unknown,-1,-1,-1,-1,-1,34,335000000,0,0,0,568,23856,259.83531564501374,2.598353156450137e-07,10913.083257090577,1.0913083257090577e-05,34.335,17,2,0,0.3426320496007954,0,0,BENIGN
1776878086.411818,3,d2:9b:db:15:5b:e9,c2:83:c9:db:0c:46,unknown,unknown,-1,-1,-1,-1,-1,20,991000000,0,0,0,285,12026,11.96410767696909,1.1964107676969091e-08,502.49252243270183,5.024925224327018e-07,20.991,17,2,0,0.35987754795780047,0,0,BENIGN
1776878086.8611677,3,06:2d:ba:7d:d2:de,c2:83:c9:db:0c:46,unknown,unknown,-1,-1,-1,-1,-1,17,869000000,0,0,0,227,9534,9.472817133443167,9.472817133443166e-09,397.85831960461303,3.9785831960461305e-07,17.869,17,2,0,0.37929936250136925,0,0,BENIGN
1776878087.3435814,2,c2:83:c9:db:0c:46,5a:46:d9:62:e7:8c,unknown,unknown,-1,-1,-1,-1,-1,42,715000000,0,0,0,1001,42098,12.852199703410756,1.2852199703410756e-08,539.7923875432517,5.397923875432517e-07,42.715,17,2,0,0.3478380345810883,0,0,BENIGN
1776878087.7947652,2,d2:9b:db:15:5b:e9,5a:46:d9:62:e7:8c,unknown,unknown,-1,-1,-1,-1,-1,39,532000000,0,0,0,711,29918,11.863568956994586,1.1863568956994585e-08,498.2698961937726,4.982698961937726e-07,39.532,17,2,0,0.34783801373919426,0,0,BENIGN
1776878088.2582939,2,06:2d:ba:7d:d2:de,5a:46:d9:62:e7:8c,unknown,unknown,-1,-1,-1,-1,-1,36,305000000,0,0,0,595,24990,11.863568956994543,1.1863568956994544e-08,498.2698961937708,4.982698961937708e-07,36.305,17,2,0,0.34783801373919426,0,0,BENIGN
1776878088.7371354,2,d2:9b:db:15:5b:e9,c2:83:c9:db:0c:46,unknown,unknown,-1,-1,-1,-1,-1,23,213000000,0,0,0,311,13118,12.852199703410777,1.2852199703410777e-08,539.7923875432526,5.397923875432526e-07,23.213,17,2,0,0.34783801373919426,0,0,BENIGN
1776878089.1904671,2,06:2d:ba:7d:d2:de,c2:83:c9:db:0c:46,unknown,unknown,-1,-1,-1,-1,-1,19,822000000,0,0,0,252,10584,11.863568956994564,1.1863568956994565e-08,498.26989619377173,4.982698961937717e-07,19.822,17,2,0,0.3478380345810883,0,0,BENIGN
1776878089.6491845,1,c2:83:c9:db:0c:46,5a:46:d9:62:e7:8c,unknown,unknown,-1,-1,-1,-1,-1,42,724000000,0,0,0,1001,42098,12.84584980237158,1.284584980237158e-08,539.5256916996063,5.395256916996063e-07,42.724,17,2,0,0.3438267631000676,0,0,BENIGN
1776878090.114261,1,d2:9b:db:15:5b:e9,5a:46:d9:62:e7:8c,unknown,unknown,-1,-1,-1,-1,-1,39,458000000,0,0,0,710,29876,11.857707509881418,1.1857707509881419e-08,498.0237154150195,4.980237154150196e-07,39.458,17,2,0,0.3438267422581736,0,0,BENIGN
1776878090.5530121,1,06:2d:ba:7d:d2:de,5a:46:d9:62:e7:8c,unknown,unknown,-1,-1,-1,-1,-1,36,228000000,0,0,0,593,24906,11.857707509881418,1.1857707509881419e-08,498.0237154150195,4.980237154150196e-07,36.228,17,2,0,0.3438267422581736,0,0,BENIGN
1776878091.0128462,1,06:2d:ba:7d:d2:de,c2:83:c9:db:0c:46,unknown,unknown,-1,-1,-1,-1,-1,19,624000000,0,0,0,252,10584,11.857707509881438,1.1857707509881437e-08,498.02371541502043,4.980237154150204e-07,19.624,17,2,0,0.3438267631000676,0,0,BENIGN
1776878091.4553766,3,c2:83:c9:db:0c:46,5a:46:d9:62:e7:8c,unknown,unknown,-1,-1,-1,-1,-1,42,720000000,0,0,0,1001,42098,12.845849802371536,1.2845849802371537e-08,539.5256916996045,5.395256916996045e-07,42.72,17,2,0,0.3587852535915399,0,0,BENIGN
1776878091.88556,3,d2:9b:db:15:5b:e9,5a:46:d9:62:e7:8c,unknown,unknown,-1,-1,-1,-1,-1,39,486000000,0,0,0,710,29876,11.85770750988146,1.1857707509881459e-08,498.0237154150213,4.980237154150212e-07,39.486,17,2,0,0.3587852327496459,0,0,BENIGN
1776878092.3416295,3,06:2d:ba:7d:d2:de,5a:46:d9:62:e7:8c,unknown,unknown,-1,-1,-1,-1,-1,36,359000000,0,0,0,592,24864,268.6025408348457,2.686025408348457e-07,11281.306715063518,1.1281306715063518e-05,36.359,17,2,0,0.3426320496007954,0,0,BENIGN
1776878092.8396287,3,d2:9b:db:15:5b:e9,c2:83:c9:db:0c:46,unknown,unknown,-1,-1,-1,-1,-1,23,15000000,0,0,0,311,13118,12.845849802371536,1.2845849802371537e-08,539.5256916996045,5.395256916996045e-07,23.015,17,2,0,0.34962133281839025,0,0,BENIGN
1776878093.2731006,3,06:2d:ba:7d:d2:de,c2:83:c9:db:0c:46,unknown,unknown,-1,-1,-1,-1,-1,19,893000000,0,0,0,251,10542,10.629599345870803,1.0629599345870802e-08,446.44317252657373,4.4644317252657374e-07,19.893,17,2,0,0.3587852535915399,0,0,BENIGN
1776878093.7329743,2,c2:83:c9:db:0c:46,5a:46:d9:62:e7:8c,unknown,unknown,-1,-1,-1,-1,-1,44,720000000,0,0,0,1023,43022,10.972568578553641,1.0972568578553642e-08,460.8478802992529,4.608478802992529e-07,44.72,17,2,0,0.3478380345810883,0,0,BENIGN
1776878094.1545007,2,d2:9b:db:15:5b:e9,5a:46:d9:62:e7:8c,unknown,unknown,-1,-1,-1,-1,-1,41,537000000,0,0,0,735,30926,11.970074812967566,1.1970074812967566e-08,502.7431421446378,5.027431421446377e-07,41.537,17,2,0,0.34783801373919426,0,0,BENIGN
1776878094.572048,2,06:2d:ba:7d:d2:de,5a:46:d9:62:e7:8c,unknown,unknown,-1,-1,-1,-1,-1,38,310000000,0,0,0,619,25998,11.970074812967566,1.1970074812967566e-08,502.7431421446378,5.027431421446377e-07,38.31,17,2,0,0.34783801373919426,0,0,BENIGN
1776878094.9597578,2,d2:9b:db:15:5b:e9,c2:83:c9:db:0c:46,unknown,unknown,-1,-1,-1,-1,-1,25,218000000,0,0,0,336,14168,12.46882793017457,1.246882793017457e-08,523.690773067332,5.23690773067332e-07,25.218,17,2,0,0.34783801373919426,0,0,BENIGN
1776878095.3489618,2,06:2d:ba:7d:d2:de,c2:83:c9:db:0c:46,unknown,unknown,-1,-1,-1,-1,-1,21,827000000,0,0,0,276,11592,11.970074812967587,1.1970074812967588e-08,502.7431421446386,5.027431421446386e-07,21.826999999999998,17,2,0,0.3478380345810883,0,0,BENIGN
1776878095.719827,1,c2:83:c9:db:0c:46,5a:46:d9:62:e7:8c,unknown,unknown,-1,-1,-1,-1,-1,44,728000000,0,0,0,1023,43022,10.978043912175622,1.0978043912175622e-08,461.0778443113761,4.610778443113761e-07,44.728,17,2,0,0.3438267631000676,0,0,BENIGN
1776878096.0600684,1,d2:9b:db:15:5b:e9,5a:46:d9:62:e7:8c,unknown,unknown,-1,-1,-1,-1,-1,41,462000000,0,0,0,734,30884,11.976047904191587,1.1976047904191587e-08,502.9940119760467,5.029940119760467e-07,41.462,17,2,0,0.3438267422581736,0,0,BENIGN
1776878096.405691,1,06:2d:ba:7d:d2:de,5a:46:d9:62:e7:8c,unknown,unknown,-1,-1,-1,-1,-1,38,232000000,0,0,0,617,25914,11.97604790419163,1.197604790419163e-08,502.99401197604845,5.029940119760484e-07,38.232,17,2,0,0.3438267422581736,0,0,BENIGN
1776878096.7276902,1,06:2d:ba:7d:d2:de,c2:83:c9:db:0c:46,unknown,unknown,-1,-1,-1,-1,-1,21,628000000,0,0,0,276,11592,11.976047904191608,1.1976047904191608e-08,502.99401197604755,5.029940119760476e-07,21.628,17,2,0,0.3438267631000676,0,0,BENIGN
1776878097.0844278,3,c2:83:c9:db:0c:46,5a:46:d9:62:e7:8c,unknown,unknown,-1,-1,-1,-1,-1,44,724000000,0,0,0,1023,43022,10.97804391217566,1.097804391217566e-08,461.07784431137776,4.6107784431137774e-07,44.724,17,2,0,0.3587852535915399,0,0,BENIGN
1776878097.481179,3,d2:9b:db:15:5b:e9,5a:46:d9:62:e7:8c,unknown,unknown,-1,-1,-1,-1,-1,41,490000000,0,0,0,734,30884,11.976047904191587,1.1976047904191587e-08,502.9940119760467,5.029940119760467e-07,41.49,17,2,0,0.3587852327496459,0,0,BENIGN
1776878097.8353338,3,06:2d:ba:7d:d2:de,5a:46:d9:62:e7:8c,unknown,unknown,-1,-1,-1,-1,-1,38,363000000,0,0,0,616,25872,282.0512820512824,2.820512820512824e-07,11846.15384615386,1.184615384615386e-05,38.363,17,2,0,0.3426320496007954,0,0,BENIGN
1776878098.173192,3,d2:9b:db:15:5b:e9,c2:83:c9:db:0c:46,unknown,unknown,-1,-1,-1,-1,-1,25,19000000,0,0,0,336,14168,12.475049900199615,1.2475049900199615e-08,523.9520958083838,5.239520958083837e-07,25.019,17,2,0,0.34962133281839025,0,0,BENIGN
1776878098.5596864,3,06:2d:ba:7d:d2:de,c2:83:c9:db:0c:46,unknown,unknown,-1,-1,-1,-1,-1,21,897000000,0,0,0,275,11550,10.71723000824403,1.0717230008244031e-08,450.12366034624927,4.501236603462493e-07,21.897,17,2,0,0.3587852535915399,0,0,BENIGN
1776878098.9799137,2,c2:83:c9:db:0c:46,5a:46:d9:62:e7:8c,unknown,unknown,-1,-1,-1,-1,-1,46,725000000,0,0,0,1045,43946,10.972568578553602,1.0972568578553602e-08,460.8478802992513,4.6084788029925133e-07,46.725,17,2,0,0.3478380345810883,0,0,BENIGN
1776878099.421596,2,d2:9b:db:15:5b:e9,5a:46:d9:62:e7:8c,unknown,unknown,-1,-1,-1,-1,-1,43,542000000,0,0,0,755,31766,9.975062344139639,9.97506234413964e-09,418.95261845386483,4.189526184538648e-07,43.542,17,2,0,0.34783801373919426,0,0,BENIGN
1776878099.9001167,2,06:2d:ba:7d:d2:de,5a:46:d9:62:e7:8c,unknown,unknown,-1,-1,-1,-1,-1,40,315000000,0,0,0,643,27006,11.970074812967608,1.1970074812967608e-08,502.74314214463953,5.027431421446395e-07,40.315,17,2,0,0.34783801373919426,0,0,BENIGN
1776878100.3492045,2,d2:9b:db:15:5b:e9,c2:83:c9:db:0c:46,unknown,unknown,-1,-1,-1,-1,-1,27,223000000,0,0,0,354,14924,8.97755610972569,8.97755610972569e-09,377.057356608479,3.77057356608479e-07,27.223,17,2,0,0.34783801373919426,0,0,BENIGN
1776878100.806587,2,06:2d:ba:7d:d2:de,c2:83:c9:db:0c:46,unknown,unknown,-1,-1,-1,-1,-1,23,832000000,0,0,0,299,12558,11.471321695760583,1.1471321695760582e-08,481.79551122194454,4.817955112219446e-07,23.832,17,2,0,0.3478380345810883,0,0,BENIGN
1776878101.2751205,1,c2:83:c9:db:0c:46,5a:46:d9:62:e7:8c,unknown,unknown,-1,-1,-1,-1,-1,46,733000000,0,0,0,1045,43946,10.972568578553641,1.0972568578553642e-08,460.8478802992529,4.608478802992529e-07,46.733,17,2,0,0.3438267631000676,0,0,BENIGN
1776878101.7559993,1,d2:9b:db:15:5b:e9,5a:46:d9:62:e7:8c,unknown,unknown,-1,-1,-1,-1,-1,43,467000000,0,0,0,754,31724,9.975062344139673,9.975062344139673e-09,418.9526184538663,4.189526184538663e-07,43.467,17,2,0,0.3438267422581736,0,0,BENIGN
1776878102.2854407,1,06:2d:ba:7d:d2:de,5a:46:d9:62:e7:8c,unknown,unknown,-1,-1,-1,-1,-1,40,237000000,0,0,0,641,26922,11.970074812967566,1.1970074812967566e-08,502.7431421446378,5.027431421446377e-07,40.237,17,2,0,0.3438267422581736,0,0,BENIGN
1776878102.786053,1,06:2d:ba:7d:d2:de,c2:83:c9:db:0c:46,unknown,unknown,-1,-1,-1,-1,-1,23,633000000,0,0,0,299,12558,11.471321695760604,1.1471321695760604e-08,481.7955112219454,4.817955112219454e-07,23.633,17,2,0,0.3438267631000676,0,0,BENIGN
1776878103.2571697,3,c2:83:c9:db:0c:46,5a:46:d9:62:e7:8c,unknown,unknown,-1,-1,-1,-1,-1,46,729000000,0,0,0,1045,43946,10.972568578553602,1.0972568578553602e-08,460.8478802992513,4.6084788029925133e-07,46.729,17,2,0,0.3587852535915399,0,0,BENIGN
1776878103.74925,3,d2:9b:db:15:5b:e9,5a:46:d9:62:e7:8c,unknown,unknown,-1,-1,-1,-1,-1,43,495000000,0,0,0,754,31724,9.975062344139673,9.975062344139673e-09,418.9526184538663,4.189526184538663e-07,43.495,17,2,0,0.3587852327496459,0,0,BENIGN
1776878104.2314363,3,06:2d:ba:7d:d2:de,5a:46:d9:62:e7:8c,unknown,unknown,-1,-1,-1,-1,-1,40,368000000,0,0,0,640,26880,292.9061784897022,2.929061784897022e-07,12302.059496567494,1.2302059496567493e-05,40.368,17,2,0,0.3426320496007954,0,0,BENIGN
1776878104.7223387,3,d2:9b:db:15:5b:e9,c2:83:c9:db:0c:46,unknown,unknown,-1,-1,-1,-1,-1,27,24000000,0,0,0,354,14924,8.977556109725674,8.977556109725674e-09,377.0573566084783,3.770573566084783e-07,27.024,17,2,0,0.34962133281839025,0,0,BENIGN
1776878105.2030919,3,06:2d:ba:7d:d2:de,c2:83:c9:db:0c:46,unknown,unknown,-1,-1,-1,-1,-1,23,902000000,0,0,0,298,12516,10.300782859497323,1.0300782859497322e-08,432.6328800988876,4.326328800988876e-07,23.902,17,2,0,0.3587852535915399,0,0,BENIGN
1776878105.7030046,2,c2:83:c9:db:0c:46,5a:46:d9:62:e7:8c,unknown,unknown,-1,-1,-1,-1,-1,48,733000000,0,0,0,1067,44870,10.956175298804805,1.0956175298804805e-08,460.1593625498018,4.601593625498018e-07,48.733,17,2,0,0.3478380345810883,0,0,BENIGN
1776878106.1595547,2,d2:9b:db:15:5b:e9,5a:46:d9:62:e7:8c,unknown,unknown,-1,-1,-1,-1,-1,45,550000000,0,0,0,777,32690,10.956175298804805,1.0956175298804805e-08,460.1593625498018,4.601593625498018e-07,45.55,17,2,0,0.34783801373919426,0,0,BENIGN
1776878106.6141005,2,06:2d:ba:7d:d2:de,5a:46:d9:62:e7:8c,unknown,unknown,-1,-1,-1,-1,-1,42,323000000,0,0,0,665,27986,10.956175298804766,1.0956175298804766e-08,488.0478087649396,4.880478087649396e-07,42.323,17,2,0,0.34783801373919426,0,0,BENIGN
1776878107.087102,2,d2:9b:db:15:5b:e9,c2:83:c9:db:0c:46,unknown,unknown,-1,-1,-1,-1,-1,29,231000000,0,0,0,378,15932,11.952191235059745,1.1952191235059746e-08,501.9920318725093,5.019920318725093e-07,29.231,17,2,0,0.34783801373919426,0,0,BENIGN
1776878107.5516486,2,06:2d:ba:7d:d2:de,c2:83:c9:db:0c:46,unknown,unknown,-1,-1,-1,-1,-1,25,840000000,0,0,0,320,13440,10.458167330677295,1.0458167330677295e-08,439.2430278884464,4.3924302788844643e-07,25.84,17,2,0,0.3478380345810883,0,0,BENIGN
1776878107.9975688,1,c2:83:c9:db:0c:46,5a:46:d9:62:e7:8c,unknown,unknown,-1,-1,-1,-1,-1,48,741000000,0,0,0,1067,44870,10.956175298804766,1.0956175298804766e-08,460.15936254980016,4.6015936254980017e-07,48.741,17,2,0,0.3438267631000676,0,0,BENIGN
1776878108.492556,1,d2:9b:db:15:5b:e9,5a:46:d9:62:e7:8c,unknown,unknown,-1,-1,-1,-1,-1,45,475000000,0,0,0,776,32648,10.956175298804766,1.0956175298804766e-08,460.15936254980016,4.6015936254980017e-07,45.475,17,2,0,0.3438267422581736,0,0,BENIGN
1776878108.9482985,1,06:2d:ba:7d:d2:de,5a:46:d9:62:e7:8c,unknown,unknown,-1,-1,-1,-1,-1,42,245000000,0,0,0,663,27902,10.956175298804805,1.0956175298804805e-08,488.0478087649413,4.880478087649413e-07,42.245,17,2,0,0.3438267422581736,0,0,BENIGN
1776878109.4007938,1,06:2d:ba:7d:d2:de,c2:83:c9:db:0c:46,unknown,unknown,-1,-1,-1,-1,-1,25,641000000,0,0,0,320,13440,10.458167330677295,1.0458167330677295e-08,439.2430278884464,4.3924302788844643e-07,25.641,17,2,0,0.3438267631000676,0,0,BENIGN
1776878109.7813334,1,06:2d:ba:7d:d2:de,d2:9b:db:15:5b:e9,unknown,unknown,-1,-1,-1,-1,-1,2,492000000,0,0,0,16,672,7.47011952191235,7.47011952191235e-09,313.7450199203187,3.137450199203187e-07,2.492,17,2,0,0.38139702335325737,0,0,BENIGN
1776878110.2451446,3,c2:83:c9:db:0c:46,5a:46:d9:62:e7:8c,unknown,unknown,-1,-1,-1,-1,-1,48,737000000,0,0,0,1067,44870,10.956175298804766,1.0956175298804766e-08,460.15936254980016,4.6015936254980017e-07,48.737,17,2,0,0.3587852535915399,0,0,BENIGN
1776878110.742151,3,d2:9b:db:15:5b:e9,5a:46:d9:62:e7:8c,unknown,unknown,-1,-1,-1,-1,-1,45,503000000,0,0,0,776,32648,10.956175298804766,1.0956175298804766e-08,460.15936254980016,4.6015936254980017e-07,45.503,17,2,0,0.3587852327496459,0,0,BENIGN
1776878111.1855242,3,06:2d:ba:7d:d2:de,5a:46:d9:62:e7:8c,unknown,unknown,-1,-1,-1,-1,-1,42,376000000,0,0,0,662,27860,302.55941499085986,3.0255941499085985e-07,12733.089579524707,1.2733089579524708e-05,42.376,17,2,0,0.3426320496007954,0,0,BENIGN
1776878111.645555,3,d2:9b:db:15:5b:e9,c2:83:c9:db:0c:46,unknown,unknown,-1,-1,-1,-1,-1,29,32000000,0,0,0,378,15932,11.952191235059766,1.1952191235059766e-08,501.99203187251015,5.019920318725101e-07,29.032,17,2,0,0.34962133281839025,0,0,BENIGN
1776878112.0802977,3,06:2d:ba:7d:d2:de,c2:83:c9:db:0c:46,unknown,unknown,-1,-1,-1,-1,-1,25,910000000,0,0,0,319,13398,9.465020576131689,9.46502057613169e-09,397.5308641975309,3.975308641975309e-07,25.91,17,2,0,0.35987754795780047,0,0,BENIGN
1776878112.5205665,3,06:2d:ba:7d:d2:de,d2:9b:db:15:5b:e9,unknown,unknown,-1,-1,-1,-1,-1,2,724000000,0,0,0,16,672,7.47011952191235,7.47011952191235e-09,313.7450199203187,3.137450199203187e-07,2.724,17,2,0,0.39518041941111703,0,0,BENIGN
1776878112.950131,2,c2:83:c9:db:0c:46,5a:46:d9:62:e7:8c,unknown,unknown,-1,-1,-1,-1,-1,50,745000000,0,0,0,1089,45794,10.934393638170972,1.0934393638170973e-08,459.2445328031808,4.592445328031808e-07,50.745,17,2,0,0.3478380345810883,0,0,BENIGN
1776878113.4315815,2,d2:9b:db:15:5b:e9,5a:46:d9:62:e7:8c,unknown,unknown,-1,-1,-1,-1,-1,47,562000000,0,0,0,801,33698,11.928429423459242,1.1928429423459243e-08,500.99403578528813,5.009940357852882e-07,47.562,17,2,0,0.3478380345810883,0,0,BENIGN
1776878113.8773944,2,06:2d:ba:7d:d2:de,5a:46:d9:62:e7:8c,unknown,unknown,-1,-1,-1,-1,-1,44,335000000,0,0,0,686,28868,10.437375745526836,1.0437375745526836e-08,438.36978131212715,4.3836978131212717e-07,44.335,17,2,0,0.34783801373919426,0,0,BENIGN
1776878114.3098726,2,d2:9b:db:15:5b:e9,c2:83:c9:db:0c:46,unknown,unknown,-1,-1,-1,-1,-1,31,243000000,0,0,0,402,16940,11.928429423459264,1.1928429423459263e-08,500.99403578528904,5.00994035785289e-07,31.243,17,2,0,0.34783801373919426,0,0,BENIGN
1776878114.752825,2,06:2d:ba:7d:d2:de,c2:83:c9:db:0c:46,unknown,unknown,-1,-1,-1,-1,-1,27,852000000,0,0,0,342,14364,10.934393638170972,1.0934393638170973e-08,459.2445328031808,4.592445328031808e-07,27.852,17,2,0,0.3478380345810883,0,0,BENIGN
1776878115.1457968,1,c2:83:c9:db:0c:46,5a:46:d9:62:e7:8c,unknown,unknown,-1,-1,-1,-1,-1,50,752000000,0,0,0,1089,45794,10.939830929885614,1.0939830929885615e-08,459.4728990551958,4.594728990551958e-07,50.752,17,2,0,0.3438267631000676,0,0,BENIGN
1776878115.540156,1,d2:9b:db:15:5b:e9,5a:46:d9:62:e7:8c,unknown,unknown,-1,-1,-1,-1,-1,47,486000000,0,0,0,800,33656,11.934361014420713,1.1934361014420713e-08,501.2431626056699,5.012431626056699e-07,47.486,17,2,0,0.3438267422581736,0,0,BENIGN
1776878115.939109,1,06:2d:ba:7d:d2:de,5a:46:d9:62:e7:8c,unknown,unknown,-1,-1,-1,-1,-1,44,256000000,0,0,0,684,28784,10.442565887618086,1.0442565887618086e-08,438.5877672799596,4.3858776727995965e-07,44.256,17,2,0,0.3438267422581736,0,0,BENIGN
1776878116.3498192,1,06:2d:ba:7d:d2:de,c2:83:c9:db:0c:46,unknown,unknown,-1,-1,-1,-1,-1,27,652000000,0,0,0,342,14364,10.939830929885614,1.0939830929885615e-08,459.4728990551958,4.594728990551958e-07,27.652,17,2,0,0.3438267631000676,0,0,BENIGN
1776878116.760509,1,06:2d:ba:7d:d2:de,d2:9b:db:15:5b:e9,unknown,unknown,-1,-1,-1,-1,-1,4,503000000,0,0,0,38,1596,10.939830929885629,1.0939830929885628e-08,459.47289905519636,4.594728990551964e-07,4.503,17,2,0,0.38139702335325737,0,0,BENIGN
1776878117.2200613,3,c2:83:c9:db:0c:46,5a:46:d9:62:e7:8c,unknown,unknown,-1,-1,-1,-1,-1,50,749000000,0,0,0,1089,45794,10.934393638170972,1.0934393638170973e-08,459.2445328031808,4.592445328031808e-07,50.749,17,2,0,0.3587852535915399,0,0,BENIGN
1776878117.676992,3,d2:9b:db:15:5b:e9,5a:46:d9:62:e7:8c,unknown,unknown,-1,-1,-1,-1,-1,47,515000000,0,0,0,800,33656,11.928429423459242,1.1928429423459243e-08,500.99403578528813,5.009940357852882e-07,47.515,17,2,0,0.3587852327496459,0,0,BENIGN
1776878118.2030215,3,06:2d:ba:7d:d2:de,5a:46:d9:62:e7:8c,unknown,unknown,-1,-1,-1,-1,-1,44,388000000,0,0,0,683,28742,311.5875912408759,3.115875912408759e-07,13112.226277372261,1.311222627737226e-05,44.388,17,2,0,0.3426320496007954,0,0,BENIGN
1776878118.6972084,3,d2:9b:db:15:5b:e9,c2:83:c9:db:0c:46,unknown,unknown,-1,-1,-1,-1,-1,31,44000000,0,0,0,402,16940,11.928429423459242,1.1928429423459243e-08,500.99403578528813,5.009940357852882e-07,31.044,17,2,0,0.34962133281839025,0,0,BENIGN
1776878119.1711004,3,06:2d:ba:7d:d2:de,c2:83:c9:db:0c:46,unknown,unknown,-1,-1,-1,-1,-1,27,922000000,0,0,0,341,14322,9.860312243221031,9.860312243221031e-09,414.1331142152833,4.141331142152833e-07,27.922,17,2,0,0.35987754795780047,0,0,BENIGN
1776878119.6292195,3,06:2d:ba:7d:d2:de,d2:9b:db:15:5b:e9,unknown,unknown,-1,-1,-1,-1,-1,4,736000000,0,0,0,38,1596,10.934393638170976,1.0934393638170976e-08,459.244532803181,4.59244532803181e-07,4.736,17,2,0,0.39518041941111703,0,0,BENIGN
1776878120.113485,2,c2:83:c9:db:0c:46,5a:46:d9:62:e7:8c,unknown,unknown,-1,-1,-1,-1,-1,52,756000000,0,0,0,1117,46970,13.923421183490781,1.392342118349078e-08,584.7836897066128,5.847836897066128e-07,52.756,17,2,0,0.3478380345810883,0,0,BENIGN
1776878120.5879376,2,d2:9b:db:15:5b:e9,5a:46:d9:62:e7:8c,unknown,unknown,-1,-1,-1,-1,-1,49,573000000,0,0,0,827,34790,12.928891098955726,1.2928891098955725e-08,543.0134261561404,5.430134261561404e-07,49.573,17,2,0,0.3478380345810883,0,0,BENIGN
1776878121.085506,2,06:2d:ba:7d:d2:de,5a:46:d9:62:e7:8c,unknown,unknown,-1,-1,-1,-1,-1,46,346000000,0,0,0,715,30086,14.42068622575836,1.442068622575836e-08,605.6688214818512,6.056688214818512e-07,46.346,17,2,0,0.34783801373919426,0,0,BENIGN
1776878121.6112733,2,d2:9b:db:15:5b:e9,c2:83:c9:db:0c:46,unknown,unknown,-1,-1,-1,-1,-1,33,254000000,0,0,0,426,17948,11.934361014420691,1.1934361014420692e-08,501.243162605669,5.01243162605669e-07,33.254,17,2,0,0.34783801373919426,0,0,BENIGN
1776878122.086026,2,06:2d:ba:7d:d2:de,c2:83:c9:db:0c:46,unknown,unknown,-1,-1,-1,-1,-1,29,863000000,0,0,0,369,15498,13.426156141223277,1.3426156141223278e-08,563.8985579313777,5.638985579313777e-07,29.863,17,2,0,0.3478380345810883,0,0,BENIGN
1776878122.5867267,1,c2:83:c9:db:0c:46,5a:46:d9:62:e7:8c,unknown,unknown,-1,-1,-1,-1,-1,52,764000000,0,0,0,1117,46970,13.916500994035783,1.3916500994035783e-08,584.4930417495028,5.844930417495029e-07,52.764,17,2,0,0.3438267631000676,0,0,BENIGN
1776878123.0347865,1,d2:9b:db:15:5b:e9,5a:46:d9:62:e7:8c,unknown,unknown,-1,-1,-1,-1,-1,49,498000000,0,0,0,826,34748,12.922465208747512,1.2922465208747512e-08,542.7435387673955,5.427435387673955e-07,49.498,17,2,0,0.3438267422581736,0,0,BENIGN
1776878123.4994974,1,06:2d:ba:7d:d2:de,5a:46:d9:62:e7:8c,unknown,unknown,-1,-1,-1,-1,-1,46,268000000,0,0,0,713,30002,14.413518886679917,1.4413518886679917e-08,605.3677932405566,6.053677932405566e-07,46.268,17,2,0,0.3438267422581736,0,0,BENIGN
1776878123.943777,1,06:2d:ba:7d:d2:de,c2:83:c9:db:0c:46,unknown,unknown,-1,-1,-1,-1,-1,29,664000000,0,0,0,369,15498,13.419483101391647,1.3419483101391646e-08,563.6182902584492,5.636182902584492e-07,29.664,17,2,0,0.3438267631000676,0,0,BENIGN
1776878124.4299843,1,06:2d:ba:7d:d2:de,d2:9b:db:15:5b:e9,unknown,unknown,-1,-1,-1,-1,-1,6,515000000,0,0,0,66,2772,13.916500994035788,1.3916500994035787e-08,584.4930417495032,5.844930417495032e-07,6.515,17,2,0,0.3813820783631364,0,0,BENIGN
1776878124.879676,3,c2:83:c9:db:0c:46,5a:46:d9:62:e7:8c,unknown,unknown,-1,-1,-1,-1,-1,52,761000000,0,0,0,1117,46970,13.916500994035783,1.3916500994035783e-08,584.4930417495028,5.844930417495029e-07,52.761,17,2,0,0.3587852535915399,0,0,BENIGN
1776878125.3235781,3,d2:9b:db:15:5b:e9,5a:46:d9:62:e7:8c,unknown,unknown,-1,-1,-1,-1,-1,49,527000000,0,0,0,826,34748,12.922465208747512,1.2922465208747512e-08,542.7435387673955,5.427435387673955e-07,49.527,17,2,0,0.3587852327496459,0,0,BENIGN
1776878125.771619,3,06:2d:ba:7d:d2:de,5a:46:d9:62:e7:8c,unknown,unknown,-1,-1,-1,-1,-1,46,400000000,0,0,0,712,29960,324.81751824817513,3.248175182481751e-07,13667.88321167883,1.3667883211678831e-05,46.4,17,2,0,0.3426320496007954,0,0,BENIGN
1776878126.206236,3,d2:9b:db:15:5b:e9,c2:83:c9:db:0c:46,unknown,unknown,-1,-1,-1,-1,-1,33,56000000,0,0,0,426,17948,11.928429423459264,1.1928429423459263e-08,500.99403578528904,5.00994035785289e-07,33.056,17,2,0,0.34962133281839025,0,0,BENIGN
1776878126.6496086,3,06:2d:ba:7d:d2:de,c2:83:c9:db:0c:46,unknown,unknown,-1,-1,-1,-1,-1,29,934000000,0,0,0,368,15456,11.914543960558746,1.1914543960558746e-08,500.4108463434673,5.004108463434673e-07,29.934,17,2,0,0.35987754795780047,0,0,BENIGN
1776878127.1142645,3,06:2d:ba:7d:d2:de,d2:9b:db:15:5b:e9,unknown,unknown,-1,-1,-1,-1,-1,6,748000000,0,0,0,66,2772,13.916500994035783,1.3916500994035783e-08,584.4930417495028,5.844930417495029e-07,6.748,17,2,0,0.39516547442099603,0,0,BENIGN
1776878127.5309806,2,c2:83:c9:db:0c:46,5a:46:d9:62:e7:8c,unknown,unknown,-1,-1,-1,-1,-1,54,765000000,0,0,0,1139,47894,10.950721752115479,1.095072175211548e-08,459.9303135888501,4.599303135888501e-07,54.765,17,2,0,0.3478380345810883,0,0,BENIGN
1776878127.9331603,2,d2:9b:db:15:5b:e9,5a:46:d9:62:e7:8c,unknown,unknown,-1,-1,-1,-1,-1,51,582000000,0,0,0,849,35714,10.950721752115479,1.095072175211548e-08,459.9303135888501,4.599303135888501e-07,51.582,17,2,0,0.3478380345810883,0,0,BENIGN
1776878128.3835468,2,06:2d:ba:7d:d2:de,5a:46:d9:62:e7:8c,unknown,unknown,-1,-1,-1,-1,-1,48,355000000,0,0,0,737,31010,10.950721752115479,1.095072175211548e-08,459.9303135888501,4.599303135888501e-07,48.355,17,2,0,0.34783801373919426,0,0,BENIGN
1776878128.822089,2,d2:9b:db:15:5b:e9,c2:83:c9:db:0c:46,unknown,unknown,-1,-1,-1,-1,-1,35,263000000,0,0,0,450,18956,11.946241911398705,1.1946241911398705e-08,501.7421602787456,5.017421602787456e-07,35.263,17,2,0,0.34783801373919426,0,0,BENIGN
1776878129.2369685,2,06:2d:ba:7d:d2:de,c2:83:c9:db:0c:46,unknown,unknown,-1,-1,-1,-1,-1,31,872000000,0,0,0,392,16464,11.44848183175709,1.144848183175709e-08,480.8362369337978,4.808362369337978e-07,31.872,17,2,0,0.3478380345810883,0,0,BENIGN
1776878129.4297092,1,c2:83:c9:db:0c:46,5a:46:d9:62:e7:8c,unknown,unknown,-1,-1,-1,-1,-1,54,773000000,0,0,0,1139,47894,10.950721752115479,1.095072175211548e-08,459.9303135888501,4.599303135888501e-07,54.773,17,2,0,0.3438267631000676,0,0,BENIGN
1776878129.603762,1,d2:9b:db:15:5b:e9,5a:46:d9:62:e7:8c,unknown,unknown,-1,-1,-1,-1,-1,51,507000000,0,0,0,848,35672,10.950721752115479,1.095072175211548e-08,459.9303135888501,4.599303135888501e-07,51.507,17,2,0,0.3438267422581736,0,0,BENIGN
1776878129.6314003,1,06:2d:ba:7d:d2:de,5a:46:d9:62:e7:8c,unknown,unknown,-1,-1,-1,-1,-1,48,277000000,0,0,0,735,30926,10.950721752115479,1.095072175211548e-08,459.9303135888501,4.599303135888501e-07,48.277,17,2,0,0.3438267422581736,0,0,BENIGN
1776878129.671516,1,06:2d:ba:7d:d2:de,c2:83:c9:db:0c:46,unknown,unknown,-1,-1,-1,-1,-1,31,673000000,0,0,0,392,16464,11.44848183175709,1.144848183175709e-08,480.8362369337978,4.808362369337978e-07,31.673000000000002,17,2,0,0.3438267631000676,0,0,BENIGN
1776878129.708496,1,06:2d:ba:7d:d2:de,d2:9b:db:15:5b:e9,unknown,unknown,-1,-1,-1,-1,-1,8,524000000,0,0,0,88,3696,10.950721752115474,1.0950721752115473e-08,459.9303135888499,4.5993031358884993e-07,8.524000000000001,17,2,0,0.3813820783631364,0,0,BENIGN
1776878129.7379353,3,c2:83:c9:db:0c:46,5a:46:d9:62:e7:8c,unknown,unknown,-1,-1,-1,-1,-1,54,769000000,0,0,0,1139,47894,10.956175298804805,1.0956175298804805e-08,460.1593625498018,4.601593625498018e-07,54.769,17,2,0,0.3587852535915399,0,0,BENIGN
1776878129.9755533,3,d2:9b:db:15:5b:e9,5a:46:d9:62:e7:8c,unknown,unknown,-1,-1,-1,-1,-1,51,535000000,0,0,0,848,35672,10.956175298804805,1.0956175298804805e-08,460.1593625498018,4.601593625498018e-07,51.535,17,2,0,0.3587852327496459,0,0,BENIGN
1776878130.0331812,3,06:2d:ba:7d:d2:de,5a:46:d9:62:e7:8c,unknown,unknown,-1,-1,-1,-1,-1,48,408000000,0,0,0,734,30884,335.466179159049,3.35466179159049e-07,14115.17367458865,1.411517367458865e-05,48.408,17,2,0,0.3426320496007954,0,0,BENIGN
1776878130.0616727,3,d2:9b:db:15:5b:e9,c2:83:c9:db:0c:46,unknown,unknown,-1,-1,-1,-1,-1,35,64000000,0,0,0,450,18956,11.952191235059745,1.1952191235059746e-08,501.9920318725093,5.019920318725093e-07,35.064,17,2,0,0.34962133281839025,0,0,BENIGN
1776878130.09155,3,06:2d:ba:7d:d2:de,c2:83:c9:db:0c:46,unknown,unknown,-1,-1,-1,-1,-1,31,942000000,0,0,0,391,16422,10.2880658436214,1.02880658436214e-08,432.09876543209884,4.3209876543209885e-07,31.942,17,2,0,0.35987754795780047,0,0,BENIGN
1776878130.1197314,3,06:2d:ba:7d:d2:de,d2:9b:db:15:5b:e9,unknown,unknown,-1,-1,-1,-1,-1,8,756000000,0,0,0,88,3696,10.95617529880478,1.095617529880478e-08,460.1593625498008,4.601593625498008e-07,8.756,17,2,0,0.39516547442099603,0,0,BENIGN
1776878130.1483595,2,c2:83:c9:db:0c:46,5a:46:d9:62:e7:8c,unknown,unknown,-1,-1,-1,-1,-1,56,780000000,0,0,0,1159,48734,9.925558312655085,9.925558312655085e-09,416.87344913151355,4.1687344913151353e-07,56.78,17,2,0,0.3478380345810883,0,0,BENIGN
1776878130.516463,2,d2:9b:db:15:5b:e9,5a:46:d9:62:e7:8c,unknown,unknown,-1,-1,-1,-1,-1,53,597000000,0,0,0,869,36554,9.925558312655085,9.925558312655085e-09,416.87344913151355,4.1687344913151353e-07,53.597,17,2,0,0.3478380345810883,0,0,BENIGN
1776878130.988987,2,06:2d:ba:7d:d2:de,5a:46:d9:62:e7:8c,unknown,unknown,-1,-1,-1,-1,-1,50,370000000,0,0,0,760,31976,11.414392059553347,1.1414392059553346e-08,479.40446650124056,4.794044665012406e-07,50.37,17,2,0,0.34783801373919426,0,0,BENIGN
1776878131.3168066,2,d2:9b:db:15:5b:e9,c2:83:c9:db:0c:46,unknown,unknown,-1,-1,-1,-1,-1,37,278000000,0,0,0,468,19712,8.933002481389575,8.933002481389575e-09,375.1861042183622,3.751861042183622e-07,37.278,17,2,0,0.34783801373919426,0,0,BENIGN
1776878131.4535117,2,06:2d:ba:7d:d2:de,c2:83:c9:db:0c:46,unknown,unknown,-1,-1,-1,-1,-1,33,887000000,0,0,0,412,17304,9.925558312655085,9.925558312655085e-09,416.87344913151355,4.1687344913151353e-07,33.887,17,2,0,0.3478380345810883,0,0,BENIGN
1776878131.4821012,1,c2:83:c9:db:0c:46,5a:46:d9:62:e7:8c,unknown,unknown,-1,-1,-1,-1,-1,56,787000000,0,0,0,1159,48734,9.930486593843119,9.93048659384312e-09,417.080436941411,4.17080436941411e-07,56.787,17,2,0,0.3438267631000676,0,0,BENIGN
1776878131.6664052,1,d2:9b:db:15:5b:e9,5a:46:d9:62:e7:8c,unknown,unknown,-1,-1,-1,-1,-1,53,521000000,0,0,0,868,36512,9.930486593843083,9.930486593843083e-09,417.0804369414095,4.1708043694140954e-07,53.521,17,2,0,0.3438267422581736,0,0,BENIGN
1776878131.7106962,1,06:2d:ba:7d:d2:de,5a:46:d9:62:e7:8c,unknown,unknown,-1,-1,-1,-1,-1,50,291000000,0,0,0,758,31892,11.420059582919587,1.1420059582919587e-08,479.64250248262266,4.796425024826227e-07,50.291,17,2,0,0.3438267422581736,0,0,BENIGN
1776878131.7386193,1,06:2d:ba:7d:d2:de,c2:83:c9:db:0c:46,unknown,unknown,-1,-1,-1,-1,-1,33,687000000,0,0,0,412,17304,9.930486593843119,9.93048659384312e-09,417.080436941411,4.17080436941411e-07,33.687,17,2,0,0.3438267631000676,0,0,BENIGN
1776878131.7666466,1,06:2d:ba:7d:d2:de,d2:9b:db:15:5b:e9,unknown,unknown,-1,-1,-1,-1,-1,10,538000000,0,0,0,109,4578,10.427010923535256,1.0427010923535257e-08,437.93445878848075,4.3793445878848077e-07,10.538,17,2,0,0.3813820783631364,0,0,BENIGN
1776878131.795644,3,c2:83:c9:db:0c:46,5a:46:d9:62:e7:8c,unknown,unknown,-1,-1,-1,-1,-1,56,784000000,0,0,0,1159,48734,9.925558312655085,9.925558312655085e-09,416.87344913151355,4.1687344913151353e-07,56.784,17,2,0,0.3587852535915399,0,0,BENIGN
1776878132.071712,3,d2:9b:db:15:5b:e9,5a:46:d9:62:e7:8c,unknown,unknown,-1,-1,-1,-1,-1,53,550000000,0,0,0,868,36512,9.925558312655085,9.925558312655085e-09,416.87344913151355,4.1687344913151353e-07,53.55,17,2,0,0.3587852327496459,0,0,BENIGN
1776878132.1721332,3,06:2d:ba:7d:d2:de,5a:46:d9:62:e7:8c,unknown,unknown,-1,-1,-1,-1,-1,50,423000000,0,0,0,757,31850,344.87471526195895,3.4487471526195896e-07,14510.25056947608,1.451025056947608e-05,50.423,17,2,0,0.3426320496007954,0,0,BENIGN
1776878132.2011442,3,d2:9b:db:15:5b:e9,c2:83:c9:db:0c:46,unknown,unknown,-1,-1,-1,-1,-1,37,79000000,0,0,0,468,19712,8.933002481389575,8.933002481389575e-09,375.1861042183622,3.751861042183622e-07,37.079,17,2,0,0.34962133281839025,0,0,BENIGN
1776878132.2291625,3,06:2d:ba:7d:d2:de,c2:83:c9:db:0c:46,unknown,unknown,-1,-1,-1,-1,-1,33,957000000,0,0,0,411,17262,9.027492819039798,9.027492819039799e-09,379.15469839967153,3.7915469839967154e-07,33.957,17,2,0,0.35987754795780047,0,0,BENIGN
1776878132.2568915,3,06:2d:ba:7d:d2:de,d2:9b:db:15:5b:e9,unknown,unknown,-1,-1,-1,-1,-1,10,771000000,0,0,0,109,4578,10.421836228287837,1.0421836228287838e-08,437.7171215880892,4.3771712158808917e-07,10.771,17,2,0,0.39516547442099603,0,0,BENIGN
1776878132.2857106,2,c2:83:c9:db:0c:46,5a:46:d9:62:e7:8c,unknown,unknown,-1,-1,-1,-1,-1,58,795000000,0,0,0,1178,49532,9.42928039702233,9.42928039702233e-09,396.02977667493786,3.960297766749379e-07,58.795,17,2,0,0.3478380345810883,0,0,BENIGN
1776878132.6922662,2,d2:9b:db:15:5b:e9,5a:46:d9:62:e7:8c,unknown,unknown,-1,-1,-1,-1,-1,55,612000000,0,0,0,889,37394,9.925558312655085,9.925558312655085e-09,416.87344913151355,4.1687344913151353e-07,55.612,17,2,0,0.3478380345810883,0,0,BENIGN
1776878133.1612341,2,06:2d:ba:7d:d2:de,5a:46:d9:62:e7:8c,unknown,unknown,-1,-1,-1,-1,-1,52,385000000,0,0,0,779,32774,9.42928039702233,9.42928039702233e-09,396.02977667493786,3.960297766749379e-07,52.385,17,2,0,0.34783801373919426,0,0,BENIGN
1776878133.3948112,2,d2:9b:db:15:5b:e9,c2:83:c9:db:0c:46,unknown,unknown,-1,-1,-1,-1,-1,39,293000000,0,0,0,490,20636,10.918114143920592,1.0918114143920593e-08,458.5607940446649,4.5856079404466486e-07,39.293,17,2,0,0.34783801373919426,0,0,BENIGN
1776878133.4807558,2,06:2d:ba:7d:d2:de,c2:83:c9:db:0c:46,unknown,unknown,-1,-1,-1,-1,-1,35,902000000,0,0,0,432,18200,9.925558312655085,9.925558312655085e-09,444.66501240694777,4.4466501240694775e-07,35.902,17,2,0,0.3478380345810883,0,0,BENIGN
1776878133.5095732,1,c2:83:c9:db:0c:46,5a:46:d9:62:e7:8c,unknown,unknown,-1,-1,-1,-1,-1,58,802000000,0,0,0,1178,49532,9.42928039702233,9.42928039702233e-09,396.02977667493786,3.960297766749379e-07,58.802,17,2,0,0.3438267631000676,0,0,BENIGN
1776878133.6996665,1,d2:9b:db:15:5b:e9,5a:46:d9:62:e7:8c,unknown,unknown,-1,-1,-1,-1,-1,55,536000000,0,0,0,888,37352,9.925558312655085,9.925558312655085e-09,416.87344913151355,4.1687344913151353e-07,55.536,17,2,0,0.3438267422581736,0,0,BENIGN
1776878133.7744646,1,06:2d:ba:7d:d2:de,5a:46:d9:62:e7:8c,unknown,unknown,-1,-1,-1,-1,-1,52,306000000,0,0,0,777,32690,9.42928039702233,9.42928039702233e-09,396.02977667493786,3.960297766749379e-07,52.306,17,2,0,0.3438267422581736,0,0,BENIGN
1776878133.8025002,1,06:2d:ba:7d:d2:de,c2:83:c9:db:0c:46,unknown,unknown,-1,-1,-1,-1,-1,35,702000000,0,0,0,432,18200,9.925558312655085,9.925558312655085e-09,444.66501240694777,4.4466501240694775e-07,35.702,17,2,0,0.3438267631000676,0,0,BENIGN
1776878133.8303454,1,06:2d:ba:7d:d2:de,d2:9b:db:15:5b:e9,unknown,unknown,-1,-1,-1,-1,-1,12,553000000,0,0,0,128,5376,9.42928039702233,9.42928039702233e-09,396.02977667493786,3.960297766749379e-07,12.553,17,2,0,0.3813820783631364,0,0,BENIGN
1776878133.8595955,3,c2:83:c9:db:0c:46,5a:46:d9:62:e7:8c,unknown,unknown,-1,-1,-1,-1,-1,58,799000000,0,0,0,1178,49532,9.42928039702233,9.42928039702233e-09,396.02977667493786,3.960297766749379e-07,58.799,17,2,0,0.3587852535915399,0,0,BENIGN
1776878134.1515455,3,d2:9b:db:15:5b:e9,5a:46:d9:62:e7:8c,unknown,unknown,-1,-1,-1,-1,-1,55,565000000,0,0,0,888,37352,9.925558312655085,9.925558312655085e-09,416.87344913151355,4.1687344913151353e-07,55.565,17,2,0,0.3587852535915399,0,0,BENIGN
1776878134.2615805,3,06:2d:ba:7d:d2:de,5a:46:d9:62:e7:8c,unknown,unknown,-1,-1,-1,-1,-1,52,438000000,0,0,0,776,32648,353.5307517084282,3.535307517084282e-07,14873.804100227788,1.4873804100227788e-05,52.438,17,2,0,0.3426320496007954,0,0,BENIGN
1776878134.2904932,3,d2:9b:db:15:5b:e9,c2:83:c9:db:0c:46,unknown,unknown,-1,-1,-1,-1,-1,39,94000000,0,0,0,490,20636,10.918114143920592,1.0918114143920593e-08,458.5607940446649,4.5856079404466486e-07,39.094,17,2,0,0.34962133281839025,0,0,BENIGN
1776878134.3193772,3,06:2d:ba:7d:d2:de,c2:83:c9:db:0c:46,unknown,unknown,-1,-1,-1,-1,-1,35,972000000,0,0,0,431,18158,9.027492819039786,9.027492819039786e-09,402.13377102995406,4.021337710299541e-07,35.972,17,2,0,0.35987754795780047,0,0,BENIGN
1776878134.3482184,3,06:2d:ba:7d:d2:de,d2:9b:db:15:5b:e9,unknown,unknown,-1,-1,-1,-1,-1,12,786000000,0,0,0,128,5376,9.429280397022339,9.42928039702234e-09,396.0297766749382,3.960297766749382e-07,12.786,17,2,0,0.39516547442099603,0,0,BENIGN
1776878134.3768108,2,c2:83:c9:db:0c:46,5a:46:d9:62:e7:8c,unknown,unknown,-1,-1,-1,-1,-1,60,801000000,0,0,0,1196,50288,8.973080757726818,8.973080757726817e-09,376.86939182452636,3.7686939182452636e-07,60.801,17,2,0,0.3478380345810883,0,0,BENIGN
1776878134.7916548,2,d2:9b:db:15:5b:e9,5a:46:d9:62:e7:8c,unknown,unknown,-1,-1,-1,-1,-1,57,618000000,0,0,0,905,38066,7.976071784646061,7.976071784646062e-09,334.99501495513454,3.3499501495513456e-07,57.618,17,2,0,0.3478380345810883,0,0,BENIGN
1776878135.2286506,2,06:2d:ba:7d:d2:de,5a:46:d9:62:e7:8c,unknown,unknown,-1,-1,-1,-1,-1,54,391000000,0,0,0,797,33530,8.973080757726818,8.973080757726817e-09,376.86939182452636,3.7686939182452636e-07,54.391,17,2,0,0.34783801373919426,0,0,BENIGN
1776878135.4254875,2,d2:9b:db:15:5b:e9,c2:83:c9:db:0c:46,unknown,unknown,-1,-1,-1,-1,-1,41,299000000,0,0,0,506,21308,7.976071784646061,7.976071784646062e-09,334.99501495513454,3.3499501495513456e-07,41.299,17,2,0,0.34783801373919426,0,0,BENIGN
1776878135.4999964,2,06:2d:ba:7d:d2:de,c2:83:c9:db:0c:46,unknown,unknown,-1,-1,-1,-1,-1,37,908000000,0,0,0,450,18956,8.973080757726818,8.973080757726817e-09,376.86939182452636,3.7686939182452636e-07,37.908,17,2,0,0.3489303289473488,0,0,BENIGN
1776878135.5309248,1,c2:83:c9:db:0c:46,5a:46:d9:62:e7:8c,unknown,unknown,-1,-1,-1,-1,-1,60,808000000,0,0,0,1196,50288,8.973080757726818,8.973080757726817e-09,376.86939182452636,3.7686939182452636e-07,60.808,17,2,0,0.3438267631000676,0,0,BENIGN
1776878135.720613,1,d2:9b:db:15:5b:e9,5a:46:d9:62:e7:8c,unknown,unknown,-1,-1,-1,-1,-1,57,542000000,0,0,0,904,38024,7.976071784646061,7.976071784646062e-09,334.99501495513454,3.3499501495513456e-07,57.542,17,2,0,0.3438267422581736,0,0,BENIGN
1776878135.7944,1,06:2d:ba:7d:d2:de,5a:46:d9:62:e7:8c,unknown,unknown,-1,-1,-1,-1,-1,54,312000000,0,0,0,795,33446,8.973080757726818,8.973080757726817e-09,376.86939182452636,3.7686939182452636e-07,54.312,17,2,0,0.3438267422581736,0,0,BENIGN
1776878135.8235438,1,06:2d:ba:7d:d2:de,c2:83:c9:db:0c:46,unknown,unknown,-1,-1,-1,-1,-1,37,708000000,0,0,0,450,18956,8.973080757726818,8.973080757726817e-09,376.86939182452636,3.7686939182452636e-07,37.708,17,2,0,0.3438267631000676,0,0,BENIGN
1776878135.8537102,1,06:2d:ba:7d:d2:de,d2:9b:db:15:5b:e9,unknown,unknown,-1,-1,-1,-1,-1,14,559000000,0,0,0,146,6132,8.973080757726827,8.973080757726827e-09,376.8693918245267,3.768693918245267e-07,14.559,17,2,0,0.3785390928380531,0,0,BENIGN
1776878135.8826602,3,c2:83:c9:db:0c:46,5a:46:d9:62:e7:8c,unknown,unknown,-1,-1,-1,-1,-1,60,806000000,0,0,0,1196,50288,8.968609865470862,8.968609865470861e-09,376.68161434977617,3.7668161434977615e-07,60.806,17,2,0,0.3587852535915399,0,0,BENIGN
1776878136.1537876,3,d2:9b:db:15:5b:e9,5a:46:d9:62:e7:8c,unknown,unknown,-1,-1,-1,-1,-1,57,572000000,0,0,0,904,38024,7.972097658196293,7.972097658196294e-09,334.8281016442443,3.3482810164424435e-07,57.572,17,2,0,0.3587852535915399,0,0,BENIGN
1776878136.268761,3,06:2d:ba:7d:d2:de,5a:46:d9:62:e7:8c,unknown,unknown,-1,-1,-1,-1,-1,54,445000000,0,0,0,794,33404,363.05441243712886,3.6305441243712885e-07,15273.89117512576,1.527389117512576e-05,54.445,17,2,0,0.3426320496007954,0,0,BENIGN
1776878136.2974274,3,d2:9b:db:15:5b:e9,c2:83:c9:db:0c:46,unknown,unknown,-1,-1,-1,-1,-1,41,101000000,0,0,0,506,21308,7.972097658196321,7.972097658196322e-09,334.8281016442455,3.348281016442455e-07,41.101,17,2,0,0.34962133281839025,0,0,BENIGN
1776878136.3267128,3,06:2d:ba:7d:d2:de,c2:83:c9:db:0c:46,unknown,unknown,-1,-1,-1,-1,-1,37,979000000,0,0,0,449,18914,8.233841086867017,8.233841086867017e-09,345.8213256484147,3.458213256484147e-07,37.979,17,2,0,0.35987754795780047,0,0,BENIGN
1776878136.3568363,3,06:2d:ba:7d:d2:de,d2:9b:db:15:5b:e9,unknown,unknown,-1,-1,-1,-1,-1,14,793000000,0,0,0,146,6132,8.968609865470853,8.968609865470853e-09,376.6816143497758,3.7668161434977584e-07,14.793,17,2,0,0.3923224680540187,0,0,BENIGN
1776878136.3849914,2,c2:83:c9:db:0c:46,5a:46:d9:62:e7:8c,unknown,unknown,-1,-1,-1,-1,-1,62,801000000,0,0,0,1215,51086,9.5,9.5e-09,399.0,3.99e-07,62.801,17,2,0,0.3478380345810883,0,0,BENIGN
1776878136.803239,2,d2:9b:db:15:5b:e9,5a:46:d9:62:e7:8c,unknown,unknown,-1,-1,-1,-1,-1,59,618000000,0,0,0,927,38990,11.0,1.1e-08,462.0,4.62e-07,59.618,17,2,0,0.3478380345810883,0,0,BENIGN
1776878137.2313972,2,06:2d:ba:7d:d2:de,5a:46:d9:62:e7:8c,unknown,unknown,-1,-1,-1,-1,-1,56,391000000,0,0,0,817,34370,10.0,1e-08,420.0,4.2e-07,56.391,17,2,0,0.34783801373919426,0,0,BENIGN
1776878137.4219565,2,d2:9b:db:15:5b:e9,c2:83:c9:db:0c:46,unknown,unknown,-1,-1,-1,-1,-1,43,299000000,0,0,0,528,22232,11.0,1.1e-08,462.0,4.62e-07,43.299,17,2,0,0.34783801373919426,0,0,BENIGN
1776878137.4948869,2,06:2d:ba:7d:d2:de,c2:83:c9:db:0c:46,unknown,unknown,-1,-1,-1,-1,-1,39,908000000,0,0,0,471,19838,10.5,1.05e-08,441.0,4.41e-07,39.908,17,2,0,0.3489303289473488,0,0,BENIGN
1776878137.5224133,1,c2:83:c9:db:0c:46,5a:46:d9:62:e7:8c,unknown,unknown,-1,-1,-1,-1,-1,62,808000000,0,0,0,1215,51086,9.5,9.5e-09,399.0,3.99e-07,62.808,17,2,0,0.3438267631000676,0,0,BENIGN
1776878137.708031,1,d2:9b:db:15:5b:e9,5a:46:d9:62:e7:8c,unknown,unknown,-1,-1,-1,-1,-1,59,542000000,0,0,0,926,38948,11.0,1.1e-08,462.0,4.62e-07,59.542,17,2,0,0.3438267422581736,0,0,BENIGN
1776878137.763028,1,06:2d:ba:7d:d2:de,5a:46:d9:62:e7:8c,unknown,unknown,-1,-1,-1,-1,-1,56,312000000,0,0,0,815,34286,10.0,1e-08,420.0,4.2e-07,56.312,17,2,0,0.3438267422581736,0,0,BENIGN
1776878137.790605,1,06:2d:ba:7d:d2:de,c2:83:c9:db:0c:46,unknown,unknown,-1,-1,-1,-1,-1,39,708000000,0,0,0,471,19838,10.5,1.05e-08,441.0,4.41e-07,39.708,17,2,0,0.3438267631000676,0,0,BENIGN
1776878137.818051,1,06:2d:ba:7d:d2:de,d2:9b:db:15:5b:e9,unknown,unknown,-1,-1,-1,-1,-1,16,559000000,0,0,0,165,6930,9.499999999999991,9.49999999999999e-09,398.99999999999966,3.9899999999999964e-07,16.559,17,2,0,0.3785390928380531,0,0,BENIGN
1776878137.846596,3,c2:83:c9:db:0c:46,5a:46:d9:62:e7:8c,unknown,unknown,-1,-1,-1,-1,-1,62,805000000,0,0,0,1215,51086,9.504752376188083,9.504752376188083e-09,399.1995997998995,3.991995997998995e-07,62.805,17,2,0,0.3587852535915399,0,0,BENIGN
1776878138.103484,3,d2:9b:db:15:5b:e9,5a:46:d9:62:e7:8c,unknown,unknown,-1,-1,-1,-1,-1,59,571000000,0,0,0,926,38948,11.005502751375714,1.1005502751375713e-08,462.23111555778,4.6223111555778004e-07,59.571,17,2,0,0.3587852535915399,0,0,BENIGN
1776878138.2229707,3,06:2d:ba:7d:d2:de,5a:46:d9:62:e7:8c,unknown,unknown,-1,-1,-1,-1,-1,56,444000000,0,0,0,814,34244,373.5658558972002,3.735658558972002e-07,15715.465810004574,1.5715465810004573e-05,56.444,17,2,0,0.3426320496007954,0,0,BENIGN
1776878138.2515652,3,d2:9b:db:15:5b:e9,c2:83:c9:db:0c:46,unknown,unknown,-1,-1,-1,-1,-1,43,100000000,0,0,0,528,22232,11.005502751375674,1.1005502751375675e-08,462.23111555777837,4.6223111555777834e-07,43.1,17,2,0,0.34962133281839025,0,0,BENIGN
1776878138.2821465,3,06:2d:ba:7d:d2:de,c2:83:c9:db:0c:46,unknown,unknown,-1,-1,-1,-1,-1,39,978000000,0,0,0,470,19796,9.500206526228833,9.500206526228834e-09,399.008674101611,3.99008674101611e-07,39.978,17,2,0,0.35987754795780047,0,0,BENIGN
1776878138.3109975,3,06:2d:ba:7d:d2:de,d2:9b:db:15:5b:e9,unknown,unknown,-1,-1,-1,-1,-1,16,792000000,0,0,0,165,6930,9.504752376188083,9.504752376188083e-09,399.1995997998995,3.991995997998995e-07,16.792,17,2,0,0.3923224680540187,0,0,BENIGN
1776878138.3402667,2,c2:83:c9:db:0c:46,5a:46:d9:62:e7:8c,unknown,unknown,-1,-1,-1,-1,-1,64,813000000,0,0,0,1237,52010,10.934393638170972,1.0934393638170973e-08,459.2445328031808,4.592445328031808e-07,64.813,17,2,0,0.3478380345810883,0,0,BENIGN
1776878138.7323134,2,d2:9b:db:15:5b:e9,5a:46:d9:62:e7:8c,unknown,unknown,-1,-1,-1,-1,-1,61,630000000,0,0,0,947,39830,9.940357852882702,9.940357852882702e-09,417.49502982107344,4.1749502982107345e-07,61.63,17,2,0,0.3478380345810883,0,0,BENIGN
1776878139.1719823,2,06:2d:ba:7d:d2:de,5a:46:d9:62:e7:8c,unknown,unknown,-1,-1,-1,-1,-1,58,403000000,0,0,0,838,35252,10.437375745526836,1.0437375745526836e-08,438.36978131212715,4.3836978131212717e-07,58.403,17,2,0,0.34783801373919426,0,0,BENIGN
1776878139.3913143,2,d2:9b:db:15:5b:e9,c2:83:c9:db:0c:46,unknown,unknown,-1,-1,-1,-1,-1,45,311000000,0,0,0,546,22988,8.946322067594432,8.946322067594431e-09,375.7455268389661,3.757455268389661e-07,45.311,17,2,0,0.34783801373919426,0,0,BENIGN
1776878139.485319,2,06:2d:ba:7d:d2:de,c2:83:c9:db:0c:46,unknown,unknown,-1,-1,-1,-1,-1,41,920000000,0,0,0,492,20720,10.437375745526836,1.0437375745526836e-08,438.36978131212715,4.3836978131212717e-07,41.92,17,2,0,0.3489303289473488,0,0,BENIGN
1776878139.5133798,1,c2:83:c9:db:0c:46,5a:46:d9:62:e7:8c,unknown,unknown,-1,-1,-1,-1,-1,64,821000000,0,0,0,1237,52010,10.92896174863389,1.092896174863389e-08,459.0163934426234,4.590163934426234e-07,64.821,17,2,0,0.3438267631000676,0,0,BENIGN
1776878139.721595,1,d2:9b:db:15:5b:e9,5a:46:d9:62:e7:8c,unknown,unknown,-1,-1,-1,-1,-1,61,555000000,0,0,0,946,39788,9.935419771485355,9.935419771485355e-09,417.2876304023849,4.172876304023849e-07,61.555,17,2,0,0.3438267631000676,0,0,BENIGN
1776878139.7855172,1,06:2d:ba:7d:d2:de,5a:46:d9:62:e7:8c,unknown,unknown,-1,-1,-1,-1,-1,58,325000000,0,0,0,836,35168,10.432190760059585,1.0432190760059586e-08,438.1520119225026,4.381520119225026e-07,58.325,17,2,0,0.3438267422581736,0,0,BENIGN
1776878139.8140948,1,06:2d:ba:7d:d2:de,c2:83:c9:db:0c:46,unknown,unknown,-1,-1,-1,-1,-1,41,721000000,0,0,0,492,20720,10.432190760059623,1.0432190760059622e-08,438.15201192250413,4.3815201192250414e-07,41.721,17,2,0,0.3438267631000676,0,0,BENIGN
1776878139.8416576,1,06:2d:ba:7d:d2:de,d2:9b:db:15:5b:e9,unknown,unknown,-1,-1,-1,-1,-1,18,572000000,0,0,0,187,7854,10.92896174863389,1.092896174863389e-08,459.0163934426234,4.590163934426234e-07,18.572,17,2,0,0.3438267631000676,0,0,BENIGN
1776878139.870513,3,c2:83:c9:db:0c:46,5a:46:d9:62:e7:8c,unknown,unknown,-1,-1,-1,-1,-1,64,817000000,0,0,0,1237,52010,10.934393638171011,1.093439363817101e-08,459.24453280318244,4.592445328031824e-07,64.817,17,2,0,0.3587852535915399,0,0,BENIGN
1776878140.123538,3,d2:9b:db:15:5b:e9,5a:46:d9:62:e7:8c,unknown,unknown,-1,-1,-1,-1,-1,61,583000000,0,0,0,946,39788,9.940357852882702,9.940357852882702e-09,417.49502982107344,4.1749502982107345e-07,61.583,17,2,0,0.3587852535915399,0,0,BENIGN
1776878140.2492943,3,06:2d:ba:7d:d2:de,5a:46:d9:62:e7:8c,unknown,unknown,-1,-1,-1,-1,-1,58,456000000,0,0,0,835,35126,380.9306569343065,3.809306569343065e-07,16024.63503649635,1.602463503649635e-05,58.456,17,2,0,0.3426320496007954,0,0,BENIGN
1776878140.2774453,3,d2:9b:db:15:5b:e9,c2:83:c9:db:0c:46,unknown,unknown,-1,-1,-1,-1,-1,45,112000000,0,0,0,546,22988,8.946322067594432,8.946322067594431e-09,375.7455268389661,3.757455268389661e-07,45.112,17,2,0,0.34962133281839025,0,0,BENIGN
1776878140.3067484,3,06:2d:ba:7d:d2:de,c2:83:c9:db:0c:46,unknown,unknown,-1,-1,-1,-1,-1,41,990000000,0,0,0,491,20678,9.449465899753474,9.449465899753474e-09,396.8775677896459,3.9687756778964594e-07,41.99,17,2,0,0.35987754795780047,0,0,BENIGN
1776878140.3372118,3,06:2d:ba:7d:d2:de,d2:9b:db:15:5b:e9,unknown,unknown,-1,-1,-1,-1,-1,18,804000000,0,0,0,187,7854,10.934393638170992,1.0934393638170992e-08,459.24453280318164,4.5924453280318163e-07,18.804,17,2,0,0.3587852535915399,0,0,BENIGN
1776878140.3664386,2,c2:83:c9:db:0c:46,5a:46:d9:62:e7:8c,unknown,unknown,-1,-1,-1,-1,-1,66,825000000,0,0,0,1256,52808,9.443339960238566,9.443339960238566e-09,396.6202783300198,3.966202783300198e-07,66.825,17,2,0,0.3478380345810883,0,0,BENIGN
1776878140.7285295,2,d2:9b:db:15:5b:e9,5a:46:d9:62:e7:8c,unknown,unknown,-1,-1,-1,-1,-1,63,642000000,0,0,0,965,40586,8.946322067594432,8.946322067594431e-09,375.7455268389661,3.757455268389661e-07,63.642,17,2,0,0.3478380345810883,0,0,BENIGN
1776878141.137565,2,06:2d:ba:7d:d2:de,5a:46:d9:62:e7:8c,unknown,unknown,-1,-1,-1,-1,-1,60,415000000,0,0,0,857,36050,9.443339960238566,9.443339960238566e-09,396.6202783300198,3.966202783300198e-07,60.415,17,2,0,0.34783801373919426,0,0,BENIGN
1776878141.3961766,2,d2:9b:db:15:5b:e9,c2:83:c9:db:0c:46,unknown,unknown,-1,-1,-1,-1,-1,47,323000000,0,0,0,566,23828,9.940357852882702,9.940357852882702e-09,417.49502982107344,4.1749502982107345e-07,47.323,17,2,0,0.34783801373919426,0,0,BENIGN
1776878141.5036118,2,06:2d:ba:7d:d2:de,c2:83:c9:db:0c:46,unknown,unknown,-1,-1,-1,-1,-1,43,932000000,0,0,0,512,21560,9.940357852882702,9.940357852882702e-09,417.49502982107344,4.1749502982107345e-07,43.932,17,2,0,0.3489303289473488,0,0,BENIGN
1776878141.5330606,1,c2:83:c9:db:0c:46,5a:46:d9:62:e7:8c,unknown,unknown,-1,-1,-1,-1,-1,66,833000000,0,0,0,1256,52808,9.443339960238566,9.443339960238566e-09,396.6202783300198,3.966202783300198e-07,66.833,17,2,0,0.3438267631000676,0,0,BENIGN
1776878141.7250745,1,d2:9b:db:15:5b:e9,5a:46:d9:62:e7:8c,unknown,unknown,-1,-1,-1,-1,-1,63,567000000,0,0,0,964,40544,8.946322067594432,8.946322067594431e-09,375.7455268389661,3.757455268389661e-07,63.567,17,2,0,0.3438267631000676,0,0,BENIGN
1776878141.798082,1,06:2d:ba:7d:d2:de,5a:46:d9:62:e7:8c,unknown,unknown,-1,-1,-1,-1,-1,60,337000000,0,0,0,855,35966,9.443339960238566,9.443339960238566e-09,396.6202783300198,3.966202783300198e-07,60.337,17,2,0,0.3438267422581736,0,0,BENIGN
1776878141.8265107,1,06:2d:ba:7d:d2:de,c2:83:c9:db:0c:46,unknown,unknown,-1,-1,-1,-1,-1,43,733000000,0,0,0,512,21560,9.940357852882702,9.940357852882702e-09,417.49502982107344,4.1749502982107345e-07,43.733,17,2,0,0.3438267631000676,0,0,BENIGN
1776878141.85507,1,06:2d:ba:7d:d2:de,d2:9b:db:15:5b:e9,unknown,unknown,-1,-1,-1,-1,-1,20,584000000,0,0,0,206,8652,9.443339960238566,9.443339960238566e-09,396.6202783300198,3.966202783300198e-07,20.584,17,2,0,0.3438267631000676,0,0,BENIGN
1776878141.8830495,3,c2:83:c9:db:0c:46,5a:46:d9:62:e7:8c,unknown,unknown,-1,-1,-1,-1,-1,66,829000000,0,0,0,1256,52808,9.443339960238566,9.443339960238566e-09,396.6202783300198,3.966202783300198e-07,66.829,17,2,0,0.3587852535915399,0,0,BENIGN
1776878142.1408794,3,d2:9b:db:15:5b:e9,5a:46:d9:62:e7:8c,unknown,unknown,-1,-1,-1,-1,-1,63,595000000,0,0,0,964,40544,8.946322067594432,8.946322067594431e-09,375.7455268389661,3.757455268389661e-07,63.595,17,2,0,0.3587852535915399,0,0,BENIGN
1776878142.246947,3,06:2d:ba:7d:d2:de,5a:46:d9:62:e7:8c,unknown,unknown,-1,-1,-1,-1,-1,60,468000000,0,0,0,854,35924,389.5985401459854,3.895985401459854e-07,16388.68613138686,1.638868613138686e-05,60.468,17,2,0,0.3426320496007954,0,0,BENIGN
1776878142.2754502,3,d2:9b:db:15:5b:e9,c2:83:c9:db:0c:46,unknown,unknown,-1,-1,-1,-1,-1,47,124000000,0,0,0,566,23828,9.940357852882702,9.940357852882702e-09,417.49502982107344,4.1749502982107345e-07,47.124,17,2,0,0.34962133281839025,0,0,BENIGN
1776878142.3058667,3,06:2d:ba:7d:d2:de,c2:83:c9:db:0c:46,unknown,unknown,-1,-1,-1,-1,-1,44,2000000,0,0,0,511,21518,9.038619556285932,9.038619556285932e-09,379.62202136400913,3.796220213640091e-07,44.002,17,2,0,0.34962133281839025,0,0,BENIGN
1776878142.337252,3,06:2d:ba:7d:d2:de,d2:9b:db:15:5b:e9,unknown,unknown,-1,-1,-1,-1,-1,20,816000000,0,0,0,206,8652,9.443339960238566,9.443339960238566e-09,396.6202783300198,3.966202783300198e-07,20.816,17,2,0,0.3587852535915399,0,0,BENIGN
1776878142.3651817,2,c2:83:c9:db:0c:46,5a:46:d9:62:e7:8c,unknown,unknown,-1,-1,-1,-1,-1,68,833000000,0,0,0,1274,53564,8.964143426294841,8.964143426294842e-09,376.4940239043833,3.764940239043833e-07,68.833,17,2,0,0.3478380345810883,0,0,BENIGN
1776878142.7344847,2,d2:9b:db:15:5b:e9,5a:46:d9:62:e7:8c,unknown,unknown,-1,-1,-1,-1,-1,65,650000000,0,0,0,987,41510,10.956175298804766,1.0956175298804766e-08,460.15936254980016,4.6015936254980017e-07,65.65,17,2,0,0.3478380345810883,0,0,BENIGN
1776878143.1926975,2,06:2d:ba:7d:d2:de,5a:46:d9:62:e7:8c,unknown,unknown,-1,-1,-1,-1,-1,62,423000000,0,0,0,875,36806,8.96414342629481,8.964143426294809e-09,376.49402390438195,3.7649402390438194e-07,62.423,17,2,0,0.34783801373919426,0,0,BENIGN
1776878143.402933,2,d2:9b:db:15:5b:e9,c2:83:c9:db:0c:46,unknown,unknown,-1,-1,-1,-1,-1,49,331000000,0,0,0,586,24668,9.960159362549788,9.960159362549789e-09,418.3266932270911,4.183266932270911e-07,49.331,17,2,0,0.34783801373919426,0,0,BENIGN
1776878143.497829,2,06:2d:ba:7d:d2:de,c2:83:c9:db:0c:46,unknown,unknown,-1,-1,-1,-1,-1,45,940000000,0,0,0,532,22400,9.960159362549822,9.960159362549822e-09,418.32669322709256,4.183266932270926e-07,45.94,17,2,0,0.3489303289473488,0,0,BENIGN
1776878143.5258594,1,c2:83:c9:db:0c:46,5a:46:d9:62:e7:8c,unknown,unknown,-1,-1,-1,-1,-1,68,840000000,0,0,0,1274,53564,8.96860986547083,8.96860986547083e-09,376.68161434977486,3.766816143497749e-07,68.84,17,2,0,0.3438267631000676,0,0,BENIGN
1776878143.6708643,1,d2:9b:db:15:5b:e9,5a:46:d9:62:e7:8c,unknown,unknown,-1,-1,-1,-1,-1,65,574000000,0,0,0,985,41426,10.463378176382673,1.0463378176382672e-08,439.4618834080722,4.394618834080722e-07,65.574,17,2,0,0.3438267631000676,0,0,BENIGN
1776878143.7306376,1,06:2d:ba:7d:d2:de,5a:46:d9:62:e7:8c,unknown,unknown,-1,-1,-1,-1,-1,62,344000000,0,0,0,873,36722,8.968609865470862,8.968609865470861e-09,376.68161434977617,3.7668161434977615e-07,62.344,17,2,0,0.3438267422581736,0,0,BENIGN
1776878143.7583847,1,06:2d:ba:7d:d2:de,c2:83:c9:db:0c:46,unknown,unknown,-1,-1,-1,-1,-1,45,740000000,0,0,0,532,22400,9.965122072745366,9.965122072745366e-09,418.5351270553054,4.185351270553054e-07,45.74,17,2,0,0.3438267631000676,0,0,BENIGN
1776878143.791558,1,06:2d:ba:7d:d2:de,d2:9b:db:15:5b:e9,unknown,unknown,-1,-1,-1,-1,-1,22,591000000,0,0,0,225,9506,9.466865969108115,9.466865969108114e-09,425.5107125062279,4.255107125062279e-07,22.591,17,2,0,0.3438267631000676,0,0,BENIGN
1776878143.8196785,3,c2:83:c9:db:0c:46,5a:46:d9:62:e7:8c,unknown,unknown,-1,-1,-1,-1,-1,68,837000000,0,0,0,1274,53564,8.964143426294777,8.964143426294777e-09,376.49402390438064,3.7649402390438066e-07,68.837,17,2,0,0.3587852535915399,0,0,BENIGN
1776878144.04798,3,d2:9b:db:15:5b:e9,5a:46:d9:62:e7:8c,unknown,unknown,-1,-1,-1,-1,-1,65,603000000,0,0,0,985,41426,10.458167330677314,1.0458167330677314e-08,439.24302788844716,4.3924302788844717e-07,65.603,17,2,0,0.3587852535915399,0,0,BENIGN
1776878144.1433403,3,06:2d:ba:7d:d2:de,5a:46:d9:62:e7:8c,unknown,unknown,-1,-1,-1,-1,-1,62,476000000,0,0,0,872,36680,398.53747714808003,3.9853747714808e-07,16764.16819012795,1.6764168190127953e-05,62.476,17,2,0,0.3426320496007954,0,0,BENIGN
1776878144.1745398,3,d2:9b:db:15:5b:e9,c2:83:c9:db:0c:46,unknown,unknown,-1,-1,-1,-1,-1,49,132000000,0,0,0,586,24668,9.960159362549822,9.960159362549822e-09,418.32669322709256,4.183266932270926e-07,49.132,17,2,0,0.34962133281839025,0,0,BENIGN
1776878144.2019067,3,06:2d:ba:7d:d2:de,c2:83:c9:db:0c:46,unknown,unknown,-1,-1,-1,-1,-1,46,10000000,0,0,0,531,22358,9.053497942386832,9.053497942386832e-09,380.24691358024694,3.8024691358024696e-07,46.01,17,2,0,0.34962133281839025,0,0,BENIGN
1776878144.233283,3,06:2d:ba:7d:d2:de,d2:9b:db:15:5b:e9,unknown,unknown,-1,-1,-1,-1,-1,22,824000000,0,0,0,225,9506,9.462151394422298,9.462151394422297e-09,425.2988047808759,4.252988047808759e-07,22.824,17,2,0,0.3587852535915399,0,0,BENIGN
1776878144.2640872,2,c2:83:c9:db:0c:46,5a:46:d9:62:e7:8c,unknown,unknown,-1,-1,-1,-1,-1,70,839000000,0,0,0,1292,54320,8.973080757726818,8.973080757726817e-09,376.86939182452636,3.7686939182452636e-07,70.839,17,2,0,0.3478380345810883,0,0,BENIGN
1776878144.7004163,2,d2:9b:db:15:5b:e9,5a:46:d9:62:e7:8c,unknown,unknown,-1,-1,-1,-1,-1,67,656000000,0,0,0,1001,42098,6.979062811565304,6.979062811565304e-09,293.1206380857427,2.931206380857427e-07,67.656,17,2,0,0.3478385486648088,0,0,BENIGN
1776878144.7310786,2,06:2d:ba:7d:d2:de,5a:46:d9:62:e7:8c,unknown,unknown,-1,-1,-1,-1,-1,64,429000000,0,0,0,892,37520,8.47457627118644,8.47457627118644e-09,355.9322033898305,3.559322033898305e-07,64.429,17,2,0,0.34783801373919426,0,0,BENIGN
1776878144.759494,2,d2:9b:db:15:5b:e9,c2:83:c9:db:0c:46,unknown,unknown,-1,-1,-1,-1,-1,51,337000000,0,0,0,601,25298,7.477567298105682,7.477567298105682e-09,314.05782652043865,3.1405782652043864e-07,51.337,17,2,0,0.34783801373919426,0,0,BENIGN
1776878144.7865717,2,06:2d:ba:7d:d2:de,c2:83:c9:db:0c:46,unknown,unknown,-1,-1,-1,-1,-1,47,946000000,0,0,0,547,23030,7.477567298105682,7.477567298105682e-09,314.05782652043865,3.1405782652043864e-07,47.946,17,2,0,0.3489303289473488,0,0,BENIGN
1776878144.8195372,1,c2:83:c9:db:0c:46,5a:46:d9:62:e7:8c,unknown,unknown,-1,-1,-1,-1,-1,70,847000000,0,0,0,1292,54320,8.968609865470894,8.968609865470894e-09,376.68161434977753,3.7668161434977753e-07,70.847,17,2,0,0.3438267631000676,0,0,BENIGN
1776878144.8483543,1,d2:9b:db:15:5b:e9,5a:46:d9:62:e7:8c,unknown,unknown,-1,-1,-1,-1,-1,67,581000000,0,0,0,1000,42056,7.473841554559025,7.473841554559025e-09,313.90134529147906,3.1390134529147905e-07,67.581,17,2,0,0.3438267631000676,0,0,BENIGN
1776878144.8762147,1,06:2d:ba:7d:d2:de,5a:46:d9:62:e7:8c,unknown,unknown,-1,-1,-1,-1,-1,64,351000000,0,0,0,890,37436,8.470353761833591,8.470353761833591e-09,355.75485799701084,3.5575485799701086e-07,64.351,17,2,0,0.3438267422581736,0,0,BENIGN
1776878144.9069247,1,06:2d:ba:7d:d2:de,c2:83:c9:db:0c:46,unknown,unknown,-1,-1,-1,-1,-1,47,747000000,0,0,0,547,23030,7.473841554559051,7.473841554559052e-09,313.90134529148014,3.1390134529148016e-07,47.747,17,2,0,0.3438267631000676,0,0,BENIGN
1776878144.9352653,1,06:2d:ba:7d:d2:de,d2:9b:db:15:5b:e9,unknown,unknown,-1,-1,-1,-1,-1,24,598000000,0,0,0,243,10262,8.968609865470862,8.968609865470861e-09,376.68161434977617,3.7668161434977615e-07,24.598,17,2,0,0.3438267631000676,0,0,BENIGN
1776878144.9696574,3,c2:83:c9:db:0c:46,5a:46:d9:62:e7:8c,unknown,unknown,-1,-1,-1,-1,-1,70,843000000,0,0,0,1292,54320,8.973080757726818,8.973080757726817e-09,376.86939182452636,3.7686939182452636e-07,70.843,17,2,0,0.3587852535915399,0,0,BENIGN
1776878144.9999259,3,d2:9b:db:15:5b:e9,5a:46:d9:62:e7:8c,unknown,unknown,-1,-1,-1,-1,-1,67,609000000,0,0,0,1000,42056,7.477567298105682,7.477567298105682e-09,314.05782652043865,3.1405782652043864e-07,67.609,17,2,0,0.3587852535915399,0,0,BENIGN
1776878145.0302498,3,06:2d:ba:7d:d2:de,5a:46:d9:62:e7:8c,unknown,unknown,-1,-1,-1,-1,-1,64,482000000,0,0,0,889,37394,406.6788655077768,4.0667886550777677e-07,17106.12991765782,1.710612991765782e-05,64.482,17,2,0,0.3426320496007954,0,0,BENIGN
1776878145.0634077,3,d2:9b:db:15:5b:e9,c2:83:c9:db:0c:46,unknown,unknown,-1,-1,-1,-1,-1,51,138000000,0,0,0,601,25298,7.477567298105682,7.477567298105682e-09,314.05782652043865,3.1405782652043864e-07,51.138,17,2,0,0.34962133281839025,0,0,BENIGN
1776878145.093692,3,06:2d:ba:7d:d2:de,c2:83:c9:db:0c:46,unknown,unknown,-1,-1,-1,-1,-1,48,16000000,0,0,0,546,22988,7.001647446457998,7.001647446457998e-09,294.0691927512359,2.940691927512359e-07,48.016,17,2,0,0.34962133281839025,0,0,BENIGN
1776878145.1213613,3,06:2d:ba:7d:d2:de,d2:9b:db:15:5b:e9,unknown,unknown,-1,-1,-1,-1,-1,24,830000000,0,0,0,243,10262,8.973080757726834,8.973080757726834e-09,376.86939182452704,3.7686939182452704e-07,24.83,17,2,0,0.3587852535915399,0,0,BENIGN
1776878145.150285,2,c2:83:c9:db:0c:46,5a:46:d9:62:e7:8c,unknown,unknown,-1,-1,-1,-1,-1,72,845000000,0,0,0,1315,55286,11.465603190428713,1.1465603190428712e-08,481.55533399800595,4.815553339980059e-07,72.845,17,2,0,0.3478380345810883,0,0,BENIGN
1776878145.1791291,2,d2:9b:db:15:5b:e9,5a:46:d9:62:e7:8c,unknown,unknown,-1,-1,-1,-1,-1,69,662000000,0,0,0,1025,43106,11.96410767696909,1.1964107676969091e-08,502.49252243270183,5.024925224327018e-07,69.662,17,2,0,0.3478380345810883,0,0,BENIGN
1776878145.2102854,2,06:2d:ba:7d:d2:de,5a:46:d9:62:e7:8c,unknown,unknown,-1,-1,-1,-1,-1,66,435000000,0,0,0,916,38528,11.96410767696909,1.1964107676969091e-08,502.49252243270183,5.024925224327018e-07,66.435,17,2,0,0.34783801373919426,0,0,BENIGN
1776878145.2391942,2,d2:9b:db:15:5b:e9,c2:83:c9:db:0c:46,unknown,unknown,-1,-1,-1,-1,-1,53,343000000,0,0,0,624,26264,11.465603190428713,1.1465603190428712e-08,481.55533399800595,4.815553339980059e-07,53.343,17,2,0,0.34783801373919426,0,0,BENIGN
1776878145.284532,2,06:2d:ba:7d:d2:de,c2:83:c9:db:0c:46,unknown,unknown,-1,-1,-1,-1,-1,49,952000000,0,0,0,571,24038,11.96410767696909,1.1964107676969091e-08,502.49252243270183,5.024925224327018e-07,49.952,17,2,0,0.3489303289473488,0,0,BENIGN
1776878145.3129525,1,c2:83:c9:db:0c:46,5a:46:d9:62:e7:8c,unknown,unknown,-1,-1,-1,-1,-1,72,852000000,0,0,0,1315,55286,11.471321695760544,1.1471321695760544e-08,481.79551122194283,4.817955112219429e-07,72.852,17,2,0,0.3438267631000676,0,0,BENIGN
1776878145.3419707,1,d2:9b:db:15:5b:e9,5a:46:d9:62:e7:8c,unknown,unknown,-1,-1,-1,-1,-1,69,586000000,0,0,0,1024,43064,11.970074812967608,1.1970074812967608e-08,502.74314214463953,5.027431421446395e-07,69.586,17,2,0,0.3438267631000676,0,0,BENIGN
1776878145.3724756,1,06:2d:ba:7d:d2:de,5a:46:d9:62:e7:8c,unknown,unknown,-1,-1,-1,-1,-1,66,356000000,0,0,0,914,38444,11.970074812967608,1.1970074812967608e-08,502.74314214463953,5.027431421446395e-07,66.356,17,2,0,0.3438267422581736,0,0,BENIGN
1776878145.4000475,1,06:2d:ba:7d:d2:de,c2:83:c9:db:0c:46,unknown,unknown,-1,-1,-1,-1,-1,49,752000000,0,0,0,571,24038,11.970074812967566,1.1970074812967566e-08,502.7431421446378,5.027431421446377e-07,49.752,17,2,0,0.3438267631000676,0,0,BENIGN
1776878145.427365,1,06:2d:ba:7d:d2:de,d2:9b:db:15:5b:e9,unknown,unknown,-1,-1,-1,-1,-1,26,603000000,0,0,0,266,11228,11.471321695760583,1.1471321695760582e-08,481.79551122194454,4.817955112219446e-07,26.603,17,2,0,0.3438267631000676,0,0,BENIGN
1776878145.4555902,3,c2:83:c9:db:0c:46,5a:46:d9:62:e7:8c,unknown,unknown,-1,-1,-1,-1,-1,72,850000000,0,0,0,1315,55286,11.459890383657253,1.1459890383657253e-08,481.3153961136046,4.813153961136046e-07,72.85,17,2,0,0.3587852535915399,0,0,BENIGN
1776878145.4850938,3,d2:9b:db:15:5b:e9,5a:46:d9:62:e7:8c,unknown,unknown,-1,-1,-1,-1,-1,69,616000000,0,0,0,1024,43064,11.958146487294439,1.1958146487294439e-08,502.24215246636646,5.022421524663664e-07,69.616,17,2,0,0.3587852535915399,0,0,BENIGN
1776878145.513002,3,06:2d:ba:7d:d2:de,5a:46:d9:62:e7:8c,unknown,unknown,-1,-1,-1,-1,-1,66,489000000,0,0,0,913,38402,417.46684956561546,4.1746684956561546e-07,17559.213534522194,1.7559213534522193e-05,66.489,17,2,0,0.3426320496007954,0,0,BENIGN
1776878145.5396872,3,d2:9b:db:15:5b:e9,c2:83:c9:db:0c:46,unknown,unknown,-1,-1,-1,-1,-1,53,145000000,0,0,0,624,26264,11.459890383657171,1.1459890383657172e-08,481.3153961136012,4.813153961136012e-07,53.145,17,2,0,0.34962133281839025,0,0,BENIGN
1776878145.5685182,3,06:2d:ba:7d:d2:de,c2:83:c9:db:0c:46,unknown,unknown,-1,-1,-1,-1,-1,50,23000000,0,0,0,570,23996,10.703993412927122,1.0703993412927123e-08,449.5677233429391,4.495677233429391e-07,50.023,17,2,0,0.34962133281839025,0,0,BENIGN
1776878145.598463,3,06:2d:ba:7d:d2:de,d2:9b:db:15:5b:e9,unknown,unknown,-1,-1,-1,-1,-1,26,837000000,0,0,0,266,11228,11.459890383657191,1.145989038365719e-08,481.31539611360205,4.81315396113602e-07,26.837,17,2,0,0.3587852535915399,0,0,BENIGN
1776878145.630723,2,c2:83:c9:db:0c:46,5a:46:d9:62:e7:8c,unknown,unknown,-1,-1,-1,-1,-1,74,856000000,0,0,0,1335,56126,9.945300845350593,9.945300845350593e-09,417.7026355047249,4.1770263550472493e-07,74.856,17,2,0,0.3478380345810883,0,0,BENIGN
1776878145.6594114,2,d2:9b:db:15:5b:e9,5a:46:d9:62:e7:8c,unknown,unknown,-1,-1,-1,-1,-1,71,673000000,0,0,0,1047,44030,10.939830929885652,1.0939830929885651e-08,459.4728990551974,4.594728990551974e-07,71.673,17,2,0,0.3478380345810883,0,0,BENIGN
1776878145.6943762,2,06:2d:ba:7d:d2:de,5a:46:d9:62:e7:8c,unknown,unknown,-1,-1,-1,-1,-1,68,446000000,0,0,0,937,39410,10.442565887618123,1.0442565887618124e-08,438.58776727996116,4.385877672799612e-07,68.446,17,2,0,0.34783801373919426,0,0,BENIGN
1776878145.7231095,2,d2:9b:db:15:5b:e9,c2:83:c9:db:0c:46,unknown,unknown,-1,-1,-1,-1,-1,55,354000000,0,0,0,648,27272,11.934361014420713,1.1934361014420713e-08,501.2431626056699,5.012431626056699e-07,55.354,17,2,0,0.34783801373919426,0,0,BENIGN
1776878145.7636106,2,06:2d:ba:7d:d2:de,c2:83:c9:db:0c:46,unknown,unknown,-1,-1,-1,-1,-1,51,963000000,0,0,0,594,25004,11.437095972153141,1.1437095972153141e-08,480.35803083043197,4.803580308304319e-07,51.963,17,2,0,0.3489303289473488,0,0,BENIGN
1776878145.7935834,1,c2:83:c9:db:0c:46,5a:46:d9:62:e7:8c,unknown,unknown,-1,-1,-1,-1,-1,74,863000000,0,0,0,1335,56126,9.945300845350593,9.945300845350593e-09,417.7026355047249,4.1770263550472493e-07,74.863,17,2,0,0.3438267631000676,0,0,BENIGN
1776878145.8259287,1,d2:9b:db:15:5b:e9,5a:46:d9:62:e7:8c,unknown,unknown,-1,-1,-1,-1,-1,71,597000000,0,0,0,1046,43988,10.939830929885652,1.0939830929885651e-08,459.4728990551974,4.594728990551974e-07,71.597,17,2,0,0.3438267631000676,0,0,BENIGN
1776878145.8561153,1,06:2d:ba:7d:d2:de,5a:46:d9:62:e7:8c,unknown,unknown,-1,-1,-1,-1,-1,68,367000000,0,0,0,935,39326,10.442565887618048,1.0442565887618048e-08,438.5877672799581,4.385877672799581e-07,68.367,17,2,0,0.3438267422581736,0,0,BENIGN
1776878145.8848944,1,06:2d:ba:7d:d2:de,c2:83:c9:db:0c:46,unknown,unknown,-1,-1,-1,-1,-1,51,763000000,0,0,0,594,25004,11.437095972153182,1.1437095972153182e-08,480.3580308304337,4.803580308304336e-07,51.763,17,2,0,0.3438267631000676,0,0,BENIGN
1776878145.9123614,1,06:2d:ba:7d:d2:de,d2:9b:db:15:5b:e9,unknown,unknown,-1,-1,-1,-1,-1,28,614000000,0,0,0,287,12110,10.442565887618104,1.0442565887618104e-08,438.58776727996036,4.3858776727996034e-07,28.614,17,2,0,0.3438267631000676,0,0,BENIGN
1776878145.9405763,3,c2:83:c9:db:0c:46,5a:46:d9:62:e7:8c,unknown,unknown,-1,-1,-1,-1,-1,74,860000000,0,0,0,1335,56126,9.95024875621888,9.95024875621888e-09,417.910447761193,4.17910447761193e-07,74.86,17,2,0,0.3587852535915399,0,0,BENIGN
1776878145.9684033,3,d2:9b:db:15:5b:e9,5a:46:d9:62:e7:8c,unknown,unknown,-1,-1,-1,-1,-1,71,626000000,0,0,0,1046,43988,10.945273631840768,1.0945273631840768e-08,459.7014925373123,4.5970149253731226e-07,71.626,17,2,0,0.3587852535915399,0,0,BENIGN
1776878145.9959185,3,06:2d:ba:7d:d2:de,5a:46:d9:62:e7:8c,unknown,unknown,-1,-1,-1,-1,-1,68,499000000,0,0,0,934,39284,426.48401826484064,4.2648401826484064e-07,17937.899543379015,1.7937899543379015e-05,68.499,17,2,0,0.3426320496007954,0,0,BENIGN
1776878146.0239673,3,d2:9b:db:15:5b:e9,c2:83:c9:db:0c:46,unknown,unknown,-1,-1,-1,-1,-1,55,155000000,0,0,0,648,27272,11.940298507462698,1.1940298507462698e-08,501.49253731343333,5.014925373134333e-07,55.155,17,2,0,0.3587852327496459,0,0,BENIGN
1776878146.0519125,3,06:2d:ba:7d:d2:de,c2:83:c9:db:0c:46,unknown,unknown,-1,-1,-1,-1,-1,52,33000000,0,0,0,593,24962,10.279605263157885,1.0279605263157885e-08,431.7434210526312,4.3174342105263123e-07,52.033,17,2,0,0.34962133281839025,0,0,BENIGN
1776878146.0851402,3,06:2d:ba:7d:d2:de,d2:9b:db:15:5b:e9,unknown,unknown,-1,-1,-1,-1,-1,28,847000000,0,0,0,287,12110,10.447761194029843,1.0447761194029842e-08,438.80597014925337,4.388059701492534e-07,28.847,17,2,0,0.3587852535915399,0,0,BENIGN
1776878146.1114283,2,c2:83:c9:db:0c:46,5a:46:d9:62:e7:8c,unknown,unknown,-1,-1,-1,-1,-1,76,871000000,0,0,0,1357,57050,10.918114143920592,1.0918114143920593e-08,458.5607940446649,4.5856079404466486e-07,76.871,17,2,0,0.3478380345810883,0,0,BENIGN
1776878146.1392055,2,d2:9b:db:15:5b:e9,5a:46:d9:62:e7:8c,unknown,unknown,-1,-1,-1,-1,-1,73,688000000,0,0,0,1067,44870,9.925558312655085,9.925558312655085e-09,416.87344913151355,4.1687344913151353e-07,73.688,17,2,0,0.3478380345810883,0,0,BENIGN
1776878146.1659546,2,06:2d:ba:7d:d2:de,5a:46:d9:62:e7:8c,unknown,unknown,-1,-1,-1,-1,-1,70,461000000,0,0,0,958,40292,10.421836228287837,1.0421836228287838e-08,437.7171215880892,4.3771712158808917e-07,70.461,17,2,0,0.34783801373919426,0,0,BENIGN
1776878146.1945772,2,d2:9b:db:15:5b:e9,c2:83:c9:db:0c:46,unknown,unknown,-1,-1,-1,-1,-1,57,369000000,0,0,0,666,28028,8.933002481389575,8.933002481389575e-09,375.1861042183622,3.751861042183622e-07,57.369,17,2,0,0.34783801373919426,0,0,BENIGN
1776878146.2240503,2,06:2d:ba:7d:d2:de,c2:83:c9:db:0c:46,unknown,unknown,-1,-1,-1,-1,-1,53,978000000,0,0,0,613,25802,9.42928039702233,9.42928039702233e-09,396.02977667493786,3.960297766749379e-07,53.978,17,2,0,0.3489303289473488,0,0,BENIGN
1776878146.2539759,1,c2:83:c9:db:0c:46,5a:46:d9:62:e7:8c,unknown,unknown,-1,-1,-1,-1,-1,76,872000000,0,0,0,1357,57050,10.950721752115479,1.095072175211548e-08,459.9303135888501,4.599303135888501e-07,76.872,17,2,0,0.3438267631000676,0,0,BENIGN
1776878146.2847605,1,d2:9b:db:15:5b:e9,5a:46:d9:62:e7:8c,unknown,unknown,-1,-1,-1,-1,-1,73,606000000,0,0,0,1066,44828,9.955201592832253,9.955201592832254e-09,418.11846689895464,4.181184668989546e-07,73.606,17,2,0,0.3438267631000676,0,0,BENIGN
1776878146.3157573,1,06:2d:ba:7d:d2:de,5a:46:d9:62:e7:8c,unknown,unknown,-1,-1,-1,-1,-1,70,376000000,0,0,0,956,40208,10.452961672473865,1.0452961672473865e-08,439.02439024390236,4.3902439024390236e-07,70.376,17,2,0,0.3438267422581736,0,0,BENIGN
1776878146.3444583,1,06:2d:ba:7d:d2:de,c2:83:c9:db:0c:46,unknown,unknown,-1,-1,-1,-1,-1,53,772000000,0,0,0,613,25802,9.457441513190641,9.45744151319064e-09,397.2125435540069,3.9721254355400694e-07,53.772,17,2,0,0.3438267631000676,0,0,BENIGN
1776878146.3735294,1,06:2d:ba:7d:d2:de,d2:9b:db:15:5b:e9,unknown,unknown,-1,-1,-1,-1,-1,30,623000000,0,0,0,311,13118,11.946241911398705,1.1946241911398705e-08,501.7421602787456,5.017421602787456e-07,30.623,17,2,0,0.3438267631000676,0,0,BENIGN
1776878146.4038377,3,c2:83:c9:db:0c:46,5a:46:d9:62:e7:8c,unknown,unknown,-1,-1,-1,-1,-1,76,874000000,0,0,0,1357,57050,10.923535253227431,1.0923535253227431e-08,458.7884806355521,4.587884806355521e-07,76.874,17,2,0,0.3587852535915399,0,0,BENIGN
1776878146.4341679,3,d2:9b:db:15:5b:e9,5a:46:d9:62:e7:8c,unknown,unknown,-1,-1,-1,-1,-1,73,641000000,0,0,0,1066,44828,9.925558312655085,9.925558312655085e-09,416.87344913151355,4.1687344913151353e-07,73.641,17,2,0,0.3587852535915399,0,0,BENIGN
1776878146.4621909,3,06:2d:ba:7d:d2:de,5a:46:d9:62:e7:8c,unknown,unknown,-1,-1,-1,-1,-1,70,514000000,0,0,0,955,40166,435.07972665148196,4.3507972665148196e-07,18298.861047836046,1.8298861047836045e-05,70.514,17,2,0,0.3426320496007954,0,0,BENIGN
1776878146.490919,3,d2:9b:db:15:5b:e9,c2:83:c9:db:0c:46,unknown,unknown,-1,-1,-1,-1,-1,57,170000000,0,0,0,666,28028,8.933002481389575,8.933002481389575e-09,375.1861042183622,3.751861042183622e-07,57.17,17,2,0,0.3587852327496459,0,0,BENIGN
1776878146.5200784,3,06:2d:ba:7d:d2:de,c2:83:c9:db:0c:46,unknown,unknown,-1,-1,-1,-1,-1,54,48000000,0,0,0,612,25760,8.617152236356159,8.617152236356159e-09,361.9203939269587,3.619203939269587e-07,54.048,17,2,0,0.34962133281839025,0,0,BENIGN
1776878146.5496485,3,06:2d:ba:7d:d2:de,d2:9b:db:15:5b:e9,unknown,unknown,-1,-1,-1,-1,-1,30,862000000,0,0,0,311,13118,11.910669975186122,1.1910669975186122e-08,500.2481389578171,5.002481389578171e-07,30.862,17,2,0,0.3587852535915399,0,0,BENIGN
1776878146.5787902,2,c2:83:c9:db:0c:46,5a:46:d9:62:e7:8c,unknown,unknown,-1,-1,-1,-1,-1,78,870000000,0,0,0,1376,57848,9.50475237618805,9.50475237618805e-09,399.19959979989807,3.9919959979989805e-07,78.87,17,2,0,0.3478380345810883,0,0,BENIGN
1776878146.6096168,2,d2:9b:db:15:5b:e9,5a:46:d9:62:e7:8c,unknown,unknown,-1,-1,-1,-1,-1,75,687000000,0,0,0,1085,45626,9.004502251125585,9.004502251125586e-09,378.1890945472745,3.781890945472745e-07,75.687,17,2,0,0.3478380345810883,0,0,BENIGN
1776878146.6515431,2,06:2d:ba:7d:d2:de,5a:46:d9:62:e7:8c,unknown,unknown,-1,-1,-1,-1,-1,72,460000000,0,0,0,976,41048,9.004502251125585,9.004502251125586e-09,378.1890945472745,3.781890945472745e-07,72.46,17,2,0,0.34783801373919426,0,0,BENIGN
1776878146.68809,2,d2:9b:db:15:5b:e9,c2:83:c9:db:0c:46,unknown,unknown,-1,-1,-1,-1,-1,59,368000000,0,0,0,686,28868,10.005002501250614,1.0005002501250614e-08,420.21010505252576,4.2021010505252577e-07,59.368,17,2,0,0.34783801373919426,0,0,BENIGN
1776878146.7203398,2,06:2d:ba:7d:d2:de,c2:83:c9:db:0c:46,unknown,unknown,-1,-1,-1,-1,-1,55,977000000,0,0,0,631,26558,9.004502251125585,9.004502251125586e-09,378.1890945472745,3.781890945472745e-07,55.977,17,2,0,0.3489303289473488,0,0,BENIGN
1776878146.750192,1,c2:83:c9:db:0c:46,5a:46:d9:62:e7:8c,unknown,unknown,-1,-1,-1,-1,-1,78,877000000,0,0,0,1376,57848,9.47630922693269,9.47630922693269e-09,398.00498753117296,3.9800498753117296e-07,78.877,17,2,0,0.3438267631000676,0,0,BENIGN
1776878146.782486,1,d2:9b:db:15:5b:e9,5a:46:d9:62:e7:8c,unknown,unknown,-1,-1,-1,-1,-1,75,611000000,0,0,0,1084,45584,8.977556109725642,8.977556109725642e-09,377.057356608477,3.77057356608477e-07,75.611,17,2,0,0.3438267631000676,0,0,BENIGN
1776878146.809794,1,06:2d:ba:7d:d2:de,5a:46:d9:62:e7:8c,unknown,unknown,-1,-1,-1,-1,-1,72,381000000,0,0,0,974,40964,8.977556109725706,8.977556109725705e-09,377.05735660847967,3.770573566084797e-07,72.381,17,2,0,0.3438267422581736,0,0,BENIGN
1776878146.8390195,1,06:2d:ba:7d:d2:de,c2:83:c9:db:0c:46,unknown,unknown,-1,-1,-1,-1,-1,55,777000000,0,0,0,631,26558,8.977556109725674,8.977556109725674e-09,377.0573566084783,3.770573566084783e-07,55.777,17,2,0,0.3438267631000676,0,0,BENIGN
1776878146.8702767,1,06:2d:ba:7d:d2:de,d2:9b:db:15:5b:e9,unknown,unknown,-1,-1,-1,-1,-1,32,628000000,0,0,0,330,13916,9.476309226932672,9.476309226932672e-09,398.0049875311723,3.9800498753117227e-07,32.628,17,2,0,0.3438267631000676,0,0,BENIGN
1776878146.8983302,3,c2:83:c9:db:0c:46,5a:46:d9:62:e7:8c,unknown,unknown,-1,-1,-1,-1,-1,78,874000000,0,0,0,1376,57848,9.5,9.5e-09,399.0,3.99e-07,78.874,17,2,0,0.3587852535915399,0,0,BENIGN
1776878146.9274194,3,d2:9b:db:15:5b:e9,5a:46:d9:62:e7:8c,unknown,unknown,-1,-1,-1,-1,-1,75,640000000,0,0,0,1084,45584,9.004502251125585,9.004502251125586e-09,378.1890945472745,3.781890945472745e-07,75.64,17,2,0,0.3587852535915399,0,0,BENIGN
1776878146.9569683,3,06:2d:ba:7d:d2:de,5a:46:d9:62:e7:8c,unknown,unknown,-1,-1,-1,-1,-1,72,513000000,0,0,0,973,40922,446.5351078476361,4.465351078476361e-07,18780.174391922883,1.8780174391922882e-05,72.513,17,2,0,0.3426320496007954,0,0,BENIGN
1776878146.9879751,3,d2:9b:db:15:5b:e9,c2:83:c9:db:0c:46,unknown,unknown,-1,-1,-1,-1,-1,59,169000000,0,0,0,686,28868,10.00500250125065,1.0005002501250649e-08,420.21010505252724,4.2021010505252725e-07,59.169,17,2,0,0.3587852327496459,0,0,BENIGN
1776878147.016347,3,06:2d:ba:7d:d2:de,c2:83:c9:db:0c:46,unknown,unknown,-1,-1,-1,-1,-1,56,47000000,0,0,0,630,26516,8.261049153242464,8.261049153242464e-09,346.9640644361835,3.469640644361835e-07,56.047,17,2,0,0.34962133281839025,0,0,BENIGN
1776878147.0454419,3,06:2d:ba:7d:d2:de,d2:9b:db:15:5b:e9,unknown,unknown,-1,-1,-1,-1,-1,32,861000000,0,0,0,330,13916,9.5047523761881,9.5047523761881e-09,399.19959979990017,3.9919959979990017e-07,32.861,17,2,0,0.3587852535915399,0,0,BENIGN
1776878147.0774126,2,c2:83:c9:db:0c:46,5a:46:d9:62:e7:8c,unknown,unknown,-1,-1,-1,-1,-1,80,880000000,0,0,0,1394,58604,8.955223880597055,8.955223880597054e-09,376.1194029850763,3.761194029850763e-07,80.88,17,2,0,0.3478380345810883,0,0,BENIGN
1776878147.105421,2,d2:9b:db:15:5b:e9,5a:46:d9:62:e7:8c,unknown,unknown,-1,-1,-1,-1,-1,77,697000000,0,0,0,1104,46424,9.452736318407936,9.452736318407936e-09,397.01492537313334,3.970149253731333e-07,77.697,17,2,0,0.3478380345810883,0,0,BENIGN
1776878147.1380377,2,06:2d:ba:7d:d2:de,5a:46:d9:62:e7:8c,unknown,unknown,-1,-1,-1,-1,-1,74,470000000,0,0,0,995,41846,9.452736318407936,9.452736318407936e-09,397.01492537313334,3.970149253731333e-07,74.47,17,2,0,0.34783801373919426,0,0,BENIGN
1776878147.1659992,2,d2:9b:db:15:5b:e9,c2:83:c9:db:0c:46,unknown,unknown,-1,-1,-1,-1,-1,61,378000000,0,0,0,705,29666,9.45273631840797,9.45273631840797e-09,397.0149253731347,3.970149253731347e-07,61.378,17,2,0,0.34783801373919426,0,0,BENIGN
1776878147.1968412,2,06:2d:ba:7d:d2:de,c2:83:c9:db:0c:46,unknown,unknown,-1,-1,-1,-1,-1,57,987000000,0,0,0,652,27440,10.447761194029825,1.0447761194029824e-08,438.80597014925263,4.3880597014925265e-07,57.987,17,2,0,0.3489303289473488,0,0,BENIGN
1776878147.2279854,1,c2:83:c9:db:0c:46,5a:46:d9:62:e7:8c,unknown,unknown,-1,-1,-1,-1,-1,80,887000000,0,0,0,1394,58604,8.955223880596993,8.955223880596993e-09,376.1194029850737,3.761194029850737e-07,80.887,17,2,0,0.3438267631000676,0,0,BENIGN
1776878147.2551558,1,d2:9b:db:15:5b:e9,5a:46:d9:62:e7:8c,unknown,unknown,-1,-1,-1,-1,-1,77,621000000,0,0,0,1103,46382,9.452736318408004,9.452736318408004e-09,397.0149253731361,3.970149253731361e-07,77.621,17,2,0,0.3438267631000676,0,0,BENIGN
1776878147.2840972,1,06:2d:ba:7d:d2:de,5a:46:d9:62:e7:8c,unknown,unknown,-1,-1,-1,-1,-1,74,391000000,0,0,0,993,41762,9.452736318407936,9.452736318407936e-09,397.01492537313334,3.970149253731333e-07,74.391,17,2,0,0.3438267422581736,0,0,BENIGN
1776878147.3118389,1,06:2d:ba:7d:d2:de,c2:83:c9:db:0c:46,unknown,unknown,-1,-1,-1,-1,-1,57,787000000,0,0,0,652,27440,10.44776119402986,1.044776119402986e-08,438.80597014925416,4.388059701492542e-07,57.787,17,2,0,0.3438267631000676,0,0,BENIGN
1776878147.3396494,1,06:2d:ba:7d:d2:de,d2:9b:db:15:5b:e9,unknown,unknown,-1,-1,-1,-1,-1,34,638000000,0,0,0,348,14672,8.955223880597023,8.955223880597023e-09,376.119402985075,3.76119402985075e-07,34.638,17,2,0,0.3438267631000676,0,0,BENIGN
1776878147.367395,3,c2:83:c9:db:0c:46,5a:46:d9:62:e7:8c,unknown,unknown,-1,-1,-1,-1,-1,80,884000000,0,0,0,1394,58604,8.955223880596993,8.955223880596993e-09,376.1194029850737,3.761194029850737e-07,80.884,17,2,0,0.3587852535915399,0,0,BENIGN
1776878147.3959305,3,d2:9b:db:15:5b:e9,5a:46:d9:62:e7:8c,unknown,unknown,-1,-1,-1,-1,-1,77,650000000,0,0,0,1103,46382,9.452736318407936,9.452736318407936e-09,397.01492537313334,3.970149253731333e-07,77.65,17,2,0,0.3587852535915399,0,0,BENIGN
1776878147.4239643,3,06:2d:ba:7d:d2:de,5a:46:d9:62:e7:8c,unknown,unknown,-1,-1,-1,-1,-1,74,523000000,0,0,0,992,41720,452.96803652968083,4.529680365296808e-07,19050.2283105023,1.90502283105023e-05,74.523,17,2,0,0.3426320496007954,0,0,BENIGN
1776878147.4584513,3,d2:9b:db:15:5b:e9,c2:83:c9:db:0c:46,unknown,unknown,-1,-1,-1,-1,-1,61,179000000,0,0,0,705,29666,9.452736318407936,9.452736318407936e-09,397.01492537313334,3.970149253731333e-07,61.179,17,2,0,0.3587852327496459,0,0,BENIGN
1776878147.4886317,3,06:2d:ba:7d:d2:de,c2:83:c9:db:0c:46,unknown,unknown,-1,-1,-1,-1,-1,58,57000000,0,0,0,651,27398,9.457236842105255,9.457236842105254e-09,397.2039473684207,3.972039473684207e-07,58.057,17,2,0,0.34962133281839025,0,0,BENIGN
1776878147.5170379,3,06:2d:ba:7d:d2:de,d2:9b:db:15:5b:e9,unknown,unknown,-1,-1,-1,-1,-1,34,871000000,0,0,0,348,14672,8.955223880596993,8.955223880596993e-09,376.1194029850737,3.761194029850737e-07,34.871,17,2,0,0.3587852535915399,0,0,BENIGN
1776878147.5456223,2,c2:83:c9:db:0c:46,5a:46:d9:62:e7:8c,unknown,unknown,-1,-1,-1,-1,-1,82,894000000,0,0,0,1417,59570,11.420059582919507,1.1420059582919506e-08,479.64250248261925,4.796425024826192e-07,82.894,17,2,0,0.3478380345810883,0,0,BENIGN
1776878147.5747306,2,d2:9b:db:15:5b:e9,5a:46:d9:62:e7:8c,unknown,unknown,-1,-1,-1,-1,-1,79,711000000,0,0,0,1127,47390,11.420059582919587,1.1420059582919587e-08,479.64250248262266,4.796425024826227e-07,79.711,17,2,0,0.3478380345810883,0,0,BENIGN
1776878147.6032414,2,06:2d:ba:7d:d2:de,5a:46:d9:62:e7:8c,unknown,unknown,-1,-1,-1,-1,-1,76,484000000,0,0,0,1016,42728,10.427010923535274,1.0427010923535273e-08,437.93445878848155,4.3793445878848156e-07,76.484,17,2,0,0.34783801373919426,0,0,BENIGN
1776878147.6311917,2,d2:9b:db:15:5b:e9,c2:83:c9:db:0c:46,unknown,unknown,-1,-1,-1,-1,-1,63,392000000,0,0,0,726,30548,10.427010923535239,1.0427010923535239e-08,437.93445878848,4.3793445878848e-07,63.392,17,2,0,0.34783801373919426,0,0,BENIGN
1776878147.6619267,2,06:2d:ba:7d:d2:de,c2:83:c9:db:0c:46,unknown,unknown,-1,-1,-1,-1,-1,60,1000000,0,0,0,672,28280,9.930486593843119,9.93048659384312e-09,417.080436941411,4.17080436941411e-07,60.001,17,2,0,0.34124881009807895,0,0,BENIGN
1776878147.6926086,1,c2:83:c9:db:0c:46,5a:46:d9:62:e7:8c,unknown,unknown,-1,-1,-1,-1,-1,82,902000000,0,0,0,1417,59570,11.414392059553347,1.1414392059553346e-08,479.40446650124056,4.794044665012406e-07,82.902,17,2,0,0.3438267631000676,0,0,BENIGN
1776878147.7212968,1,d2:9b:db:15:5b:e9,5a:46:d9:62:e7:8c,unknown,unknown,-1,-1,-1,-1,-1,79,636000000,0,0,0,1126,47348,11.414392059553347,1.1414392059553346e-08,479.40446650124056,4.794044665012406e-07,79.636,17,2,0,0.3438267631000676,0,0,BENIGN
1776878147.7504718,1,06:2d:ba:7d:d2:de,5a:46:d9:62:e7:8c,unknown,unknown,-1,-1,-1,-1,-1,76,406000000,0,0,0,1014,42644,10.421836228287837,1.0421836228287838e-08,437.7171215880892,4.3771712158808917e-07,76.406,17,2,0,0.3438267422581736,0,0,BENIGN
1776878147.7815006,1,06:2d:ba:7d:d2:de,c2:83:c9:db:0c:46,unknown,unknown,-1,-1,-1,-1,-1,59,802000000,0,0,0,672,28280,9.925558312655085,9.925558312655085e-09,416.87344913151355,4.1687344913151353e-07,59.802,17,2,0,0.3438267631000676,0,0,BENIGN
1776878147.8095038,1,06:2d:ba:7d:d2:de,d2:9b:db:15:5b:e9,unknown,unknown,-1,-1,-1,-1,-1,36,653000000,0,0,0,370,15596,10.918114143920592,1.0918114143920593e-08,458.5607940446649,4.5856079404466486e-07,36.653,17,2,0,0.3438267631000676,0,0,BENIGN
1776878147.844477,3,c2:83:c9:db:0c:46,5a:46:d9:62:e7:8c,unknown,unknown,-1,-1,-1,-1,-1,82,898000000,0,0,0,1417,59570,11.420059582919587,1.1420059582919587e-08,479.64250248262266,4.796425024826227e-07,82.898,17,2,0,0.3587852535915399,0,0,BENIGN
1776878147.8839025,3,d2:9b:db:15:5b:e9,5a:46:d9:62:e7:8c,unknown,unknown,-1,-1,-1,-1,-1,79,664000000,0,0,0,1126,47348,11.420059582919587,1.1420059582919587e-08,479.64250248262266,4.796425024826227e-07,79.664,17,2,0,0.3587852535915399,0,0,BENIGN
1776878147.912513,3,06:2d:ba:7d:d2:de,5a:46:d9:62:e7:8c,unknown,unknown,-1,-1,-1,-1,-1,76,537000000,0,0,0,1013,42602,461.71376481312615,4.6171376481312613e-07,19417.50227894255,1.941750227894255e-05,76.537,17,2,0,0.3426320496007954,0,0,BENIGN
1776878147.9486873,3,d2:9b:db:15:5b:e9,c2:83:c9:db:0c:46,unknown,unknown,-1,-1,-1,-1,-1,63,193000000,0,0,0,726,30548,10.427010923535274,1.0427010923535273e-08,437.93445878848155,4.3793445878848156e-07,63.193,17,2,0,0.3587852327496459,0,0,BENIGN
1776878147.9780507,3,06:2d:ba:7d:d2:de,c2:83:c9:db:0c:46,unknown,unknown,-1,-1,-1,-1,-1,60,71000000,0,0,0,671,28238,9.0311986863711,9.0311986863711e-09,379.3103448275862,3.7931034482758624e-07,60.071,17,2,0,0.34962133281839025,0,0,BENIGN
1776878148.00919,3,06:2d:ba:7d:d2:de,d2:9b:db:15:5b:e9,unknown,unknown,-1,-1,-1,-1,-1,36,885000000,0,0,0,370,15596,10.923535253227431,1.0923535253227431e-08,458.7884806355521,4.587884806355521e-07,36.885,17,2,0,0.3587852535915399,0,0,BENIGN
1776878148.0401654,2,c2:83:c9:db:0c:46,5a:46:d9:62:e7:8c,unknown,unknown,-1,-1,-1,-1,-1,84,897000000,0,0,0,1436,60368,9.48577134298552,9.48577134298552e-09,398.40239640539187,3.9840239640539185e-07,84.897,17,2,0,0.3478380345810883,0,0,BENIGN
1776878148.0685322,2,d2:9b:db:15:5b:e9,5a:46:d9:62:e7:8c,unknown,unknown,-1,-1,-1,-1,-1,81,714000000,0,0,0,1145,48146,8.986520219670494,8.986520219670495e-09,377.43384922616076,3.7743384922616076e-07,81.714,17,2,0,0.3478380345810883,0,0,BENIGN
1776878148.097089,2,06:2d:ba:7d:d2:de,5a:46:d9:62:e7:8c,unknown,unknown,-1,-1,-1,-1,-1,78,487000000,0,0,0,1036,43568,9.98502246630055,9.98502246630055e-09,419.37094358462303,4.1937094358462305e-07,78.487,17,2,0,0.34783801373919426,0,0,BENIGN
1776878148.1273487,2,d2:9b:db:15:5b:e9,c2:83:c9:db:0c:46,unknown,unknown,-1,-1,-1,-1,-1,65,395000000,0,0,0,745,31346,9.485771342985554,9.485771342985555e-09,398.4023964053933,3.984023964053933e-07,65.395,17,2,0,0.34783801373919426,0,0,BENIGN
1776878148.1556506,2,06:2d:ba:7d:d2:de,c2:83:c9:db:0c:46,unknown,unknown,-1,-1,-1,-1,-1,62,4000000,0,0,0,691,29078,9.48577134298552,9.48577134298552e-09,398.40239640539187,3.9840239640539185e-07,62.004,17,2,0,0.34124881009807895,0,0,BENIGN
1776878148.183419,1,c2:83:c9:db:0c:46,5a:46:d9:62:e7:8c,unknown,unknown,-1,-1,-1,-1,-1,84,904000000,0,0,0,1436,60368,9.490509490509513,9.490509490509513e-09,398.6013986013995,3.986013986013995e-07,84.904,17,2,0,0.3438267631000676,0,0,BENIGN
1776878148.2121272,1,d2:9b:db:15:5b:e9,5a:46:d9:62:e7:8c,unknown,unknown,-1,-1,-1,-1,-1,81,638000000,0,0,0,1144,48104,8.991008991008949,8.99100899100895e-09,377.62237762237584,3.7762237762237584e-07,81.638,17,2,0,0.3438267631000676,0,0,BENIGN
1776878148.240594,1,06:2d:ba:7d:d2:de,5a:46:d9:62:e7:8c,unknown,unknown,-1,-1,-1,-1,-1,78,408000000,0,0,0,1034,43484,9.990009990010014,9.990009990010014e-09,419.58041958042054,4.195804195804205e-07,78.408,17,2,0,0.3438267422581736,0,0,BENIGN
1776878148.268225,1,06:2d:ba:7d:d2:de,c2:83:c9:db:0c:46,unknown,unknown,-1,-1,-1,-1,-1,61,804000000,0,0,0,691,29078,9.49050949050948,9.49050949050948e-09,398.6013986013981,3.9860139860139813e-07,61.804,17,2,0,0.3438267631000676,0,0,BENIGN
1776878148.2981236,1,06:2d:ba:7d:d2:de,d2:9b:db:15:5b:e9,unknown,unknown,-1,-1,-1,-1,-1,38,655000000,0,0,0,389,16394,9.49050949050948,9.49050949050948e-09,398.6013986013981,3.9860139860139813e-07,38.655,17,2,0,0.3438267631000676,0,0,BENIGN
1776878148.3261492,3,c2:83:c9:db:0c:46,5a:46:d9:62:e7:8c,unknown,unknown,-1,-1,-1,-1,-1,84,901000000,0,0,0,1436,60368,9.48577134298552,9.48577134298552e-09,398.40239640539187,3.9840239640539185e-07,84.901,17,2,0,0.3587852535915399,0,0,BENIGN
1776878148.3548644,3,d2:9b:db:15:5b:e9,5a:46:d9:62:e7:8c,unknown,unknown,-1,-1,-1,-1,-1,81,667000000,0,0,0,1144,48104,8.986520219670494,8.986520219670495e-09,377.43384922616076,3.7743384922616076e-07,81.667,17,2,0,0.3587852535915399,0,0,BENIGN
1776878148.381961,3,06:2d:ba:7d:d2:de,5a:46:d9:62:e7:8c,unknown,unknown,-1,-1,-1,-1,-1,78,540000000,0,0,0,1033,43442,473.2020155748954,4.7320201557489543e-07,19900.13742556109,1.990013742556109e-05,78.54,17,2,0,0.33841433745957483,0,0,BENIGN
1776878148.4125202,3,d2:9b:db:15:5b:e9,c2:83:c9:db:0c:46,unknown,unknown,-1,-1,-1,-1,-1,65,196000000,0,0,0,745,31346,9.48577134298552,9.48577134298552e-09,398.40239640539187,3.9840239640539185e-07,65.196,17,2,0,0.3587852327496459,0,0,BENIGN
1776878148.4394634,3,06:2d:ba:7d:d2:de,c2:83:c9:db:0c:46,unknown,unknown,-1,-1,-1,-1,-1,62,74000000,0,0,0,690,29036,8.659793814433,8.659793814433e-09,363.711340206186,3.63711340206186e-07,62.074,17,2,0,0.34962133281839025,0,0,BENIGN
1776878148.4714282,3,06:2d:ba:7d:d2:de,d2:9b:db:15:5b:e9,unknown,unknown,-1,-1,-1,-1,-1,38,888000000,0,0,0,389,16394,9.48577134298552,9.48577134298552e-09,398.40239640539187,3.9840239640539185e-07,38.888,17,2,0,0.3587852535915399,0,0,BENIGN
1776878148.4999745,2,c2:83:c9:db:0c:46,5a:46:d9:62:e7:8c,unknown,unknown,-1,-1,-1,-1,-1,86,905000000,0,0,0,1459,61334,11.454183266932295,1.1454183266932295e-08,481.07569721115647,4.810756972111565e-07,86.905,17,2,0,0.3489303289473488,0,0,BENIGN
1776878148.529943,2,d2:9b:db:15:5b:e9,5a:46:d9:62:e7:8c,unknown,unknown,-1,-1,-1,-1,-1,83,722000000,0,0,0,1169,49154,11.952191235059788,1.1952191235059787e-08,501.99203187251106,5.019920318725111e-07,83.722,17,2,0,0.3478380345810883,0,0,BENIGN
1776878148.5669985,2,06:2d:ba:7d:d2:de,5a:46:d9:62:e7:8c,unknown,unknown,-1,-1,-1,-1,-1,80,495000000,0,0,0,1059,44534,11.454183266932215,1.1454183266932216e-08,481.07569721115306,4.81075697211153e-07,80.495,17,2,0,0.34783801373919426,0,0,BENIGN
1776878148.5982156,2,d2:9b:db:15:5b:e9,c2:83:c9:db:0c:46,unknown,unknown,-1,-1,-1,-1,-1,67,403000000,0,0,0,769,32354,11.952191235059702,1.1952191235059703e-08,501.99203187250754,5.019920318725076e-07,67.403,17,2,0,0.34783801373919426,0,0,BENIGN
1776878148.6283832,2,06:2d:ba:7d:d2:de,c2:83:c9:db:0c:46,unknown,unknown,-1,-1,-1,-1,-1,64,12000000,0,0,0,714,30044,11.454183266932256,1.1454183266932256e-08,481.07569721115476,4.810756972111548e-07,64.012,17,2,0,0.34124881009807895,0,0,BENIGN
1776878148.6573539,1,c2:83:c9:db:0c:46,5a:46:d9:62:e7:8c,unknown,unknown,-1,-1,-1,-1,-1,86,912000000,0,0,0,1459,61334,11.454183266932215,1.1454183266932216e-08,481.07569721115306,4.81075697211153e-07,86.912,17,2,0,0.34491905746632817,0,0,BENIGN
1776878148.6864579,1,d2:9b:db:15:5b:e9,5a:46:d9:62:e7:8c,unknown,unknown,-1,-1,-1,-1,-1,83,646000000,0,0,0,1168,49112,11.952191235059788,1.1952191235059787e-08,501.99203187251106,5.019920318725111e-07,83.646,17,2,0,0.3438267631000676,0,0,BENIGN
1776878148.7144551,1,06:2d:ba:7d:d2:de,5a:46:d9:62:e7:8c,unknown,unknown,-1,-1,-1,-1,-1,80,416000000,0,0,0,1057,44450,11.454183266932295,1.1454183266932295e-08,481.07569721115647,4.810756972111565e-07,80.416,17,2,0,0.3438267422581736,0,0,BENIGN
1776878148.7421882,1,06:2d:ba:7d:d2:de,c2:83:c9:db:0c:46,unknown,unknown,-1,-1,-1,-1,-1,63,812000000,0,0,0,714,30044,11.454183266932295,1.1454183266932295e-08,481.07569721115647,4.810756972111565e-07,63.812,17,2,0,0.3438267631000676,0,0,BENIGN
1776878148.7734091,1,06:2d:ba:7d:d2:de,d2:9b:db:15:5b:e9,unknown,unknown,-1,-1,-1,-1,-1,40,663000000,0,0,0,413,17402,11.952191235059788,1.1952191235059787e-08,501.99203187251106,5.019920318725111e-07,40.663,17,2,0,0.3438267631000676,0,0,BENIGN
1776878148.802472,3,c2:83:c9:db:0c:46,5a:46:d9:62:e7:8c,unknown,unknown,-1,-1,-1,-1,-1,86,909000000,0,0,0,1459,61334,11.454183266932215,1.1454183266932216e-08,481.07569721115306,4.81075697211153e-07,86.909,17,2,0,0.35987754795780047,0,0,BENIGN
1776878148.8319306,3,d2:9b:db:15:5b:e9,5a:46:d9:62:e7:8c,unknown,unknown,-1,-1,-1,-1,-1,83,675000000,0,0,0,1168,49112,11.952191235059788,1.1952191235059787e-08,501.99203187251106,5.019920318725111e-07,83.675,17,2,0,0.3587852535915399,0,0,BENIGN
1776878148.8600755,3,06:2d:ba:7d:d2:de,5a:46:d9:62:e7:8c,unknown,unknown,-1,-1,-1,-1,-1,80,548000000,0,0,0,1056,44408,482.6325411334547,4.826325411334547e-07,20296.16087751369,2.029616087751369e-05,80.548,17,2,0,0.33841433745957483,0,0,BENIGN
1776878148.8888838,3,d2:9b:db:15:5b:e9,c2:83:c9:db:0c:46,unknown,unknown,-1,-1,-1,-1,-1,67,204000000,0,0,0,768,32312,11.454183266932295,1.1454183266932295e-08,481.07569721115647,4.810756972111565e-07,67.204,17,2,0,0.3587852327496459,0,0,BENIGN
1776878148.9155927,3,06:2d:ba:7d:d2:de,c2:83:c9:db:0c:46,unknown,unknown,-1,-1,-1,-1,-1,64,82000000,0,0,0,713,30002,10.28806584362143,1.028806584362143e-08,432.0987654321001,4.3209876543210007e-07,64.082,17,2,0,0.34962133281839025,0,0,BENIGN
1776878148.9435556,3,06:2d:ba:7d:d2:de,d2:9b:db:15:5b:e9,unknown,unknown,-1,-1,-1,-1,-1,40,896000000,0,0,0,413,17402,11.952191235059745,1.1952191235059746e-08,501.9920318725093,5.019920318725093e-07,40.896,17,2,0,0.3587852535915399,0,0,BENIGN
1776878148.9754317,2,c2:83:c9:db:0c:46,5a:46:d9:62:e7:8c,unknown,unknown,-1,-1,-1,-1,-1,88,914000000,0,0,0,1478,62132,9.457441513190641,9.45744151319064e-09,397.2125435540069,3.9721254355400694e-07,88.914,17,2,0,0.3489303289473488,0,0,BENIGN
1776878149.0043404,2,d2:9b:db:15:5b:e9,5a:46:d9:62:e7:8c,unknown,unknown,-1,-1,-1,-1,-1,85,731000000,0,0,0,1190,50036,10.452961672473865,1.0452961672473865e-08,439.02439024390236,4.3902439024390236e-07,85.731,17,2,0,0.3478380345810883,0,0,BENIGN
1776878149.0345745,2,06:2d:ba:7d:d2:de,5a:46:d9:62:e7:8c,unknown,unknown,-1,-1,-1,-1,-1,82,504000000,0,0,0,1081,45458,10.950721752115479,1.095072175211548e-08,459.9303135888501,4.599303135888501e-07,82.504,17,2,0,0.34783801373919426,0,0,BENIGN
1776878149.0648952,2,d2:9b:db:15:5b:e9,c2:83:c9:db:0c:46,unknown,unknown,-1,-1,-1,-1,-1,69,412000000,0,0,0,790,33236,10.452961672473865,1.0452961672473865e-08,439.02439024390236,4.3902439024390236e-07,69.412,17,2,0,0.34783801373919426,0,0,BENIGN
1776878149.0938401,2,06:2d:ba:7d:d2:de,c2:83:c9:db:0c:46,unknown,unknown,-1,-1,-1,-1,-1,66,21000000,0,0,0,738,31052,11.946241911398705,1.1946241911398705e-08,501.7421602787456,5.017421602787456e-07,66.021,17,2,0,0.34124881009807895,0,0,BENIGN
1776878149.1220133,1,c2:83:c9:db:0c:46,5a:46:d9:62:e7:8c,unknown,unknown,-1,-1,-1,-1,-1,88,922000000,0,0,0,1478,62132,9.452736318408004,9.452736318408004e-09,397.0149253731361,3.970149253731361e-07,88.922,17,2,0,0.34491905746632817,0,0,BENIGN
1776878149.1496642,1,d2:9b:db:15:5b:e9,5a:46:d9:62:e7:8c,unknown,unknown,-1,-1,-1,-1,-1,85,656000000,0,0,0,1188,49952,9.95024875621888,9.95024875621888e-09,417.910447761193,4.17910447761193e-07,85.656,17,2,0,0.3438267631000676,0,0,BENIGN
1776878149.178745,1,06:2d:ba:7d:d2:de,5a:46:d9:62:e7:8c,unknown,unknown,-1,-1,-1,-1,-1,82,426000000,0,0,0,1079,45374,10.945273631840768,1.0945273631840768e-08,459.7014925373123,4.5970149253731226e-07,82.426,17,2,0,0.3438267422581736,0,0,BENIGN
1776878149.207559,1,06:2d:ba:7d:d2:de,c2:83:c9:db:0c:46,unknown,unknown,-1,-1,-1,-1,-1,65,822000000,0,0,0,738,31052,11.940298507462655,1.1940298507462655e-08,501.49253731343157,5.014925373134315e-07,65.822,17,2,0,0.3438267631000676,0,0,BENIGN
1776878149.2413833,1,06:2d:ba:7d:d2:de,d2:9b:db:15:5b:e9,unknown,unknown,-1,-1,-1,-1,-1,42,673000000,0,0,0,432,18200,9.452736318407936,9.452736318407936e-09,397.01492537313334,3.970149253731333e-07,42.673,17,2,0,0.3438267631000676,0,0,BENIGN
1776878149.2718773,3,c2:83:c9:db:0c:46,5a:46:d9:62:e7:8c,unknown,unknown,-1,-1,-1,-1,-1,88,918000000,0,0,0,1478,62132,9.457441513190641,9.45744151319064e-09,397.2125435540069,3.9721254355400694e-07,88.918,17,2,0,0.35987754795780047,0,0,BENIGN
1776878149.3000305,3,d2:9b:db:15:5b:e9,5a:46:d9:62:e7:8c,unknown,unknown,-1,-1,-1,-1,-1,85,684000000,0,0,0,1188,49952,9.955201592832253,9.955201592832254e-09,418.11846689895464,4.181184668989546e-07,85.684,17,2,0,0.3587852535915399,0,0,BENIGN
1776878149.3284535,3,06:2d:ba:7d:d2:de,5a:46:d9:62:e7:8c,unknown,unknown,-1,-1,-1,-1,-1,82,557000000,0,0,0,1078,45332,492.46231155778736,4.924623115577873e-07,20708.99954317033,2.0708999543170328e-05,82.557,17,2,0,0.33841435830146877,0,0,BENIGN
1776878149.355698,3,d2:9b:db:15:5b:e9,c2:83:c9:db:0c:46,unknown,unknown,-1,-1,-1,-1,-1,69,213000000,0,0,0,790,33236,10.950721752115479,1.095072175211548e-08,459.9303135888501,4.599303135888501e-07,69.213,17,2,0,0.3587852327496459,0,0,BENIGN
1776878149.3849647,3,06:2d:ba:7d:d2:de,c2:83:c9:db:0c:46,unknown,unknown,-1,-1,-1,-1,-1,66,91000000,0,0,0,737,31010,10.695187165775412,1.0695187165775411e-08,449.19786096256735,4.4919786096256733e-07,66.091,17,2,0,0.34962133281839025,0,0,BENIGN
1776878149.4142168,3,06:2d:ba:7d:d2:de,d2:9b:db:15:5b:e9,unknown,unknown,-1,-1,-1,-1,-1,42,905000000,0,0,0,432,18200,9.457441513190641,9.45744151319064e-09,397.2125435540069,3.9721254355400694e-07,42.905,17,2,0,0.35987754795780047,0,0,BENIGN
1776878149.4415715,2,c2:83:c9:db:0c:46,5a:46:d9:62:e7:8c,unknown,unknown,-1,-1,-1,-1,-1,90,925000000,0,0,0,1496,62888,8.950770760815534,8.950770760815533e-09,375.9323719542524,3.759323719542524e-07,90.925,17,2,0,0.3489303289473488,0,0,BENIGN
1776878149.468178,2,d2:9b:db:15:5b:e9,5a:46:d9:62:e7:8c,unknown,unknown,-1,-1,-1,-1,-1,87,742000000,0,0,0,1208,50792,8.950770760815471,8.950770760815472e-09,375.9323719542498,3.7593237195424977e-07,87.742,17,2,0,0.3478380345810883,0,0,BENIGN
1776878149.4946492,2,06:2d:ba:7d:d2:de,5a:46:d9:62:e7:8c,unknown,unknown,-1,-1,-1,-1,-1,84,515000000,0,0,0,1100,46256,9.448035803083064,9.448035803083064e-09,396.8175037294887,3.968175037294887e-07,84.515,17,2,0,0.34783801373919426,0,0,BENIGN
1776878149.521539,2,d2:9b:db:15:5b:e9,c2:83:c9:db:0c:46,unknown,unknown,-1,-1,-1,-1,-1,71,423000000,0,0,0,808,33992,8.950770760815534,8.950770760815533e-09,375.9323719542524,3.759323719542524e-07,71.423,17,2,0,0.34783801373919426,0,0,BENIGN
1776878149.5524297,2,06:2d:ba:7d:d2:de,c2:83:c9:db:0c:46,unknown,unknown,-1,-1,-1,-1,-1,68,32000000,0,0,0,756,31808,8.950770760815534,8.950770760815533e-09,375.9323719542524,3.759323719542524e-07,68.032,17,2,0,0.34124881009807895,0,0,BENIGN
1776878149.58349,1,c2:83:c9:db:0c:46,5a:46:d9:62:e7:8c,unknown,unknown,-1,-1,-1,-1,-1,90,933000000,0,0,0,1496,62888,8.950770760815471,8.950770760815472e-09,375.9323719542498,3.7593237195424977e-07,90.933,17,2,0,0.34491905746632817,0,0,BENIGN
1776878149.612345,1,d2:9b:db:15:5b:e9,5a:46:d9:62:e7:8c,unknown,unknown,-1,-1,-1,-1,-1,87,667000000,0,0,0,1207,50750,9.448035803083064,9.448035803083064e-09,396.8175037294887,3.968175037294887e-07,87.667,17,2,0,0.3438267631000676,0,0,BENIGN
1776878149.6405504,1,06:2d:ba:7d:d2:de,5a:46:d9:62:e7:8c,unknown,unknown,-1,-1,-1,-1,-1,84,437000000,0,0,0,1098,46172,9.448035803083064,9.448035803083064e-09,396.8175037294887,3.968175037294887e-07,84.437,17,2,0,0.3438267422581736,0,0,BENIGN
1776878149.6709058,1,06:2d:ba:7d:d2:de,c2:83:c9:db:0c:46,unknown,unknown,-1,-1,-1,-1,-1,67,833000000,0,0,0,756,31808,8.950770760815534,8.950770760815533e-09,375.9323719542524,3.759323719542524e-07,67.833,17,2,0,0.3438267631000676,0,0,BENIGN
1776878149.7038715,1,06:2d:ba:7d:d2:de,d2:9b:db:15:5b:e9,unknown,unknown,-1,-1,-1,-1,-1,44,684000000,0,0,0,450,18956,8.950770760815534,8.950770760815533e-09,375.9323719542524,3.759323719542524e-07,44.684,17,2,0,0.3438267631000676,0,0,BENIGN
1776878149.7350593,3,c2:83:c9:db:0c:46,5a:46:d9:62:e7:8c,unknown,unknown,-1,-1,-1,-1,-1,90,929000000,0,0,0,1496,62888,8.950770760815534,8.950770760815533e-09,375.9323719542524,3.759323719542524e-07,90.929,17,2,0,0.35987754795780047,0,0,BENIGN
1776878149.7635906,3,d2:9b:db:15:5b:e9,5a:46:d9:62:e7:8c,unknown,unknown,-1,-1,-1,-1,-1,87,695000000,0,0,0,1207,50750,9.448035803083064,9.448035803083064e-09,396.8175037294887,3.968175037294887e-07,87.695,17,2,0,0.3587852535915399,0,0,BENIGN
1776878149.7940938,3,06:2d:ba:7d:d2:de,5a:46:d9:62:e7:8c,unknown,unknown,-1,-1,-1,-1,-1,84,568000000,0,0,0,1097,46130,500.6846188954809,5.006846188954809e-07,21054.31309904151,2.1054313099041508e-05,84.568,17,2,0,0.33841435830146877,0,0,BENIGN
1776878149.8229926,3,d2:9b:db:15:5b:e9,c2:83:c9:db:0c:46,unknown,unknown,-1,-1,-1,-1,-1,71,224000000,0,0,0,808,33992,8.950770760815471,8.950770760815472e-09,375.9323719542498,3.7593237195424977e-07,71.224,17,2,0,0.3587852327496459,0,0,BENIGN
1776878149.8528633,3,06:2d:ba:7d:d2:de,c2:83:c9:db:0c:46,unknown,unknown,-1,-1,-1,-1,-1,68,102000000,0,0,0,755,31766,8.220304151253574,8.220304151253574e-09,345.2527743526501,3.452527743526501e-07,68.102,17,2,0,0.34962133281839025,0,0,BENIGN
1776878149.8805516,3,06:2d:ba:7d:d2:de,d2:9b:db:15:5b:e9,unknown,unknown,-1,-1,-1,-1,-1,44,916000000,0,0,0,450,18956,8.950770760815534,8.950770760815533e-09,375.9323719542524,3.759323719542524e-07,44.916,17,2,0,0.35987754795780047,0,0,BENIGN
1776878149.9104445,2,c2:83:c9:db:0c:46,5a:46:d9:62:e7:8c,unknown,unknown,-1,-1,-1,-1,-1,92,939000000,0,0,0,1514,63644,8.937437934458806,8.937437934458806e-09,375.3723932472699,3.753723932472699e-07,92.939,17,2,0,0.3489303289473488,0,0,BENIGN
1776878149.9388554,2,d2:9b:db:15:5b:e9,5a:46:d9:62:e7:8c,unknown,unknown,-1,-1,-1,-1,-1,89,756000000,0,0,0,1224,51464,7.944389275074495,7.944389275074495e-09,333.6643495531288,3.3366434955312875e-07,89.756,17,2,0,0.3478380345810883,0,0,BENIGN
1776878149.9781146,2,06:2d:ba:7d:d2:de,5a:46:d9:62:e7:8c,unknown,unknown,-1,-1,-1,-1,-1,86,529000000,0,0,0,1114,46844,6.951340615690183,6.9513406156901834e-09,291.9563058589877,2.919563058589877e-07,86.529,17,2,0,0.34783852782291474,0,0,BENIGN
1776878150.0070598,2,d2:9b:db:15:5b:e9,c2:83:c9:db:0c:46,unknown,unknown,-1,-1,-1,-1,-1,73,437000000,0,0,0,825,34706,8.440913604766651,8.440913604766651e-09,354.5183714001993,3.5451837140019935e-07,73.437,17,2,0,0.34783801373919426,0,0,BENIGN
1776878150.0364118,2,06:2d:ba:7d:d2:de,c2:83:c9:db:0c:46,unknown,unknown,-1,-1,-1,-1,-1,70,46000000,0,0,0,771,32438,7.447864945382287,7.447864945382287e-09,312.81032770605606,3.1281032770605604e-07,70.046,17,2,0,0.34124881009807895,0,0,BENIGN
1776878150.0682335,1,c2:83:c9:db:0c:46,5a:46:d9:62:e7:8c,unknown,unknown,-1,-1,-1,-1,-1,92,947000000,0,0,0,1514,63644,8.937437934458806,8.937437934458806e-09,375.3723932472699,3.753723932472699e-07,92.947,17,2,0,0.34491905746632817,0,0,BENIGN
1776878150.099617,1,d2:9b:db:15:5b:e9,5a:46:d9:62:e7:8c,unknown,unknown,-1,-1,-1,-1,-1,89,681000000,0,0,0,1223,51422,7.944389275074495,7.944389275074495e-09,333.6643495531288,3.3366434955312875e-07,89.681,17,2,0,0.3438267631000676,0,0,BENIGN
1776878150.1269796,1,06:2d:ba:7d:d2:de,5a:46:d9:62:e7:8c,unknown,unknown,-1,-1,-1,-1,-1,86,451000000,0,0,0,1112,46760,6.951340615690183,6.9513406156901834e-09,291.9563058589877,2.919563058589877e-07,86.451,17,2,0,0.34382725634189415,0,0,BENIGN
1776878150.155099,1,06:2d:ba:7d:d2:de,c2:83:c9:db:0c:46,unknown,unknown,-1,-1,-1,-1,-1,69,847000000,0,0,0,771,32438,7.44786494538234,7.447864945382339e-09,312.8103277060583,3.1281032770605826e-07,69.847,17,2,0,0.3438267631000676,0,0,BENIGN
1776878150.1830912,1,06:2d:ba:7d:d2:de,d2:9b:db:15:5b:e9,unknown,unknown,-1,-1,-1,-1,-1,46,698000000,0,0,0,468,19712,8.937437934458776,8.937437934458776e-09,375.3723932472686,3.7537239324726856e-07,46.698,17,2,0,0.3438267631000676,0,0,BENIGN
1776878150.2103179,3,c2:83:c9:db:0c:46,5a:46:d9:62:e7:8c,unknown,unknown,-1,-1,-1,-1,-1,92,943000000,0,0,0,1514,63644,8.937437934458806,8.937437934458806e-09,375.3723932472699,3.753723932472699e-07,92.943,17,2,0,0.35987754795780047,0,0,BENIGN
1776878150.2409363,3,d2:9b:db:15:5b:e9,5a:46:d9:62:e7:8c,unknown,unknown,-1,-1,-1,-1,-1,89,709000000,0,0,0,1223,51422,7.944389275074439,7.944389275074439e-09,333.66434955312644,3.336643495531264e-07,89.709,17,2,0,0.3587852535915399,0,0,BENIGN
1776878150.2692578,3,06:2d:ba:7d:d2:de,5a:46:d9:62:e7:8c,unknown,unknown,-1,-1,-1,-1,-1,86,582000000,0,0,0,1112,46760,506.83682771194435,5.068368277119444e-07,21312.67092069291,2.1312670920692912e-05,86.582,17,2,0,0.33841435830146877,0,0,BENIGN
1776878150.2993505,3,d2:9b:db:15:5b:e9,c2:83:c9:db:0c:46,unknown,unknown,-1,-1,-1,-1,-1,73,238000000,0,0,0,825,34706,8.440913604766651,8.440913604766651e-09,354.5183714001993,3.5451837140019935e-07,73.238,17,2,0,0.3587852327496459,0,0,BENIGN
1776878150.3339283,3,06:2d:ba:7d:d2:de,c2:83:c9:db:0c:46,unknown,unknown,-1,-1,-1,-1,-1,70,116000000,0,0,0,770,32396,6.978653530377689,6.978653530377689e-09,293.10344827586295,2.931034482758629e-07,70.116,17,2,0,0.34962184690211073,0,0,BENIGN
1776878150.3615274,3,06:2d:ba:7d:d2:de,d2:9b:db:15:5b:e9,unknown,unknown,-1,-1,-1,-1,-1,46,930000000,0,0,0,468,19712,8.937437934458776,8.937437934458776e-09,375.3723932472686,3.7537239324726856e-07,46.93,17,2,0,0.35987754795780047,0,0,BENIGN
1776878150.3892732,2,c2:83:c9:db:0c:46,5a:46:d9:62:e7:8c,unknown,unknown,-1,-1,-1,-1,-1,94,949000000,0,0,0,1532,64400,8.955223880596993,8.955223880596993e-09,376.1194029850737,3.761194029850737e-07,94.949,17,2,0,0.3489303289473488,0,0,BENIGN
1776878150.4206524,2,d2:9b:db:15:5b:e9,5a:46:d9:62:e7:8c,unknown,unknown,-1,-1,-1,-1,-1,91,766000000,0,0,0,1241,52178,8.457711442786048,8.457711442786047e-09,355.22388059701404,3.5522388059701404e-07,91.766,17,2,0,0.3478380345810883,0,0,BENIGN
1776878150.4608235,2,06:2d:ba:7d:d2:de,5a:46:d9:62:e7:8c,unknown,unknown,-1,-1,-1,-1,-1,88,539000000,0,0,0,1130,47516,7.960199004975104,7.960199004975105e-09,334.3283582089544,3.343283582089544e-07,88.539,17,2,0,0.34783801373919426,0,0,BENIGN
1776878150.5096357,2,d2:9b:db:15:5b:e9,c2:83:c9:db:0c:46,unknown,unknown,-1,-1,-1,-1,-1,75,447000000,0,0,0,841,35378,7.960199004975104,7.960199004975105e-09,334.3283582089544,3.343283582089544e-07,75.447,17,2,0,0.34783801373919426,0,0,BENIGN
1776878150.5560908,2,06:2d:ba:7d:d2:de,c2:83:c9:db:0c:46,unknown,unknown,-1,-1,-1,-1,-1,72,56000000,0,0,0,786,33068,7.462686567164213,7.462686567164213e-09,313.43283582089697,3.13432835820897e-07,72.056,17,2,0,0.34124881009807895,0,0,BENIGN
1776878150.6052837,1,c2:83:c9:db:0c:46,5a:46:d9:62:e7:8c,unknown,unknown,-1,-1,-1,-1,-1,94,957000000,0,0,0,1532,64400,8.955223880597055,8.955223880597054e-09,376.1194029850763,3.761194029850763e-07,94.957,17,2,0,0.34491905746632817,0,0,BENIGN
1776878150.6441212,1,d2:9b:db:15:5b:e9,5a:46:d9:62:e7:8c,unknown,unknown,-1,-1,-1,-1,-1,91,691000000,0,0,0,1240,52136,8.457711442786048,8.457711442786047e-09,355.22388059701404,3.5522388059701404e-07,91.691,17,2,0,0.3438267631000676,0,0,BENIGN
1776878150.6733162,1,06:2d:ba:7d:d2:de,5a:46:d9:62:e7:8c,unknown,unknown,-1,-1,-1,-1,-1,88,461000000,0,0,0,1128,47432,7.960199004975104,7.960199004975105e-09,334.3283582089544,3.343283582089544e-07,88.461,17,2,0,0.3438267422581736,0,0,BENIGN
1776878150.7055447,1,06:2d:ba:7d:d2:de,c2:83:c9:db:0c:46,unknown,unknown,-1,-1,-1,-1,-1,71,857000000,0,0,0,786,33068,7.46268656716416,7.46268656716416e-09,313.43283582089475,3.1343283582089476e-07,71.857,17,2,0,0.3438267631000676,0,0,BENIGN
1776878150.7351673,1,06:2d:ba:7d:d2:de,d2:9b:db:15:5b:e9,unknown,unknown,-1,-1,-1,-1,-1,48,708000000,0,0,0,484,20384,7.9601990049751326,7.960199004975133e-09,334.32835820895554,3.3432835820895554e-07,48.708,17,2,0,0.3438267631000676,0,0,BENIGN
1776878150.767725,3,c2:83:c9:db:0c:46,5a:46:d9:62:e7:8c,unknown,unknown,-1,-1,-1,-1,-1,94,953000000,0,0,0,1532,64400,8.955223880596993,8.955223880596993e-09,376.1194029850737,3.761194029850737e-07,94.953,17,2,0,0.35987754795780047,0,0,BENIGN
1776878150.7987013,3,d2:9b:db:15:5b:e9,5a:46:d9:62:e7:8c,unknown,unknown,-1,-1,-1,-1,-1,91,719000000,0,0,0,1240,52136,8.457711442786108,8.457711442786108e-09,355.22388059701655,3.5522388059701653e-07,91.719,17,2,0,0.3587852535915399,0,0,BENIGN
1776878150.8297012,3,06:2d:ba:7d:d2:de,5a:46:d9:62:e7:8c,unknown,unknown,-1,-1,-1,-1,-1,88,592000000,0,0,0,1127,47390,514.6118721461193,5.146118721461192e-07,21639.269406392716,2.1639269406392717e-05,88.592,17,2,0,0.33841435830146877,0,0,BENIGN
1776878150.8590796,3,d2:9b:db:15:5b:e9,c2:83:c9:db:0c:46,unknown,unknown,-1,-1,-1,-1,-1,75,248000000,0,0,0,841,35378,7.960199004975104,7.960199004975105e-09,334.3283582089544,3.343283582089544e-07,75.248,17,2,0,0.3587852327496459,0,0,BENIGN
1776878150.8871417,3,06:2d:ba:7d:d2:de,c2:83:c9:db:0c:46,unknown,unknown,-1,-1,-1,-1,-1,72,126000000,0,0,0,785,33026,6.990131578947362,6.9901315789473615e-09,293.5855263157892,2.935855263157892e-07,72.126,17,2,0,0.34962184690211073,0,0,BENIGN
1776878150.9333832,3,06:2d:ba:7d:d2:de,d2:9b:db:15:5b:e9,unknown,unknown,-1,-1,-1,-1,-1,48,940000000,0,0,0,484,20384,7.9601990049751326,7.960199004975133e-09,334.32835820895554,3.3432835820895554e-07,48.94,17,2,0,0.35987754795780047,0,0,BENIGN
1776878150.9623365,2,c2:83:c9:db:0c:46,5a:46:d9:62:e7:8c,unknown,unknown,-1,-1,-1,-1,-1,96,957000000,0,0,0,1546,64988,6.972111553784876,6.972111553784876e-09,292.8286852589648,2.928286852589648e-07,96.957,17,2,0,0.3489308430310693,0,0,BENIGN
1776878150.9894981,2,d2:9b:db:15:5b:e9,5a:46:d9:62:e7:8c,unknown,unknown,-1,-1,-1,-1,-1,93,774000000,0,0,0,1259,52934,8.964143426294841,8.964143426294842e-09,376.4940239043833,3.764940239043833e-07,93.774,17,2,0,0.3478380345810883,0,0,BENIGN
1776878151.0208144,2,06:2d:ba:7d:d2:de,5a:46:d9:62:e7:8c,unknown,unknown,-1,-1,-1,-1,-1,90,547000000,0,0,0,1148,48272,8.964143426294841,8.964143426294842e-09,376.4940239043833,3.764940239043833e-07,90.547,17,2,0,0.34783801373919426,0,0,BENIGN
1776878151.0482433,2,d2:9b:db:15:5b:e9,c2:83:c9:db:0c:46,unknown,unknown,-1,-1,-1,-1,-1,77,455000000,0,0,0,858,36092,8.466135458167349,8.466135458167349e-09,355.57768924302866,3.555776892430287e-07,77.455,17,2,0,0.34783801373919426,0,0,BENIGN
1776878151.0766535,2,06:2d:ba:7d:d2:de,c2:83:c9:db:0c:46,unknown,unknown,-1,-1,-1,-1,-1,74,64000000,0,0,0,804,33824,8.964143426294841,8.964143426294842e-09,376.4940239043833,3.764940239043833e-07,74.064,17,2,0,0.34124881009807895,0,0,BENIGN
1776878151.1173644,1,c2:83:c9:db:0c:46,5a:46:d9:62:e7:8c,unknown,unknown,-1,-1,-1,-1,-1,96,964000000,0,0,0,1546,64988,6.9755854509217565,6.975585450921756e-09,292.9745889387138,2.929745889387138e-07,96.964,17,2,0,0.3449195715500487,0,0,BENIGN
1776878151.1485648,1,d2:9b:db:15:5b:e9,5a:46:d9:62:e7:8c,unknown,unknown,-1,-1,-1,-1,-1,93,699000000,0,0,0,1258,52892,8.964143426294841,8.964143426294842e-09,376.4940239043833,3.764940239043833e-07,93.699,17,2,0,0.3438267631000676,0,0,BENIGN
1776878151.2164762,1,06:2d:ba:7d:d2:de,5a:46:d9:62:e7:8c,unknown,unknown,-1,-1,-1,-1,-1,90,469000000,0,0,0,1146,48188,8.964143426294841,8.964143426294842e-09,376.4940239043833,3.764940239043833e-07,90.469,17,2,0,0.3438267422581736,0,0,BENIGN
1776878151.2732885,1,06:2d:ba:7d:d2:de,c2:83:c9:db:0c:46,unknown,unknown,-1,-1,-1,-1,-1,73,865000000,0,0,0,804,33824,8.964143426294841,8.964143426294842e-09,376.4940239043833,3.764940239043833e-07,73.865,17,2,0,0.3438267631000676,0,0,BENIGN
1776878151.3080013,1,06:2d:ba:7d:d2:de,d2:9b:db:15:5b:e9,unknown,unknown,-1,-1,-1,-1,-1,50,716000000,0,0,0,500,21056,7.96812749003983,7.96812749003983e-09,334.66135458167287,3.3466135458167287e-07,50.716,17,2,0,0.3438267631000676,0,0,BENIGN
1776878151.350925,3,c2:83:c9:db:0c:46,5a:46:d9:62:e7:8c,unknown,unknown,-1,-1,-1,-1,-1,96,961000000,0,0,0,1546,64988,6.972111553784876,6.972111553784876e-09,292.8286852589648,2.928286852589648e-07,96.961,17,2,0,0.359878062041521,0,0,BENIGN
1776878151.3807538,3,d2:9b:db:15:5b:e9,5a:46:d9:62:e7:8c,unknown,unknown,-1,-1,-1,-1,-1,93,727000000,0,0,0,1258,52892,8.964143426294777,8.964143426294777e-09,376.49402390438064,3.7649402390438066e-07,93.727,17,2,0,0.3587852535915399,0,0,BENIGN
1776878151.4085922,3,06:2d:ba:7d:d2:de,5a:46:d9:62:e7:8c,unknown,unknown,-1,-1,-1,-1,-1,90,600000000,0,0,0,1145,48146,523.3089579524708,5.233089579524708e-07,22004.570383912367,2.2004570383912368e-05,90.6,17,2,0,0.33841435830146877,0,0,BENIGN
1776878151.4353678,3,d2:9b:db:15:5b:e9,c2:83:c9:db:0c:46,unknown,unknown,-1,-1,-1,-1,-1,77,256000000,0,0,0,858,36092,8.466135458167349,8.466135458167349e-09,355.57768924302866,3.555776892430287e-07,77.256,17,2,0,0.3587852327496459,0,0,BENIGN
1776878151.4626443,3,06:2d:ba:7d:d2:de,c2:83:c9:db:0c:46,unknown,unknown,-1,-1,-1,-1,-1,74,134000000,0,0,0,803,33782,8.230452674897096,8.230452674897095e-09,345.679012345678,3.4567901234567804e-07,74.134,17,2,0,0.34962133281839025,0,0,BENIGN
1776878151.4907215,3,06:2d:ba:7d:d2:de,d2:9b:db:15:5b:e9,unknown,unknown,-1,-1,-1,-1,-1,50,948000000,0,0,0,500,21056,7.96812749003983,7.96812749003983e-09,334.66135458167287,3.3466135458167287e-07,50.948,17,2,0,0.35987754795780047,0,0,BENIGN
1776878151.519289,2,c2:83:c9:db:0c:46,5a:46:d9:62:e7:8c,unknown,unknown,-1,-1,-1,-1,-1,98,964000000,0,0,0,1562,65660,7.972097658196293,7.972097658196294e-09,334.8281016442443,3.3482810164424435e-07,98.964,17,2,0,0.3489303289473488,0,0,BENIGN
1776878151.5469882,2,d2:9b:db:15:5b:e9,5a:46:d9:62:e7:8c,unknown,unknown,-1,-1,-1,-1,-1,95,781000000,0,0,0,1274,53564,7.473841554559025,7.473841554559025e-09,313.90134529147906,3.1390134529147905e-07,95.781,17,2,0,0.3478380345810883,0,0,BENIGN
1776878151.5754688,2,06:2d:ba:7d:d2:de,5a:46:d9:62:e7:8c,unknown,unknown,-1,-1,-1,-1,-1,92,554000000,0,0,0,1166,49028,8.96860986547083,8.96860986547083e-09,376.68161434977486,3.766816143497749e-07,92.554,17,2,0,0.34783801373919426,0,0,BENIGN
1776878151.6036096,2,d2:9b:db:15:5b:e9,c2:83:c9:db:0c:46,unknown,unknown,-1,-1,-1,-1,-1,79,462000000,0,0,0,874,36764,7.972097658196293,7.972097658196294e-09,334.8281016442443,3.3482810164424435e-07,79.462,17,2,0,0.34783801373919426,0,0,BENIGN
1776878151.6319325,2,06:2d:ba:7d:d2:de,c2:83:c9:db:0c:46,unknown,unknown,-1,-1,-1,-1,-1,76,71000000,0,0,0,822,34580,8.96860986547083,8.96860986547083e-09,376.68161434977486,3.766816143497749e-07,76.071,17,2,0,0.34124881009807895,0,0,BENIGN
1776878151.6586607,1,c2:83:c9:db:0c:46,5a:46:d9:62:e7:8c,unknown,unknown,-1,-1,-1,-1,-1,98,971000000,0,0,0,1562,65660,7.972097658196293,7.972097658196294e-09,334.8281016442443,3.3482810164424435e-07,98.971,17,2,0,0.34491905746632817,0,0,BENIGN
1776878151.6859443,1,d2:9b:db:15:5b:e9,5a:46:d9:62:e7:8c,unknown,unknown,-1,-1,-1,-1,-1,95,705000000,0,0,0,1273,53522,7.477567298105682,7.477567298105682e-09,314.05782652043865,3.1405782652043864e-07,95.705,17,2,0,0.3438267631000676,0,0,BENIGN
1776878151.713367,1,06:2d:ba:7d:d2:de,5a:46:d9:62:e7:8c,unknown,unknown,-1,-1,-1,-1,-1,92,475000000,0,0,0,1164,48944,8.973080757726818,8.973080757726817e-09,376.86939182452636,3.7686939182452636e-07,92.475,17,2,0,0.3438267422581736,0,0,BENIGN
1776878151.740364,1,06:2d:ba:7d:d2:de,c2:83:c9:db:0c:46,unknown,unknown,-1,-1,-1,-1,-1,75,871000000,0,0,0,822,34580,8.973080757726818,8.973080757726817e-09,376.86939182452636,3.7686939182452636e-07,75.871,17,2,0,0.3438267631000676,0,0,BENIGN
1776878151.7677288,1,06:2d:ba:7d:d2:de,d2:9b:db:15:5b:e9,unknown,unknown,-1,-1,-1,-1,-1,52,722000000,0,0,0,516,21728,7.976071784646061,7.976071784646062e-09,334.99501495513454,3.3499501495513456e-07,52.722,17,2,0,0.3438267631000676,0,0,BENIGN
1776878151.7975583,3,c2:83:c9:db:0c:46,5a:46:d9:62:e7:8c,unknown,unknown,-1,-1,-1,-1,-1,98,968000000,0,0,0,1562,65660,7.972097658196293,7.972097658196294e-09,334.8281016442443,3.3482810164424435e-07,98.968,17,2,0,0.35987754795780047,0,0,BENIGN
1776878151.8282142,3,d2:9b:db:15:5b:e9,5a:46:d9:62:e7:8c,unknown,unknown,-1,-1,-1,-1,-1,95,734000000,0,0,0,1273,53522,7.473841554559078,7.473841554559078e-09,313.9013452914813,3.139013452914813e-07,95.734,17,2,0,0.3587852535915399,0,0,BENIGN
1776878151.8563988,3,06:2d:ba:7d:d2:de,5a:46:d9:62:e7:8c,unknown,unknown,-1,-1,-1,-1,-1,92,607000000,0,0,0,1163,48902,531.7786922725201,5.317786922725201e-07,22360.310928212188,2.236031092821219e-05,92.607,17,2,0,0.33841435830146877,0,0,BENIGN
1776878151.8851967,3,d2:9b:db:15:5b:e9,c2:83:c9:db:0c:46,unknown,unknown,-1,-1,-1,-1,-1,79,263000000,0,0,0,874,36764,7.972097658196293,7.972097658196294e-09,334.8281016442443,3.3482810164424435e-07,79.263,17,2,0,0.3587852327496459,0,0,BENIGN
1776878151.912556,3,06:2d:ba:7d:d2:de,c2:83:c9:db:0c:46,unknown,unknown,-1,-1,-1,-1,-1,76,141000000,0,0,0,821,34538,8.233841086867017,8.233841086867017e-09,345.8213256484147,3.458213256484147e-07,76.141,17,2,0,0.34962133281839025,0,0,BENIGN
1776878151.9409337,3,06:2d:ba:7d:d2:de,d2:9b:db:15:5b:e9,unknown,unknown,-1,-1,-1,-1,-1,52,955000000,0,0,0,516,21728,7.972097658196321,7.972097658196322e-09,334.8281016442455,3.348281016442455e-07,52.955,17,2,0,0.35987754795780047,0,0,BENIGN
1776878151.970756,2,c2:83:c9:db:0c:46,5a:46:d9:62:e7:8c,unknown,unknown,-1,-1,-1,-1,-1,100,972000000,0,0,0,1580,66416,8.964143426294841,8.964143426294842e-09,376.4940239043833,3.764940239043833e-07,100.972,17,2,0,0.3489303289473488,0,0,BENIGN
1776878152.0001948,2,d2:9b:db:15:5b:e9,5a:46:d9:62:e7:8c,unknown,unknown,-1,-1,-1,-1,-1,97,789000000,0,0,0,1290,54236,7.968127490039858,7.968127490039859e-09,334.66135458167406,3.3466135458167404e-07,97.789,17,2,0,0.3478380345810883,0,0,BENIGN
1776878152.0312002,2,06:2d:ba:7d:d2:de,5a:46:d9:62:e7:8c,unknown,unknown,-1,-1,-1,-1,-1,94,562000000,0,0,0,1180,49616,6.972111553784876,6.972111553784876e-09,292.8286852589648,2.928286852589648e-07,94.562,17,2,0,0.3478385486648088,0,0,BENIGN
1776878152.0612478,2,d2:9b:db:15:5b:e9,c2:83:c9:db:0c:46,unknown,unknown,-1,-1,-1,-1,-1,81,470000000,0,0,0,891,37478,8.466135458167349,8.466135458167349e-09,355.57768924302866,3.555776892430287e-07,81.47,17,2,0,0.34783801373919426,0,0,BENIGN
1776878152.09101,2,06:2d:ba:7d:d2:de,c2:83:c9:db:0c:46,unknown,unknown,-1,-1,-1,-1,-1,78,79000000,0,0,0,836,35168,6.972111553784876,6.972111553784876e-09,292.8286852589648,2.928286852589648e-07,78.079,17,2,0,0.34124932418179943,0,0,BENIGN
1776878152.119731,1,c2:83:c9:db:0c:46,5a:46:d9:62:e7:8c,unknown,unknown,-1,-1,-1,-1,-1,100,979000000,0,0,0,1580,66416,8.964143426294841,8.964143426294842e-09,376.4940239043833,3.764940239043833e-07,100.979,17,2,0,0.34491905746632817,0,0,BENIGN
1776878152.1529124,1,d2:9b:db:15:5b:e9,5a:46:d9:62:e7:8c,unknown,unknown,-1,-1,-1,-1,-1,97,713000000,0,0,0,1289,54194,7.968127490039858,7.968127490039859e-09,334.66135458167406,3.3466135458167404e-07,97.713,17,2,0,0.3438267631000676,0,0,BENIGN
1776878152.181193,1,06:2d:ba:7d:d2:de,5a:46:d9:62:e7:8c,unknown,unknown,-1,-1,-1,-1,-1,94,483000000,0,0,0,1178,49532,6.972111553784827,6.9721115537848264e-09,292.8286852589627,2.928286852589627e-07,94.483,17,2,0,0.34382725634189415,0,0,BENIGN
1776878152.211976,1,06:2d:ba:7d:d2:de,c2:83:c9:db:0c:46,unknown,unknown,-1,-1,-1,-1,-1,77,879000000,0,0,0,836,35168,6.972111553784827,6.9721115537848264e-09,292.8286852589627,2.928286852589627e-07,77.879,17,2,0,0.3438272771837881,0,0,BENIGN
1776878152.244068,1,06:2d:ba:7d:d2:de,d2:9b:db:15:5b:e9,unknown,unknown,-1,-1,-1,-1,-1,54,730000000,0,0,0,534,22484,8.964143426294841,8.964143426294842e-09,376.4940239043833,3.764940239043833e-07,54.73,17,2,0,0.3438267631000676,0,0,BENIGN
1776878152.2721117,3,c2:83:c9:db:0c:46,5a:46:d9:62:e7:8c,unknown,unknown,-1,-1,-1,-1,-1,100,976000000,0,0,0,1580,66416,8.964143426294841,8.964143426294842e-09,376.4940239043833,3.764940239043833e-07,100.976,17,2,0,0.35987754795780047,0,0,BENIGN
1776878152.3056471,3,d2:9b:db:15:5b:e9,5a:46:d9:62:e7:8c,unknown,unknown,-1,-1,-1,-1,-1,97,742000000,0,0,0,1289,54194,7.968127490039802,7.968127490039802e-09,334.6613545816717,3.3466135458167165e-07,97.742,17,2,0,0.3587852535915399,0,0,BENIGN
1776878152.3334334,3,06:2d:ba:7d:d2:de,5a:46:d9:62:e7:8c,unknown,unknown,-1,-1,-1,-1,-1,94,615000000,0,0,0,1177,49490,537.9341864716665,5.379341864716665e-07,22618.829981718587,2.2618829981718586e-05,94.615,17,2,0,0.33841435830146877,0,0,BENIGN
1776878152.3646576,3,d2:9b:db:15:5b:e9,c2:83:c9:db:0c:46,unknown,unknown,-1,-1,-1,-1,-1,81,271000000,0,0,0,891,37478,8.466135458167349,8.466135458167349e-09,355.57768924302866,3.555776892430287e-07,81.271,17,2,0,0.3587852327496459,0,0,BENIGN
1776878152.3942077,3,06:2d:ba:7d:d2:de,c2:83:c9:db:0c:46,unknown,unknown,-1,-1,-1,-1,-1,78,149000000,0,0,0,835,35126,6.584362139917677,6.584362139917677e-09,276.54320987654245,2.7654320987654247e-07,78.149,17,2,0,0.357735335050092,0,0,BENIGN
1776878152.424464,3,06:2d:ba:7d:d2:de,d2:9b:db:15:5b:e9,unknown,unknown,-1,-1,-1,-1,-1,54,963000000,0,0,0,534,22484,8.96414342629481,8.964143426294809e-09,376.49402390438195,3.7649402390438194e-07,54.963,17,2,0,0.35987754795780047,0,0,BENIGN
1776878152.4532638,2,c2:83:c9:db:0c:46,5a:46:d9:62:e7:8c,unknown,unknown,-1,-1,-1,-1,-1,102,977000000,0,0,0,1598,67172,8.977556109725642,8.977556109725642e-09,377.057356608477,3.77057356608477e-07,102.977,17,2,0,0.3489303289473488,0,0,BENIGN
1776878152.4815784,2,d2:9b:db:15:5b:e9,5a:46:d9:62:e7:8c,unknown,unknown,-1,-1,-1,-1,-1,99,794000000,0,0,0,1307,54950,8.478802992518723,8.478802992518723e-09,356.1097256857863,3.5610972568578634e-07,99.794,17,2,0,0.3478380345810883,0,0,BENIGN
1776878152.5130603,2,06:2d:ba:7d:d2:de,5a:46:d9:62:e7:8c,unknown,unknown,-1,-1,-1,-1,-1,96,567000000,0,0,0,1204,50624,11.970074812967608,1.1970074812967608e-08,502.74314214463953,5.027431421446395e-07,96.567,17,2,0,0.3478380345810883,0,0,BENIGN
1776878152.5442383,2,d2:9b:db:15:5b:e9,c2:83:c9:db:0c:46,unknown,unknown,-1,-1,-1,-1,-1,83,475000000,0,0,0,908,38192,8.478802992518723,8.478802992518723e-09,356.1097256857863,3.5610972568578634e-07,83.475,17,2,0,0.34783801373919426,0,0,BENIGN
1776878152.575582,2,06:2d:ba:7d:d2:de,c2:83:c9:db:0c:46,unknown,unknown,-1,-1,-1,-1,-1,80,84000000,0,0,0,852,35840,7.980049875311682,7.980049875311682e-09,335.16209476309064,3.351620947630906e-07,80.084,17,2,0,0.34124881009807895,0,0,BENIGN
1776878152.6190574,1,c2:83:c9:db:0c:46,5a:46:d9:62:e7:8c,unknown,unknown,-1,-1,-1,-1,-1,102,985000000,0,0,0,1598,67172,8.973080757726818,8.973080757726817e-09,376.86939182452636,3.7686939182452636e-07,102.985,17,2,0,0.34491905746632817,0,0,BENIGN
1776878152.6525612,1,d2:9b:db:15:5b:e9,5a:46:d9:62:e7:8c,unknown,unknown,-1,-1,-1,-1,-1,99,719000000,0,0,0,1306,54908,8.47457627118644,8.47457627118644e-09,355.9322033898305,3.559322033898305e-07,99.719,17,2,0,0.3438267631000676,0,0,BENIGN
1776878152.6803784,1,06:2d:ba:7d:d2:de,5a:46:d9:62:e7:8c,unknown,unknown,-1,-1,-1,-1,-1,96,489000000,0,0,0,1202,50540,11.96410767696909,1.1964107676969091e-08,502.49252243270183,5.024925224327018e-07,96.489,17,2,0,0.3438267422581736,0,0,BENIGN
1776878152.7082489,1,06:2d:ba:7d:d2:de,c2:83:c9:db:0c:46,unknown,unknown,-1,-1,-1,-1,-1,79,885000000,0,0,0,852,35840,7.976071784646061,7.976071784646062e-09,334.99501495513454,3.3499501495513456e-07,79.885,17,2,0,0.3438267631000676,0,0,BENIGN
1776878152.7383263,1,06:2d:ba:7d:d2:de,d2:9b:db:15:5b:e9,unknown,unknown,-1,-1,-1,-1,-1,56,736000000,0,0,0,550,23156,7.976071784646061,7.976071784646062e-09,334.99501495513454,3.3499501495513456e-07,56.736,17,2,0,0.3438267631000676,0,0,BENIGN
1776878152.7739136,3,c2:83:c9:db:0c:46,5a:46:d9:62:e7:8c,unknown,unknown,-1,-1,-1,-1,-1,102,981000000,0,0,0,1598,67172,8.977556109725706,8.977556109725705e-09,377.05735660847967,3.770573566084797e-07,102.981,17,2,0,0.35987754795780047,0,0,BENIGN
1776878152.8018515,3,d2:9b:db:15:5b:e9,5a:46:d9:62:e7:8c,unknown,unknown,-1,-1,-1,-1,-1,99,747000000,0,0,0,1306,54908,8.478802992518723,8.478802992518723e-09,356.1097256857863,3.5610972568578634e-07,99.747,17,2,0,0.3587852535915399,0,0,BENIGN
1776878152.8364315,3,06:2d:ba:7d:d2:de,5a:46:d9:62:e7:8c,unknown,unknown,-1,-1,-1,-1,-1,96,620000000,0,0,0,1201,50498,549.6567505720818,5.496567505720818e-07,23111.212814645285,2.3111212814645287e-05,96.62,17,2,0,0.33841435830146877,0,0,BENIGN
1776878152.866479,3,d2:9b:db:15:5b:e9,c2:83:c9:db:0c:46,unknown,unknown,-1,-1,-1,-1,-1,83,276000000,0,0,0,908,38192,8.478802992518723,8.478802992518723e-09,356.1097256857863,3.5610972568578634e-07,83.276,17,2,0,0.3587852327496459,0,0,BENIGN
1776878152.8961842,3,06:2d:ba:7d:d2:de,c2:83:c9:db:0c:46,unknown,unknown,-1,-1,-1,-1,-1,80,154000000,0,0,0,851,35798,7.416563658838094,7.416563658838094e-09,311.4956736712,3.114956736712e-07,80.154,17,2,0,0.3587852327496459,0,0,BENIGN
1776878152.9244332,3,06:2d:ba:7d:d2:de,d2:9b:db:15:5b:e9,unknown,unknown,-1,-1,-1,-1,-1,56,968000000,0,0,0,550,23156,7.98004987531171,7.98004987531171e-09,335.16209476309183,3.3516209476309184e-07,56.968,17,2,0,0.35987754795780047,0,0,BENIGN
1776878152.9563603,2,c2:83:c9:db:0c:46,5a:46:d9:62:e7:8c,unknown,unknown,-1,-1,-1,-1,-1,104,981000000,0,0,0,1612,67760,6.986027944111809,6.986027944111809e-09,293.413173652696,2.93413173652696e-07,104.981,17,2,0,0.3489308430310693,0,0,BENIGN
1776878152.9866915,2,d2:9b:db:15:5b:e9,5a:46:d9:62:e7:8c,unknown,unknown,-1,-1,-1,-1,-1,101,798000000,0,0,0,1325,55706,8.982035928143691,8.982035928143691e-09,377.245508982035,3.77245508982035e-07,101.798,17,2,0,0.3478380345810883,0,0,BENIGN
1776878153.0175087,2,06:2d:ba:7d:d2:de,5a:46:d9:62:e7:8c,unknown,unknown,-1,-1,-1,-1,-1,98,571000000,0,0,0,1240,52136,17.964071856287383,1.7964071856287382e-08,754.49101796407,7.5449101796407e-07,98.571,17,2,0,0.3478380345810883,0,0,BENIGN
1776878153.046702,2,d2:9b:db:15:5b:e9,c2:83:c9:db:0c:46,unknown,unknown,-1,-1,-1,-1,-1,85,479000000,0,0,0,924,38864,7.984031936127725,7.984031936127726e-09,335.3293413173644,3.353293413173644e-07,85.479,17,2,0,0.34783801373919426,0,0,BENIGN
1776878153.0766242,2,06:2d:ba:7d:d2:de,c2:83:c9:db:0c:46,unknown,unknown,-1,-1,-1,-1,-1,82,88000000,0,0,0,870,36596,8.982035928143754,8.982035928143754e-09,377.2455089820377,3.772455089820377e-07,82.088,17,2,0,0.34124881009807895,0,0,BENIGN
1776878153.109663,1,c2:83:c9:db:0c:46,5a:46:d9:62:e7:8c,unknown,unknown,-1,-1,-1,-1,-1,104,989000000,0,0,0,1612,67760,6.986027944111759,6.98602794411176e-09,293.4131736526939,2.934131736526939e-07,104.989,17,2,0,0.3449195715500487,0,0,BENIGN
1776878153.1385503,1,d2:9b:db:15:5b:e9,5a:46:d9:62:e7:8c,unknown,unknown,-1,-1,-1,-1,-1,101,723000000,0,0,0,1324,55664,8.982035928143691,8.982035928143691e-09,377.245508982035,3.77245508982035e-07,101.723,17,2,0,0.3438267631000676,0,0,BENIGN
1776878153.171069,1,06:2d:ba:7d:d2:de,5a:46:d9:62:e7:8c,unknown,unknown,-1,-1,-1,-1,-1,98,493000000,0,0,0,1238,52052,17.964071856287507,1.7964071856287508e-08,754.4910179640754,7.544910179640754e-07,98.493,17,2,0,0.3438267422581736,0,0,BENIGN
1776878153.2610288,1,06:2d:ba:7d:d2:de,c2:83:c9:db:0c:46,unknown,unknown,-1,-1,-1,-1,-1,81,889000000,0,0,0,870,36596,8.982035928143754,8.982035928143754e-09,377.2455089820377,3.772455089820377e-07,81.889,17,2,0,0.3438267631000676,0,0,BENIGN
1776878153.311373,1,06:2d:ba:7d:d2:de,d2:9b:db:15:5b:e9,unknown,unknown,-1,-1,-1,-1,-1,58,740000000,0,0,0,566,23828,7.984031936127725,7.984031936127726e-09,335.3293413173644,3.353293413173644e-07,58.74,17,2,0,0.3438267631000676,0,0,BENIGN
1776878153.3548937,3,c2:83:c9:db:0c:46,5a:46:d9:62:e7:8c,unknown,unknown,-1,-1,-1,-1,-1,104,986000000,0,0,0,1612,67760,6.982543640897722,6.9825436408977224e-09,293.26683291770433,2.932668329177043e-07,104.986,17,2,0,0.359878062041521,0,0,BENIGN
1776878153.3851452,3,d2:9b:db:15:5b:e9,5a:46:d9:62:e7:8c,unknown,unknown,-1,-1,-1,-1,-1,101,752000000,0,0,0,1324,55664,8.977556109725706,8.977556109725705e-09,377.05735660847967,3.770573566084797e-07,101.752,17,2,0,0.3587852535915399,0,0,BENIGN
1776878153.4149659,3,06:2d:ba:7d:d2:de,5a:46:d9:62:e7:8c,unknown,unknown,-1,-1,-1,-1,-1,98,625000000,0,0,0,1237,52010,566.1327231121276,5.661327231121276e-07,23803.203661327207,2.3803203661327205e-05,98.625,17,2,0,0.33841435830146877,0,0,BENIGN
1776878153.4436274,3,d2:9b:db:15:5b:e9,c2:83:c9:db:0c:46,unknown,unknown,-1,-1,-1,-1,-1,85,281000000,0,0,0,924,38864,7.980049875311682,7.980049875311682e-09,335.16209476309064,3.351620947630906e-07,85.281,17,2,0,0.3587852327496459,0,0,BENIGN
1776878153.4715252,3,06:2d:ba:7d:d2:de,c2:83:c9:db:0c:46,unknown,unknown,-1,-1,-1,-1,-1,82,159000000,0,0,0,869,36554,8.240626287597834,8.240626287597834e-09,346.10630407910907,3.4610630407910907e-07,82.159,17,2,0,0.3587852327496459,0,0,BENIGN
1776878153.499627,3,06:2d:ba:7d:d2:de,d2:9b:db:15:5b:e9,unknown,unknown,-1,-1,-1,-1,-1,58,973000000,0,0,0,566,23828,7.980049875311739,7.98004987531174e-09,335.162094763093,3.35162094763093e-07,58.973,17,2,0,0.35987754795780047,0,0,BENIGN
1776878153.5275805,2,c2:83:c9:db:0c:46,5a:46:d9:62:e7:8c,unknown,unknown,-1,-1,-1,-1,-1,106,995000000,0,0,0,1628,68432,7.944389275074439,7.944389275074439e-09,333.66434955312644,3.336643495531264e-07,106.995,17,2,0,0.3489303289473488,0,0,BENIGN
1776878153.5555499,2,d2:9b:db:15:5b:e9,5a:46:d9:62:e7:8c,unknown,unknown,-1,-1,-1,-1,-1,103,812000000,0,0,0,1338,56252,6.454816285998027,6.4548162859980275e-09,271.10228401191716,2.711022840119172e-07,103.812,17,2,0,0.3478385486648088,0,0,BENIGN
1776878153.5825534,2,06:2d:ba:7d:d2:de,5a:46:d9:62:e7:8c,unknown,unknown,-1,-1,-1,-1,-1,100,585000000,0,0,0,1288,54152,23.833167825223487,2.3833167825223486e-08,1000.9930486593864,1.0009930486593864e-06,100.585,17,2,0,0.3478380345810883,0,0,BENIGN
1776878153.6170442,2,d2:9b:db:15:5b:e9,c2:83:c9:db:0c:46,unknown,unknown,-1,-1,-1,-1,-1,87,493000000,0,0,0,939,39494,7.44786494538234,7.447864945382339e-09,312.8103277060583,3.1281032770605826e-07,87.493,17,2,0,0.34783801373919426,0,0,BENIGN
1776878153.6506274,2,06:2d:ba:7d:d2:de,c2:83:c9:db:0c:46,unknown,unknown,-1,-1,-1,-1,-1,84,102000000,0,0,0,888,37352,8.937437934458744,8.937437934458744e-09,375.37239324726727,3.753723932472673e-07,84.102,17,2,0,0.34124881009807895,0,0,BENIGN
1776878153.6832783,1,c2:83:c9:db:0c:46,5a:46:d9:62:e7:8c,unknown,unknown,-1,-1,-1,-1,-1,107,2000000,0,0,0,1628,68432,7.948335817188312,7.948335817188312e-09,333.8301043219091,3.3383010432190913e-07,107.002,17,2,0,0.33785745945928997,0,0,BENIGN
1776878153.7181463,1,d2:9b:db:15:5b:e9,5a:46:d9:62:e7:8c,unknown,unknown,-1,-1,-1,-1,-1,103,736000000,0,0,0,1337,56210,6.458022851465458,6.458022851465458e-09,271.2369597615492,2.712369597615492e-07,103.736,17,2,0,0.3438272771837881,0,0,BENIGN
1776878153.7471757,1,06:2d:ba:7d:d2:de,5a:46:d9:62:e7:8c,unknown,unknown,-1,-1,-1,-1,-1,100,506000000,0,0,0,1286,54068,23.845007451564765,2.3845007451564764e-08,1001.4903129657202,1.0014903129657203e-06,100.506,17,2,0,0.3438267422581736,0,0,BENIGN
1776878153.7768028,1,06:2d:ba:7d:d2:de,c2:83:c9:db:0c:46,unknown,unknown,-1,-1,-1,-1,-1,83,902000000,0,0,0,888,37352,8.941877794336788,8.941877794336788e-09,375.55886736214507,3.7555886736214505e-07,83.902,17,2,0,0.3438267631000676,0,0,BENIGN
1776878153.8039207,1,06:2d:ba:7d:d2:de,d2:9b:db:15:5b:e9,unknown,unknown,-1,-1,-1,-1,-1,60,753000000,0,0,0,582,24500,7.948335817188283,7.948335817188283e-09,333.8301043219079,3.338301043219079e-07,60.753,17,2,0,0.3438267631000676,0,0,BENIGN
1776878153.8346937,3,c2:83:c9:db:0c:46,5a:46:d9:62:e7:8c,unknown,unknown,-1,-1,-1,-1,-1,106,999000000,0,0,0,1628,68432,7.948335817188312,7.948335817188312e-09,333.8301043219091,3.3383010432190913e-07,106.999,17,2,0,0.35987754795780047,0,0,BENIGN
1776878153.8618777,3,d2:9b:db:15:5b:e9,5a:46:d9:62:e7:8c,unknown,unknown,-1,-1,-1,-1,-1,103,765000000,0,0,0,1337,56210,6.458022851465458,6.458022851465458e-09,271.2369597615492,2.712369597615492e-07,103.765,17,2,0,0.35878576767526044,0,0,BENIGN
1776878153.8895857,3,06:2d:ba:7d:d2:de,5a:46:d9:62:e7:8c,unknown,unknown,-1,-1,-1,-1,-1,100,638000000,0,0,0,1285,54026,585.955312357498,5.85955312357498e-07,24635.65891472855,2.463565891472855e-05,100.638,17,2,0,0.33841435830146877,0,0,BENIGN
1776878153.918514,3,d2:9b:db:15:5b:e9,c2:83:c9:db:0c:46,unknown,unknown,-1,-1,-1,-1,-1,87,294000000,0,0,0,939,39494,7.451564828614043,7.451564828614043e-09,312.96572280178975,3.1296572280178976e-07,87.294,17,2,0,0.3587852327496459,0,0,BENIGN
1776878153.951578,3,06:2d:ba:7d:d2:de,c2:83:c9:db:0c:46,unknown,unknown,-1,-1,-1,-1,-1,84,172000000,0,0,0,887,37310,8.213552361396296,8.213552361396296e-09,344.96919917864443,3.4496919917864444e-07,84.172,17,2,0,0.3587852327496459,0,0,BENIGN
1776878153.9793727,3,06:2d:ba:7d:d2:de,d2:9b:db:15:5b:e9,unknown,unknown,-1,-1,-1,-1,-1,60,986000000,0,0,0,582,24500,7.948335817188283,7.948335817188283e-09,333.8301043219079,3.338301043219079e-07,60.986,17,2,0,0.35987754795780047,0,0,BENIGN
1776878154.009891,2,c2:83:c9:db:0c:46,5a:46:d9:62:e7:8c,unknown,unknown,-1,-1,-1,-1,-1,108,998000000,0,0,0,1652,69440,11.982026959560658,1.1982026959560658e-08,503.24513230154764,5.032451323015477e-07,108.998,17,2,0,0.3489303289473488,0,0,BENIGN
1776878154.0438058,2,d2:9b:db:15:5b:e9,5a:46:d9:62:e7:8c,unknown,unknown,-1,-1,-1,-1,-1,105,815000000,0,0,0,1361,57218,11.482775836245631,1.148277583624563e-08,482.2765851223165,4.822765851223164e-07,105.815,17,2,0,0.3478380345810883,0,0,BENIGN
1776878154.0714808,2,06:2d:ba:7d:d2:de,5a:46:d9:62:e7:8c,unknown,unknown,-1,-1,-1,-1,-1,102,588000000,0,0,0,1358,57092,34.94757863205192,3.494757863205192e-08,1467.7983025461806,1.4677983025461805e-06,102.588,17,2,0,0.3478380345810883,0,0,BENIGN
1776878154.1047897,2,d2:9b:db:15:5b:e9,c2:83:c9:db:0c:46,unknown,unknown,-1,-1,-1,-1,-1,89,496000000,0,0,0,961,40418,10.983524712930603,1.0983524712930603e-08,461.30803794308537,4.613080379430854e-07,89.496,17,2,0,0.34783801373919426,0,0,BENIGN
1776878154.1339238,2,06:2d:ba:7d:d2:de,c2:83:c9:db:0c:46,unknown,unknown,-1,-1,-1,-1,-1,86,105000000,0,0,0,906,38108,8.986520219670494,8.986520219670495e-09,377.43384922616076,3.7743384922616076e-07,86.105,17,2,0,0.34124881009807895,0,0,BENIGN
1776878154.1676772,1,c2:83:c9:db:0c:46,5a:46:d9:62:e7:8c,unknown,unknown,-1,-1,-1,-1,-1,109,6000000,0,0,0,1652,69440,11.976047904191587,1.1976047904191587e-08,502.9940119760467,5.029940119760467e-07,109.006,17,2,0,0.33785745945928997,0,0,BENIGN
1776878154.1971893,1,d2:9b:db:15:5b:e9,5a:46:d9:62:e7:8c,unknown,unknown,-1,-1,-1,-1,-1,105,740000000,0,0,0,1360,57176,11.477045908183687,1.1477045908183687e-08,482.03592814371484,4.820359281437148e-07,105.74,17,2,0,0.3438267631000676,0,0,BENIGN
1776878154.2308817,1,06:2d:ba:7d:d2:de,5a:46:d9:62:e7:8c,unknown,unknown,-1,-1,-1,-1,-1,102,510000000,0,0,0,1356,57008,34.9301397205588,3.49301397205588e-08,1467.0658682634694,1.4670658682634693e-06,102.51,17,2,0,0.3438267422581736,0,0,BENIGN
1776878154.2641597,1,06:2d:ba:7d:d2:de,c2:83:c9:db:0c:46,unknown,unknown,-1,-1,-1,-1,-1,85,906000000,0,0,0,906,38108,8.982035928143691,8.982035928143691e-09,377.245508982035,3.77245508982035e-07,85.906,17,2,0,0.34491905746632817,0,0,BENIGN
1776878154.2964103,1,06:2d:ba:7d:d2:de,d2:9b:db:15:5b:e9,unknown,unknown,-1,-1,-1,-1,-1,62,757000000,0,0,0,604,25424,10.97804391217566,1.097804391217566e-08,461.07784431137776,4.6107784431137774e-07,62.757,17,2,0,0.3438267631000676,0,0,BENIGN
1776878154.3256955,3,c2:83:c9:db:0c:46,5a:46:d9:62:e7:8c,unknown,unknown,-1,-1,-1,-1,-1,109,2000000,0,0,0,1652,69440,11.982026959560658,1.1982026959560658e-08,503.24513230154764,5.032451323015477e-07,109.002,17,2,0,0.34962133281839025,0,0,BENIGN
1776878154.3584087,3,d2:9b:db:15:5b:e9,5a:46:d9:62:e7:8c,unknown,unknown,-1,-1,-1,-1,-1,105,768000000,0,0,0,1360,57176,11.482775836245631,1.148277583624563e-08,482.2765851223165,4.822765851223164e-07,105.768,17,2,0,0.3587852535915399,0,0,BENIGN
1776878154.3855124,3,06:2d:ba:7d:d2:de,5a:46:d9:62:e7:8c,unknown,unknown,-1,-1,-1,-1,-1,102,641000000,0,0,0,1355,56966,620.7054512139238,6.207054512139238e-07,26095.281722400283,2.6095281722400284e-05,102.641,17,2,0,0.33841435830146877,0,0,BENIGN
1776878154.4170928,3,d2:9b:db:15:5b:e9,c2:83:c9:db:0c:46,unknown,unknown,-1,-1,-1,-1,-1,89,297000000,0,0,0,961,40418,10.983524712930603,1.0983524712930603e-08,461.30803794308537,4.613080379430854e-07,89.297,17,2,0,0.3587852327496459,0,0,BENIGN
1776878154.4442463,3,06:2d:ba:7d:d2:de,c2:83:c9:db:0c:46,unknown,unknown,-1,-1,-1,-1,-1,86,175000000,0,0,0,905,38066,8.247422680412381,8.247422680412381e-09,346.39175257732,3.4639175257732e-07,86.175,17,2,0,0.3587852327496459,0,0,BENIGN
1776878154.472248,3,06:2d:ba:7d:d2:de,d2:9b:db:15:5b:e9,unknown,unknown,-1,-1,-1,-1,-1,62,989000000,0,0,0,604,25424,10.983524712930603,1.0983524712930603e-08,461.30803794308537,4.613080379430854e-07,62.989,17,2,0,0.35987754795780047,0,0,BENIGN
1776878154.500028,2,c2:83:c9:db:0c:46,5a:46:d9:62:e7:8c,unknown,unknown,-1,-1,-1,-1,-1,111,12000000,0,0,0,1670,70196,8.937437934458806,8.937437934458806e-09,375.3723932472699,3.753723932472699e-07,111.012,17,2,0,0.34124881009807895,0,0,BENIGN
1776878154.529743,2,d2:9b:db:15:5b:e9,5a:46:d9:62:e7:8c,unknown,unknown,-1,-1,-1,-1,-1,107,829000000,0,0,0,1380,58016,9.433962264150964,9.433962264150963e-09,396.22641509434044,3.962264150943404e-07,107.829,17,2,0,0.3478380345810883,0,0,BENIGN
1776878154.5632353,2,06:2d:ba:7d:d2:de,5a:46:d9:62:e7:8c,unknown,unknown,-1,-1,-1,-1,-1,104,602000000,0,0,0,1438,60452,39.7219463753722,3.97219463753722e-08,1668.3217477656322,1.6683217477656322e-06,104.602,17,2,0,0.3478380345810883,0,0,BENIGN
1776878154.5923102,2,d2:9b:db:15:5b:e9,c2:83:c9:db:0c:46,unknown,unknown,-1,-1,-1,-1,-1,91,510000000,0,0,0,981,41258,9.93048659384305,9.93048659384305e-09,417.08043694140804,4.1708043694140805e-07,91.51,17,2,0,0.34783801373919426,0,0,BENIGN
1776878154.6254733,2,06:2d:ba:7d:d2:de,c2:83:c9:db:0c:46,unknown,unknown,-1,-1,-1,-1,-1,88,119000000,0,0,0,926,38948,9.930486593843119,9.93048659384312e-09,417.080436941411,4.17080436941411e-07,88.119,17,2,0,0.34124881009807895,0,0,BENIGN
1776878154.6778138,1,c2:83:c9:db:0c:46,5a:46:d9:62:e7:8c,unknown,unknown,-1,-1,-1,-1,-1,111,20000000,0,0,0,1670,70196,8.937437934458806,8.937437934458806e-09,375.3723932472699,3.753723932472699e-07,111.02,17,2,0,0.33785745945928997,0,0,BENIGN
1776878154.7275968,1,d2:9b:db:15:5b:e9,5a:46:d9:62:e7:8c,unknown,unknown,-1,-1,-1,-1,-1,107,754000000,0,0,0,1379,57974,9.433962264150896,9.433962264150895e-09,396.22641509433765,3.9622641509433767e-07,107.754,17,2,0,0.3438267631000676,0,0,BENIGN
1776878154.7735643,1,06:2d:ba:7d:d2:de,5a:46:d9:62:e7:8c,unknown,unknown,-1,-1,-1,-1,-1,104,524000000,0,0,0,1436,60368,39.721946375372475,3.972194637537248e-08,1668.321747765644,1.668321747765644e-06,104.524,17,2,0,0.3438267422581736,0,0,BENIGN
1776878154.805155,1,06:2d:ba:7d:d2:de,c2:83:c9:db:0c:46,unknown,unknown,-1,-1,-1,-1,-1,87,920000000,0,0,0,926,38948,9.930486593843119,9.93048659384312e-09,417.080436941411,4.17080436941411e-07,87.92,17,2,0,0.34491905746632817,0,0,BENIGN
1776878154.8323255,1,06:2d:ba:7d:d2:de,d2:9b:db:15:5b:e9,unknown,unknown,-1,-1,-1,-1,-1,64,771000000,0,0,0,624,26264,9.930486593843083,9.930486593843083e-09,417.0804369414095,4.1708043694140954e-07,64.771,17,2,0,0.3438267631000676,0,0,BENIGN
1776878154.8609562,3,c2:83:c9:db:0c:46,5a:46:d9:62:e7:8c,unknown,unknown,-1,-1,-1,-1,-1,111,17000000,0,0,0,1670,70196,8.933002481389575,8.933002481389575e-09,375.1861042183622,3.751861042183622e-07,111.017,17,2,0,0.34962133281839025,0,0,BENIGN
1776878154.890406,3,d2:9b:db:15:5b:e9,5a:46:d9:62:e7:8c,unknown,unknown,-1,-1,-1,-1,-1,107,783000000,0,0,0,1379,57974,9.42928039702233,9.42928039702233e-09,396.02977667493786,3.960297766749379e-07,107.783,17,2,0,0.3587852535915399,0,0,BENIGN
1776878154.9193313,3,06:2d:ba:7d:d2:de,5a:46:d9:62:e7:8c,unknown,unknown,-1,-1,-1,-1,-1,104,656000000,0,0,0,1435,60326,653.7585421412278,6.537585421412279e-07,27483.371298405375,2.7483371298405373e-05,104.656,17,2,0,0.33419366493544167,0,0,BENIGN
1776878154.9487078,3,d2:9b:db:15:5b:e9,c2:83:c9:db:0c:46,unknown,unknown,-1,-1,-1,-1,-1,91,312000000,0,0,0,981,41258,9.925558312655085,9.925558312655085e-09,416.87344913151355,4.1687344913151353e-07,91.312,17,2,0,0.3587852327496459,0,0,BENIGN
1776878154.9776216,3,06:2d:ba:7d:d2:de,c2:83:c9:db:0c:46,unknown,unknown,-1,-1,-1,-1,-1,88,190000000,0,0,0,925,38906,9.027492819039812,9.027492819039812e-09,379.1546983996721,3.791546983996721e-07,88.19,17,2,0,0.3587852327496459,0,0,BENIGN
1776878155.0111217,3,06:2d:ba:7d:d2:de,d2:9b:db:15:5b:e9,unknown,unknown,-1,-1,-1,-1,-1,65,4000000,0,0,0,624,26264,9.925558312655049,9.925558312655048e-09,416.8734491315121,4.168734491315121e-07,65.004,17,2,0,0.34962133281839025,0,0,BENIGN
1776878155.0401683,2,c2:83:c9:db:0c:46,5a:46:d9:62:e7:8c,unknown,unknown,-1,-1,-1,-1,-1,113,27000000,0,0,0,1685,70826,7.444168734491313,7.4441687344913135e-09,312.65508684863516,3.1265508684863517e-07,113.027,17,2,0,0.34124881009807895,0,0,BENIGN
1776878155.071151,2,d2:9b:db:15:5b:e9,5a:46:d9:62:e7:8c,unknown,unknown,-1,-1,-1,-1,-1,109,844000000,0,0,0,1397,58730,8.43672456575682,8.436724565756822e-09,354.3424317617865,3.543424317617865e-07,109.844,17,2,0,0.3478380345810883,0,0,BENIGN
1776878155.1030455,2,06:2d:ba:7d:d2:de,5a:46:d9:62:e7:8c,unknown,unknown,-1,-1,-1,-1,-1,106,617000000,0,0,0,1501,63098,31.265508684863516,3.126550868486352e-08,1313.1513647642676,1.3131513647642676e-06,106.617,17,2,0,0.3478380345810883,0,0,BENIGN
1776878155.1452174,2,d2:9b:db:15:5b:e9,c2:83:c9:db:0c:46,unknown,unknown,-1,-1,-1,-1,-1,93,525000000,0,0,0,996,41888,7.444168734491313,7.4441687344913135e-09,312.65508684863516,3.1265508684863517e-07,93.525,17,2,0,0.34783801373919426,0,0,BENIGN
1776878155.1811638,2,06:2d:ba:7d:d2:de,c2:83:c9:db:0c:46,unknown,unknown,-1,-1,-1,-1,-1,90,134000000,0,0,0,942,39620,7.940446650124067,7.940446650124067e-09,333.4987593052108,3.334987593052108e-07,90.134,17,2,0,0.34124881009807895,0,0,BENIGN
1776878155.225764,1,c2:83:c9:db:0c:46,5a:46:d9:62:e7:8c,unknown,unknown,-1,-1,-1,-1,-1,113,36000000,0,0,0,1685,70826,7.440476190476171,7.440476190476171e-09,312.49999999999915,3.124999999999991e-07,113.036,17,2,0,0.33785745945928997,0,0,BENIGN
1776878155.2640743,1,d2:9b:db:15:5b:e9,5a:46:d9:62:e7:8c,unknown,unknown,-1,-1,-1,-1,-1,109,770000000,0,0,0,1396,58688,8.43253968253972,8.432539682539718e-09,354.1666666666682,3.541666666666682e-07,109.77,17,2,0,0.3438267631000676,0,0,BENIGN
1776878155.2938468,1,06:2d:ba:7d:d2:de,5a:46:d9:62:e7:8c,unknown,unknown,-1,-1,-1,-1,-1,106,540000000,0,0,0,1496,62888,29.761904761904685,2.9761904761904685e-08,1249.9999999999966,1.2499999999999965e-06,106.54,17,2,0,0.3438267422581736,0,0,BENIGN
1776878155.3302712,1,06:2d:ba:7d:d2:de,c2:83:c9:db:0c:46,unknown,unknown,-1,-1,-1,-1,-1,89,936000000,0,0,0,942,39620,7.936507936507915,7.936507936507915e-09,333.33333333333246,3.3333333333333245e-07,89.936,17,2,0,0.34491905746632817,0,0,BENIGN
1776878155.3958786,1,06:2d:ba:7d:d2:de,d2:9b:db:15:5b:e9,unknown,unknown,-1,-1,-1,-1,-1,66,787000000,0,0,0,639,26894,7.440476190476171,7.440476190476171e-09,312.49999999999915,3.124999999999991e-07,66.787,17,2,0,0.3438267631000676,0,0,BENIGN
1776878155.450208,3,c2:83:c9:db:0c:46,5a:46:d9:62:e7:8c,unknown,unknown,-1,-1,-1,-1,-1,113,32000000,0,0,0,1685,70826,7.444168734491313,7.4441687344913135e-09,312.65508684863516,3.1265508684863517e-07,113.032,17,2,0,0.34962133281839025,0,0,BENIGN
1776878155.4968746,3,d2:9b:db:15:5b:e9,5a:46:d9:62:e7:8c,unknown,unknown,-1,-1,-1,-1,-1,109,798000000,0,0,0,1396,58688,8.43672456575682,8.436724565756822e-09,354.3424317617865,3.543424317617865e-07,109.798,17,2,0,0.3587852535915399,0,0,BENIGN
1776878155.5293653,3,06:2d:ba:7d:d2:de,5a:46:d9:62:e7:8c,unknown,unknown,-1,-1,-1,-1,-1,106,671000000,0,0,0,1498,62972,682.4601366742573,6.824601366742573e-07,28688.838268792613,2.8688838268792614e-05,106.671,17,2,0,0.33419366493544167,0,0,BENIGN
1776878155.5573692,3,d2:9b:db:15:5b:e9,c2:83:c9:db:0c:46,unknown,unknown,-1,-1,-1,-1,-1,93,327000000,0,0,0,996,41888,7.444168734491313,7.4441687344913135e-09,312.65508684863516,3.1265508684863517e-07,93.327,17,2,0,0.3587852327496459,0,0,BENIGN
1776878155.586713,3,06:2d:ba:7d:d2:de,c2:83:c9:db:0c:46,unknown,unknown,-1,-1,-1,-1,-1,90,205000000,0,0,0,941,39578,7.386130488305301,7.386130488305301e-09,310.21748050882263,3.1021748050882264e-07,90.205,17,2,0,0.3587852327496459,0,0,BENIGN
1776878155.6195855,3,06:2d:ba:7d:d2:de,d2:9b:db:15:5b:e9,unknown,unknown,-1,-1,-1,-1,-1,67,19000000,0,0,0,639,26894,7.444168734491313,7.4441687344913135e-09,312.65508684863516,3.1265508684863517e-07,67.019,17,2,0,0.34962133281839025,0,0,BENIGN
1776878155.6454475,2,c2:83:c9:db:0c:46,5a:46:d9:62:e7:8c,unknown,unknown,-1,-1,-1,-1,-1,115,34000000,0,0,0,1700,71456,7.473841554559025,7.473841554559025e-09,313.90134529147906,3.1390134529147905e-07,115.034,17,2,0,0.34124881009807895,0,0,BENIGN
1776878155.6781192,2,d2:9b:db:15:5b:e9,5a:46:d9:62:e7:8c,unknown,unknown,-1,-1,-1,-1,-1,111,851000000,0,0,0,1410,59276,6.477329347284488,6.477329347284488e-09,272.0478325859485,2.720478325859485e-07,111.851,17,2,0,0.3478385486648088,0,0,BENIGN
1776878155.71249,2,06:2d:ba:7d:d2:de,5a:46:d9:62:e7:8c,unknown,unknown,-1,-1,-1,-1,-1,108,624000000,0,0,0,1555,65366,26.90582959641268,2.690582959641268e-08,1130.0448430493325,1.1300448430493324e-06,108.624,17,2,0,0.3478380345810883,0,0,BENIGN
1776878155.7444754,2,d2:9b:db:15:5b:e9,c2:83:c9:db:0c:46,unknown,unknown,-1,-1,-1,-1,-1,95,532000000,0,0,0,1011,42518,7.473841554559078,7.473841554559078e-09,313.9013452914813,3.139013452914813e-07,95.532,17,2,0,0.34783801373919426,0,0,BENIGN
1776878155.77566,2,06:2d:ba:7d:d2:de,c2:83:c9:db:0c:46,unknown,unknown,-1,-1,-1,-1,-1,92,141000000,0,0,0,956,40208,6.9755854509217565,6.975585450921756e-09,292.9745889387138,2.929745889387138e-07,92.141,17,2,0,0.34124932418179943,0,0,BENIGN
1776878155.8061898,1,c2:83:c9:db:0c:46,5a:46:d9:62:e7:8c,unknown,unknown,-1,-1,-1,-1,-1,115,42000000,0,0,0,1700,71456,7.477567298105682,7.477567298105682e-09,314.05782652043865,3.1405782652043864e-07,115.042,17,2,0,0.33785745945928997,0,0,BENIGN
1776878155.8337104,1,d2:9b:db:15:5b:e9,5a:46:d9:62:e7:8c,unknown,unknown,-1,-1,-1,-1,-1,111,776000000,0,0,0,1409,59234,6.480558325024925,6.480558325024924e-09,272.1834496510468,2.7218344965104684e-07,111.776,17,2,0,0.3438272771837881,0,0,BENIGN
1776878155.8691733,1,06:2d:ba:7d:d2:de,5a:46:d9:62:e7:8c,unknown,unknown,-1,-1,-1,-1,-1,108,546000000,0,0,0,1551,65198,27.417746759720835,2.7417746759720834e-08,1151.545363908275,1.151545363908275e-06,108.546,17,2,0,0.3438267422581736,0,0,BENIGN
1776878155.9015968,1,06:2d:ba:7d:d2:de,c2:83:c9:db:0c:46,unknown,unknown,-1,-1,-1,-1,-1,91,942000000,0,0,0,955,40166,6.480558325024971,6.480558325024971e-09,272.18344965104876,2.7218344965104875e-07,91.942,17,2,0,0.3449195715500487,0,0,BENIGN
1776878155.9309568,1,06:2d:ba:7d:d2:de,d2:9b:db:15:5b:e9,unknown,unknown,-1,-1,-1,-1,-1,68,793000000,0,0,0,654,27524,7.477567298105682,7.477567298105682e-09,314.05782652043865,3.1405782652043864e-07,68.793,17,2,0,0.3438267631000676,0,0,BENIGN
1776878155.9622808,3,c2:83:c9:db:0c:46,5a:46:d9:62:e7:8c,unknown,unknown,-1,-1,-1,-1,-1,115,39000000,0,0,0,1700,71456,7.473841554559025,7.473841554559025e-09,313.90134529147906,3.1390134529147905e-07,115.039,17,2,0,0.34962133281839025,0,0,BENIGN
1776878155.9914227,3,d2:9b:db:15:5b:e9,5a:46:d9:62:e7:8c,unknown,unknown,-1,-1,-1,-1,-1,111,805000000,0,0,0,1409,59234,6.477329347284488,6.477329347284488e-09,272.0478325859485,2.720478325859485e-07,111.805,17,2,0,0.35878576767526044,0,0,BENIGN
1776878156.0241978,3,06:2d:ba:7d:d2:de,5a:46:d9:62:e7:8c,unknown,unknown,-1,-1,-1,-1,-1,108,678000000,0,0,0,1552,65240,709.6479195244635,7.096479195244636e-07,29830.818472793813,2.9830818472793813e-05,108.678,17,2,0,0.33419366493544167,0,0,BENIGN
1776878156.0524592,3,d2:9b:db:15:5b:e9,c2:83:c9:db:0c:46,unknown,unknown,-1,-1,-1,-1,-1,95,334000000,0,0,0,1011,42518,7.473841554559025,7.473841554559025e-09,313.90134529147906,3.1390134529147905e-07,95.334,17,2,0,0.3587852327496459,0,0,BENIGN
1776878156.1232316,3,06:2d:ba:7d:d2:de,c2:83:c9:db:0c:46,unknown,unknown,-1,-1,-1,-1,-1,92,212000000,0,0,0,955,40166,6.587072869493613,6.5870728694936135e-09,276.6570605187318,2.766570605187318e-07,92.212,17,2,0,0.35878574683336645,0,0,BENIGN
1776878156.1541317,3,06:2d:ba:7d:d2:de,d2:9b:db:15:5b:e9,unknown,unknown,-1,-1,-1,-1,-1,69,26000000,0,0,0,654,27524,7.473841554559078,7.473841554559078e-09,313.9013452914813,3.139013452914813e-07,69.026,17,2,0,0.34962133281839025,0,0,BENIGN
1776878156.1897328,2,c2:83:c9:db:0c:46,5a:46:d9:62:e7:8c,unknown,unknown,-1,-1,-1,-1,-1,117,47000000,0,0,0,1712,71960,5.961251862891234,5.961251862891234e-09,250.37257824143182,2.5037257824143183e-07,117.047,17,2,0,0.34124932418179943,0,0,BENIGN
1776878156.2185147,2,d2:9b:db:15:5b:e9,5a:46:d9:62:e7:8c,unknown,unknown,-1,-1,-1,-1,-1,113,864000000,0,0,0,1423,59822,6.458022851465458,6.458022851465458e-09,271.2369597615492,2.712369597615492e-07,113.864,17,2,0,0.3478385486648088,0,0,BENIGN
1776878156.246666,2,06:2d:ba:7d:d2:de,5a:46:d9:62:e7:8c,unknown,unknown,-1,-1,-1,-1,-1,110,637000000,0,0,0,1612,67760,28.31594634873316,2.831594634873316e-08,1189.2697466467928,1.1892697466467928e-06,110.637,17,2,0,0.3478380345810883,0,0,BENIGN
1776878156.2736,2,d2:9b:db:15:5b:e9,c2:83:c9:db:0c:46,unknown,unknown,-1,-1,-1,-1,-1,97,545000000,0,0,0,1023,43022,5.961251862891191,5.961251862891191e-09,250.37257824143006,2.503725782414301e-07,97.545,17,2,0,0.34783852782291474,0,0,BENIGN
1776878156.3061728,2,06:2d:ba:7d:d2:de,c2:83:c9:db:0c:46,unknown,unknown,-1,-1,-1,-1,-1,94,154000000,0,0,0,972,40880,7.948335817188312,7.948335817188312e-09,333.8301043219091,3.3383010432190913e-07,94.154,17,2,0,0.34783801373919426,0,0,BENIGN
1776878156.3342757,1,c2:83:c9:db:0c:46,5a:46:d9:62:e7:8c,unknown,unknown,-1,-1,-1,-1,-1,117,55000000,0,0,0,1712,71960,5.961251862891191,5.961251862891191e-09,250.37257824143006,2.503725782414301e-07,117.055,17,2,0,0.33785797354301045,0,0,BENIGN
1776878156.3651183,1,d2:9b:db:15:5b:e9,5a:46:d9:62:e7:8c,unknown,unknown,-1,-1,-1,-1,-1,113,789000000,0,0,0,1422,59780,6.458022851465458,6.458022851465458e-09,271.2369597615492,2.712369597615492e-07,113.789,17,2,0,0.3438272771837881,0,0,BENIGN
1776878156.3945966,1,06:2d:ba:7d:d2:de,5a:46:d9:62:e7:8c,unknown,unknown,-1,-1,-1,-1,-1,110,559000000,0,0,0,1610,67676,29.3094883258819,2.9309488325881902e-08,1230.9985096870398,1.2309985096870398e-06,110.559,17,2,0,0.3438267631000676,0,0,BENIGN
1776878156.4265542,1,06:2d:ba:7d:d2:de,c2:83:c9:db:0c:46,unknown,unknown,-1,-1,-1,-1,-1,93,955000000,0,0,0,972,40880,8.44510680576252,8.44510680576252e-09,354.6944858420259,3.5469448584202595e-07,93.955,17,2,0,0.34491905746632817,0,0,BENIGN
1776878156.4554665,1,06:2d:ba:7d:d2:de,d2:9b:db:15:5b:e9,unknown,unknown,-1,-1,-1,-1,-1,70,806000000,0,0,0,666,28028,5.961251862891234,5.961251862891234e-09,250.37257824143182,2.5037257824143183e-07,70.806,17,2,0,0.3438272771837881,0,0,BENIGN
1776878156.4864073,3,c2:83:c9:db:0c:46,5a:46:d9:62:e7:8c,unknown,unknown,-1,-1,-1,-1,-1,117,51000000,0,0,0,1712,71960,5.964214711729621,5.9642147117296215e-09,250.49701789264407,2.504970178926441e-07,117.051,17,2,0,0.34962184690211073,0,0,BENIGN
1776878156.5176864,3,d2:9b:db:15:5b:e9,5a:46:d9:62:e7:8c,unknown,unknown,-1,-1,-1,-1,-1,113,817000000,0,0,0,1422,59780,6.4612326043738015,6.4612326043738015e-09,271.37176938369964,2.7137176938369966e-07,113.817,17,2,0,0.35878576767526044,0,0,BENIGN
1776878156.5462875,3,06:2d:ba:7d:d2:de,5a:46:d9:62:e7:8c,unknown,unknown,-1,-1,-1,-1,-1,110,690000000,0,0,0,1609,67634,734.0328467153308,7.340328467153309e-07,30854.927007299368,3.0854927007299366e-05,110.69,17,2,0,0.33419366493544167,0,0,BENIGN
1776878156.581202,3,d2:9b:db:15:5b:e9,c2:83:c9:db:0c:46,unknown,unknown,-1,-1,-1,-1,-1,97,346000000,0,0,0,1023,43022,5.964214711729621,5.9642147117296215e-09,250.49701789264407,2.504970178926441e-07,97.346,17,2,0,0.35878574683336645,0,0,BENIGN
1776878156.6095843,3,06:2d:ba:7d:d2:de,c2:83:c9:db:0c:46,unknown,unknown,-1,-1,-1,-1,-1,94,224000000,0,0,0,971,40838,7.806080525883328,7.806080525883328e-09,327.85538208709977,3.2785538208709977e-07,94.224,17,2,0,0.3587852327496459,0,0,BENIGN
1776878156.6372378,3,06:2d:ba:7d:d2:de,d2:9b:db:15:5b:e9,unknown,unknown,-1,-1,-1,-1,-1,71,38000000,0,0,0,666,28028,5.964214711729621,5.9642147117296215e-09,250.49701789264407,2.504970178926441e-07,71.038,17,2,0,0.34962184690211073,0,0,BENIGN
1776878156.666964,2,c2:83:c9:db:0c:46,5a:46:d9:62:e7:8c,unknown,unknown,-1,-1,-1,-1,-1,119,49000000,0,0,0,1730,72716,8.991008991008949,8.99100899100895e-09,377.62237762237584,3.7762237762237584e-07,119.049,17,2,0,0.34124881009807895,0,0,BENIGN
1776878156.6951761,2,d2:9b:db:15:5b:e9,5a:46:d9:62:e7:8c,unknown,unknown,-1,-1,-1,-1,-1,115,866000000,0,0,0,1440,60536,8.491508491508512,8.491508491508511e-09,356.6433566433575,3.566433566433575e-07,115.866,17,2,0,0.3478380345810883,0,0,BENIGN
1776878156.7237957,2,06:2d:ba:7d:d2:de,5a:46:d9:62:e7:8c,unknown,unknown,-1,-1,-1,-1,-1,112,639000000,0,0,0,1670,70196,28.97102897102904,2.897102897102904e-08,1216.7832167832196,1.2167832167832196e-06,112.639,17,2,0,0.3478380345810883,0,0,BENIGN
1776878156.7522616,2,d2:9b:db:15:5b:e9,c2:83:c9:db:0c:46,unknown,unknown,-1,-1,-1,-1,-1,99,547000000,0,0,0,1040,43736,8.491508491508512,8.491508491508511e-09,356.6433566433575,3.566433566433575e-07,99.547,17,2,0,0.34783801373919426,0,0,BENIGN
1776878156.780449,2,06:2d:ba:7d:d2:de,c2:83:c9:db:0c:46,unknown,unknown,-1,-1,-1,-1,-1,96,156000000,0,0,0,984,41384,5.994005994005965,5.994005994005965e-09,251.74825174825054,2.5174825174825056e-07,96.156,17,2,0,0.34783852782291474,0,0,BENIGN
1776878156.8340802,1,c2:83:c9:db:0c:46,5a:46:d9:62:e7:8c,unknown,unknown,-1,-1,-1,-1,-1,119,57000000,0,0,0,1730,72716,8.991008991009013,8.991008991009012e-09,377.6223776223785,3.776223776223785e-07,119.057,17,2,0,0.33785745945928997,0,0,BENIGN
1776878156.8849206,1,d2:9b:db:15:5b:e9,5a:46:d9:62:e7:8c,unknown,unknown,-1,-1,-1,-1,-1,115,791000000,0,0,0,1438,60452,7.992007992008011,7.992007992008011e-09,335.6643356643364,3.3566433566433644e-07,115.791,17,2,0,0.3438267631000676,0,0,BENIGN
1776878156.9151893,1,06:2d:ba:7d:d2:de,5a:46:d9:62:e7:8c,unknown,unknown,-1,-1,-1,-1,-1,112,561000000,0,0,0,1668,70112,28.971028971028833,2.8971028971028834e-08,1216.783216783211,1.216783216783211e-06,112.561,17,2,0,0.3438267631000676,0,0,BENIGN
1776878156.9480112,1,06:2d:ba:7d:d2:de,c2:83:c9:db:0c:46,unknown,unknown,-1,-1,-1,-1,-1,95,957000000,0,0,0,984,41384,5.994005994006008,5.994005994006008e-09,251.74825174825233,2.517482517482523e-07,95.957,17,2,0,0.3449195715500487,0,0,BENIGN
1776878156.976979,1,06:2d:ba:7d:d2:de,d2:9b:db:15:5b:e9,unknown,unknown,-1,-1,-1,-1,-1,72,808000000,0,0,0,681,28658,7.492507492507457,7.492507492507457e-09,314.6853146853132,3.146853146853132e-07,72.808,17,2,0,0.3438267631000676,0,0,BENIGN
1776878157.006505,3,c2:83:c9:db:0c:46,5a:46:d9:62:e7:8c,unknown,unknown,-1,-1,-1,-1,-1,119,53000000,0,0,0,1730,72716,8.991008991009013,8.991008991009012e-09,377.6223776223785,3.776223776223785e-07,119.053,17,2,0,0.34962133281839025,0,0,BENIGN
1776878157.0373487,3,d2:9b:db:15:5b:e9,5a:46:d9:62:e7:8c,unknown,unknown,-1,-1,-1,-1,-1,115,819000000,0,0,0,1438,60452,7.992007992007954,7.992007992007954e-09,335.6643356643341,3.356643356643341e-07,115.819,17,2,0,0.3587852535915399,0,0,BENIGN
1776878157.0664277,3,06:2d:ba:7d:d2:de,5a:46:d9:62:e7:8c,unknown,unknown,-1,-1,-1,-1,-1,112,692000000,0,0,0,1667,70070,763.9780018331847,7.639780018331847e-07,32112.740604949766,3.211274060494976e-05,112.692,17,2,0,0.33419366493544167,0,0,BENIGN
1776878157.097901,3,d2:9b:db:15:5b:e9,c2:83:c9:db:0c:46,unknown,unknown,-1,-1,-1,-1,-1,99,348000000,0,0,0,1040,43736,8.491508491508512,8.491508491508511e-09,356.6433566433575,3.566433566433575e-07,99.348,17,2,0,0.3587852327496459,0,0,BENIGN
1776878157.1274416,3,06:2d:ba:7d:d2:de,c2:83:c9:db:0c:46,unknown,unknown,-1,-1,-1,-1,-1,96,226000000,0,0,0,983,41342,5.775577557755794,5.7755775577557936e-09,242.57425742574333,2.4257425742574334e-07,96.226,17,2,0,0.35878574683336645,0,0,BENIGN
1776878157.1572394,3,06:2d:ba:7d:d2:de,d2:9b:db:15:5b:e9,unknown,unknown,-1,-1,-1,-1,-1,73,40000000,0,0,0,681,28658,7.492507492507457,7.492507492507457e-09,314.6853146853132,3.146853146853132e-07,73.04,17,2,0,0.34962133281839025,0,0,BENIGN
1776878157.1848514,2,c2:83:c9:db:0c:46,5a:46:d9:62:e7:8c,unknown,unknown,-1,-1,-1,-1,-1,121,51000000,0,0,0,1742,73220,5.994005994006008,5.994005994006008e-09,251.74825174825233,2.517482517482523e-07,121.051,17,2,0,0.34124932418179943,0,0,BENIGN
1776878157.2126577,2,d2:9b:db:15:5b:e9,5a:46:d9:62:e7:8c,unknown,unknown,-1,-1,-1,-1,-1,117,868000000,0,0,0,1452,61040,5.994005994006008,5.994005994006008e-09,251.74825174825233,2.517482517482523e-07,117.868,17,2,0,0.3478385486648088,0,0,BENIGN
1776878157.2517302,2,06:2d:ba:7d:d2:de,5a:46:d9:62:e7:8c,unknown,unknown,-1,-1,-1,-1,-1,114,641000000,0,0,0,1732,72800,30.969030969030822,3.096903096903082e-08,1300.6993006992946,1.3006993006992946e-06,114.641,17,2,0,0.3478380345810883,0,0,BENIGN
1776878157.2792568,2,d2:9b:db:15:5b:e9,c2:83:c9:db:0c:46,unknown,unknown,-1,-1,-1,-1,-1,101,549000000,0,0,0,1053,44282,6.493506493506462,6.4935064935064626e-09,272.72727272727144,2.727272727272714e-07,101.549,17,2,0,0.34783852782291474,0,0,BENIGN
1776878157.3057718,2,06:2d:ba:7d:d2:de,c2:83:c9:db:0c:46,unknown,unknown,-1,-1,-1,-1,-1,98,158000000,0,0,0,1001,42098,8.491508491508512,8.491508491508511e-09,356.6433566433575,3.566433566433575e-07,98.158,17,2,0,0.34783801373919426,0,0,BENIGN
1776878157.332756,1,c2:83:c9:db:0c:46,5a:46:d9:62:e7:8c,unknown,unknown,-1,-1,-1,-1,-1,121,59000000,0,0,0,1742,73220,5.994005994006008,5.994005994006008e-09,251.74825174825233,2.517482517482523e-07,121.059,17,2,0,0.33785797354301045,0,0,BENIGN
1776878157.359604,1,d2:9b:db:15:5b:e9,5a:46:d9:62:e7:8c,unknown,unknown,-1,-1,-1,-1,-1,117,793000000,0,0,0,1451,60998,6.493506493506462,6.4935064935064626e-09,272.72727272727144,2.727272727272714e-07,117.793,17,2,0,0.3438272771837881,0,0,BENIGN
1776878157.3870232,1,06:2d:ba:7d:d2:de,5a:46:d9:62:e7:8c,unknown,unknown,-1,-1,-1,-1,-1,114,563000000,0,0,0,1730,72716,30.969030969031042,3.0969030969031044e-08,1300.6993006993036,1.3006993006993037e-06,114.563,17,2,0,0.3438267631000676,0,0,BENIGN
1776878157.4151063,1,06:2d:ba:7d:d2:de,c2:83:c9:db:0c:46,unknown,unknown,-1,-1,-1,-1,-1,97,959000000,0,0,0,1001,42098,8.491508491508451,8.491508491508451e-09,356.64335664335493,3.566433566433549e-07,97.959,17,2,0,0.34491905746632817,0,0,BENIGN
1776878157.4420636,1,06:2d:ba:7d:d2:de,d2:9b:db:15:5b:e9,unknown,unknown,-1,-1,-1,-1,-1,74,810000000,0,0,0,696,29288,7.49250749250751,7.49250749250751e-09,314.6853146853154,3.146853146853154e-07,74.81,17,2,0,0.3438267631000676,0,0,BENIGN
1776878157.470112,3,c2:83:c9:db:0c:46,5a:46:d9:62:e7:8c,unknown,unknown,-1,-1,-1,-1,-1,121,56000000,0,0,0,1742,73220,5.991013479780329,5.991013479780329e-09,251.62256615077382,2.5162256615077384e-07,121.056,17,2,0,0.34962184690211073,0,0,BENIGN
1776878157.4977698,3,d2:9b:db:15:5b:e9,5a:46:d9:62:e7:8c,unknown,unknown,-1,-1,-1,-1,-1,117,822000000,0,0,0,1451,60998,6.490264603095357,6.490264603095357e-09,272.591113330005,2.72591113330005e-07,117.822,17,2,0,0.35878576767526044,0,0,BENIGN
1776878157.524618,3,06:2d:ba:7d:d2:de,5a:46:d9:62:e7:8c,unknown,unknown,-1,-1,-1,-1,-1,114,695000000,0,0,0,1729,72674,792.0293174530489,7.920293174530488e-07,33290.88410444354,3.329088410444354e-05,114.695,17,2,0,0.33419366493544167,0,0,BENIGN
1776878157.5521777,3,d2:9b:db:15:5b:e9,c2:83:c9:db:0c:46,unknown,unknown,-1,-1,-1,-1,-1,101,351000000,0,0,0,1053,44282,6.490264603095357,6.490264603095357e-09,272.591113330005,2.72591113330005e-07,101.351,17,2,0,0.35878574683336645,0,0,BENIGN
1776878157.578655,3,06:2d:ba:7d:d2:de,c2:83:c9:db:0c:46,unknown,unknown,-1,-1,-1,-1,-1,98,229000000,0,0,0,1000,42056,7.835051546391762,7.835051546391761e-09,329.072164948454,3.2907216494845396e-07,98.229,17,2,0,0.3587852327496459,0,0,BENIGN
1776878157.606781,3,06:2d:ba:7d:d2:de,d2:9b:db:15:5b:e9,unknown,unknown,-1,-1,-1,-1,-1,75,43000000,0,0,0,696,29288,7.488766849725412,7.488766849725412e-09,314.52820768846726,3.1452820768846727e-07,75.043,17,2,0,0.34962133281839025,0,0,BENIGN
1776878157.6352751,2,c2:83:c9:db:0c:46,5a:46:d9:62:e7:8c,unknown,unknown,-1,-1,-1,-1,-1,123,59000000,0,0,0,1758,73892,7.968127490039858,7.968127490039859e-09,334.66135458167406,3.3466135458167404e-07,123.059,17,2,0,0.34124881009807895,0,0,BENIGN
1776878157.663161,2,d2:9b:db:15:5b:e9,5a:46:d9:62:e7:8c,unknown,unknown,-1,-1,-1,-1,-1,119,876000000,0,0,0,1469,61754,8.46613545816729,8.46613545816729e-09,355.57768924302616,3.5557768924302613e-07,119.876,17,2,0,0.3478380345810883,0,0,BENIGN
1776878157.691477,2,06:2d:ba:7d:d2:de,5a:46:d9:62:e7:8c,unknown,unknown,-1,-1,-1,-1,-1,116,649000000,0,0,0,1790,75236,28.884462151394487,2.8884462151394488e-08,1213.1474103585683,1.2131474103585682e-06,116.649,17,2,0,0.3478380345810883,0,0,BENIGN
1776878157.7200062,2,d2:9b:db:15:5b:e9,c2:83:c9:db:0c:46,unknown,unknown,-1,-1,-1,-1,-1,103,557000000,0,0,0,1070,44996,8.466135458167349,8.466135458167349e-09,355.57768924302866,3.555776892430287e-07,103.557,17,2,0,0.3478380345810883,0,0,BENIGN
1776878157.747933,2,06:2d:ba:7d:d2:de,c2:83:c9:db:0c:46,unknown,unknown,-1,-1,-1,-1,-1,100,166000000,0,0,0,1014,42644,6.474103585657385,6.474103585657385e-09,271.91235059761016,2.719123505976102e-07,100.166,17,2,0,0.34783852782291474,0,0,BENIGN
1776878157.7807956,1,c2:83:c9:db:0c:46,5a:46:d9:62:e7:8c,unknown,unknown,-1,-1,-1,-1,-1,123,67000000,0,0,0,1759,73934,8.466135458167349,8.466135458167349e-09,355.57768924302866,3.555776892430287e-07,123.067,17,2,0,0.33785745945928997,0,0,BENIGN
1776878157.811736,1,d2:9b:db:15:5b:e9,5a:46:d9:62:e7:8c,unknown,unknown,-1,-1,-1,-1,-1,119,801000000,0,0,0,1468,61712,8.466135458167349,8.466135458167349e-09,355.57768924302866,3.555776892430287e-07,119.801,17,2,0,0.3438267631000676,0,0,BENIGN
1776878157.838954,1,06:2d:ba:7d:d2:de,5a:46:d9:62:e7:8c,unknown,unknown,-1,-1,-1,-1,-1,116,571000000,0,0,0,1788,75152,28.884462151394487,2.8884462151394488e-08,1213.1474103585683,1.2131474103585682e-06,116.571,17,2,0,0.3438267631000676,0,0,BENIGN
1776878157.8674235,1,06:2d:ba:7d:d2:de,c2:83:c9:db:0c:46,unknown,unknown,-1,-1,-1,-1,-1,99,967000000,0,0,0,1014,42644,6.474103585657385,6.474103585657385e-09,271.91235059761016,2.719123505976102e-07,99.967,17,2,0,0.3449195715500487,0,0,BENIGN
1776878157.8950148,1,06:2d:ba:7d:d2:de,d2:9b:db:15:5b:e9,unknown,unknown,-1,-1,-1,-1,-1,76,818000000,0,0,0,711,29918,7.470119521912367,7.470119521912367e-09,313.7450199203194,3.137450199203194e-07,76.818,17,2,0,0.3438267631000676,0,0,BENIGN
1776878157.9223766,3,c2:83:c9:db:0c:46,5a:46:d9:62:e7:8c,unknown,unknown,-1,-1,-1,-1,-1,123,64000000,0,0,0,1758,73892,7.968127490039858,7.968127490039859e-09,334.66135458167406,3.3466135458167404e-07,123.064,17,2,0,0.34962133281839025,0,0,BENIGN
1776878157.949343,3,d2:9b:db:15:5b:e9,5a:46:d9:62:e7:8c,unknown,unknown,-1,-1,-1,-1,-1,119,830000000,0,0,0,1468,61712,8.466135458167349,8.466135458167349e-09,355.57768924302866,3.555776892430287e-07,119.83,17,2,0,0.3587852535915399,0,0,BENIGN
1776878157.9756227,3,06:2d:ba:7d:d2:de,5a:46:d9:62:e7:8c,unknown,unknown,-1,-1,-1,-1,-1,116,703000000,0,0,0,1787,75110,816.727605118829,8.16727605118829e-07,34328.15356489942,3.432815356489942e-05,116.703,17,2,0,0.33419366493544167,0,0,BENIGN
1776878158.0084786,3,d2:9b:db:15:5b:e9,c2:83:c9:db:0c:46,unknown,unknown,-1,-1,-1,-1,-1,103,359000000,0,0,0,1070,44996,8.466135458167349,8.466135458167349e-09,355.57768924302866,3.555776892430287e-07,103.359,17,2,0,0.3587852327496459,0,0,BENIGN
1776878158.035917,3,06:2d:ba:7d:d2:de,c2:83:c9:db:0c:46,unknown,unknown,-1,-1,-1,-1,-1,100,237000000,0,0,0,1013,42602,6.172839506172858,6.172839506172858e-09,259.25925925926003,2.5925925925926e-07,100.237,17,2,0,0.35878574683336645,0,0,BENIGN
1776878158.064406,3,06:2d:ba:7d:d2:de,d2:9b:db:15:5b:e9,unknown,unknown,-1,-1,-1,-1,-1,77,51000000,0,0,0,711,29918,7.470119521912367,7.470119521912367e-09,313.7450199203194,3.137450199203194e-07,77.051,17,2,0,0.34962133281839025,0,0,BENIGN
1776878158.149375,2,c2:83:c9:db:0c:46,5a:46:d9:62:e7:8c,unknown,unknown,-1,-1,-1,-1,-1,125,71000000,0,0,0,1772,74480,6.958250497017891,6.958250497017891e-09,292.2465208747514,2.9224652087475143e-07,125.071,17,2,0,0.34124932418179943,0,0,BENIGN
1776878158.193201,2,d2:9b:db:15:5b:e9,5a:46:d9:62:e7:8c,unknown,unknown,-1,-1,-1,-1,-1,121,888000000,0,0,0,1482,62300,6.461232604373756,6.461232604373756e-09,271.37176938369777,2.7137176938369776e-07,121.888,17,2,0,0.3478385486648088,0,0,BENIGN
1776878158.2278502,2,06:2d:ba:7d:d2:de,5a:46:d9:62:e7:8c,unknown,unknown,-1,-1,-1,-1,-1,118,661000000,0,0,0,1852,77840,30.815109343936374,3.081510934393637e-08,1294.2345924453277,1.2942345924453277e-06,118.661,17,2,0,0.3478380345810883,0,0,BENIGN
1776878158.264134,2,d2:9b:db:15:5b:e9,c2:83:c9:db:0c:46,unknown,unknown,-1,-1,-1,-1,-1,105,569000000,0,0,0,1083,45542,6.461232604373756,6.461232604373756e-09,271.37176938369777,2.7137176938369776e-07,105.569,17,2,0,0.3478385486648088,0,0,BENIGN
1776878158.2980542,2,06:2d:ba:7d:d2:de,c2:83:c9:db:0c:46,unknown,unknown,-1,-1,-1,-1,-1,102,178000000,0,0,0,1033,43442,9.443339960238566,9.443339960238566e-09,396.6202783300198,3.966202783300198e-07,102.178,17,2,0,0.34783801373919426,0,0,BENIGN
1776878158.3295457,1,c2:83:c9:db:0c:46,5a:46:d9:62:e7:8c,unknown,unknown,-1,-1,-1,-1,-1,125,80000000,0,0,0,1772,74480,6.458022851465458,6.458022851465458e-09,271.2369597615492,2.712369597615492e-07,125.08,17,2,0,0.33785797354301045,0,0,BENIGN
1776878158.3604474,1,d2:9b:db:15:5b:e9,5a:46:d9:62:e7:8c,unknown,unknown,-1,-1,-1,-1,-1,121,814000000,0,0,0,1481,62258,6.458022851465503,6.458022851465503e-09,271.23695976155113,2.7123695976155114e-07,121.814,17,2,0,0.3438272771837881,0,0,BENIGN
1776878158.394882,1,06:2d:ba:7d:d2:de,5a:46:d9:62:e7:8c,unknown,unknown,-1,-1,-1,-1,-1,118,584000000,0,0,0,1850,77756,30.79980129160449,3.079980129160449e-08,1293.5916542473885,1.2935916542473885e-06,118.584,17,2,0,0.3438267631000676,0,0,BENIGN
1776878158.4237585,1,06:2d:ba:7d:d2:de,c2:83:c9:db:0c:46,unknown,unknown,-1,-1,-1,-1,-1,101,980000000,0,0,0,1033,43442,9.438648782911054,9.438648782911054e-09,396.42324888226426,3.9642324888226425e-07,101.98,17,2,0,0.34491905746632817,0,0,BENIGN
1776878158.457415,1,06:2d:ba:7d:d2:de,d2:9b:db:15:5b:e9,unknown,unknown,-1,-1,-1,-1,-1,78,831000000,0,0,0,726,30548,7.451564828613989,7.451564828613989e-09,312.96572280178754,3.1296572280178754e-07,78.831,17,2,0,0.3438267631000676,0,0,BENIGN
1776878158.4953365,3,c2:83:c9:db:0c:46,5a:46:d9:62:e7:8c,unknown,unknown,-1,-1,-1,-1,-1,125,76000000,0,0,0,1772,74480,6.958250497017891,6.958250497017891e-09,292.2465208747514,2.9224652087475143e-07,125.076,17,2,0,0.34962184690211073,0,0,BENIGN
1776878158.5267162,3,d2:9b:db:15:5b:e9,5a:46:d9:62:e7:8c,unknown,unknown,-1,-1,-1,-1,-1,121,842000000,0,0,0,1481,62258,6.461232604373756,6.461232604373756e-09,271.37176938369777,2.7137176938369776e-07,121.842,17,2,0,0.35878576767526044,0,0,BENIGN
1776878158.554034,3,06:2d:ba:7d:d2:de,5a:46:d9:62:e7:8c,unknown,unknown,-1,-1,-1,-1,-1,118,715000000,0,0,0,1849,77714,843.5218978102162,8.435218978102162e-07,35453.46715328455,3.5453467153284556e-05,118.715,17,2,0,0.33419366493544167,0,0,BENIGN
1776878158.5834959,3,d2:9b:db:15:5b:e9,c2:83:c9:db:0c:46,unknown,unknown,-1,-1,-1,-1,-1,105,371000000,0,0,0,1083,45542,6.461232604373756,6.461232604373756e-09,271.37176938369777,2.7137176938369776e-07,105.371,17,2,0,0.35878574683336645,0,0,BENIGN
1776878158.6129103,3,06:2d:ba:7d:d2:de,c2:83:c9:db:0c:46,unknown,unknown,-1,-1,-1,-1,-1,102,249000000,0,0,0,1032,43400,8.627773212818415,8.627773212818414e-09,362.3664749383734,3.6236647493837344e-07,102.249,17,2,0,0.3587852327496459,0,0,BENIGN
1776878158.6500297,3,06:2d:ba:7d:d2:de,d2:9b:db:15:5b:e9,unknown,unknown,-1,-1,-1,-1,-1,79,63000000,0,0,0,726,30548,7.455268389662026,7.455268389662027e-09,313.1212723658051,3.131212723658051e-07,79.063,17,2,0,0.34962133281839025,0,0,BENIGN
1776878158.7249453,2,c2:83:c9:db:0c:46,5a:46:d9:62:e7:8c,unknown,unknown,-1,-1,-1,-1,-1,127,73000000,0,0,0,1788,75152,7.992007992008011,7.992007992008011e-09,335.6643356643364,3.3566433566433644e-07,127.073,17,2,0,0.34124881009807895,0,0,BENIGN
1776878158.7580426,2,d2:9b:db:15:5b:e9,5a:46:d9:62:e7:8c,unknown,unknown,-1,-1,-1,-1,-1,123,890000000,0,0,0,1499,63014,8.491508491508512,8.491508491508511e-09,356.6433566433575,3.566433566433575e-07,123.89,17,2,0,0.3478380345810883,0,0,BENIGN
1776878158.8037217,2,06:2d:ba:7d:d2:de,5a:46:d9:62:e7:8c,unknown,unknown,-1,-1,-1,-1,-1,120,663000000,0,0,0,1910,80276,28.97102897102904,2.897102897102904e-08,1216.7832167832196,1.2167832167832196e-06,120.663,17,2,0,0.3478380345810883,0,0,BENIGN
1776878158.849944,2,d2:9b:db:15:5b:e9,c2:83:c9:db:0c:46,unknown,unknown,-1,-1,-1,-1,-1,107,571000000,0,0,0,1100,46256,8.491508491508512,8.491508491508511e-09,356.6433566433575,3.566433566433575e-07,107.571,17,2,0,0.3478380345810883,0,0,BENIGN
1776878158.8978765,2,06:2d:ba:7d:d2:de,c2:83:c9:db:0c:46,unknown,unknown,-1,-1,-1,-1,-1,104,180000000,0,0,0,1058,44492,12.487512487512427,1.2487512487512427e-08,524.475524475522,5.24475524475522e-07,104.18,17,2,0,0.34783801373919426,0,0,BENIGN
1776878158.928737,1,c2:83:c9:db:0c:46,5a:46:d9:62:e7:8c,unknown,unknown,-1,-1,-1,-1,-1,127,80000000,0,0,0,1788,75152,8.0,8e-09,336.0,3.36e-07,127.08,17,2,0,0.33785745945928997,0,0,BENIGN
1776878158.959658,1,d2:9b:db:15:5b:e9,5a:46:d9:62:e7:8c,unknown,unknown,-1,-1,-1,-1,-1,123,814000000,0,0,0,1498,62972,8.5,8.5e-09,357.0,3.57e-07,123.814,17,2,0,0.3438267631000676,0,0,BENIGN
1776878158.9892557,1,06:2d:ba:7d:d2:de,5a:46:d9:62:e7:8c,unknown,unknown,-1,-1,-1,-1,-1,120,584000000,0,0,0,1908,80192,29.0,2.9e-08,1218.0,1.218e-06,120.584,17,2,0,0.3438267631000676,0,0,BENIGN
1776878159.0172007,1,06:2d:ba:7d:d2:de,c2:83:c9:db:0c:46,unknown,unknown,-1,-1,-1,-1,-1,103,980000000,0,0,0,1058,44492,12.5,1.25e-08,525.0,5.25e-07,103.98,17,2,0,0.34491905746632817,0,0,BENIGN
1776878159.0452228,1,06:2d:ba:7d:d2:de,d2:9b:db:15:5b:e9,unknown,unknown,-1,-1,-1,-1,-1,80,831000000,0,0,0,741,31178,7.5,7.5e-09,315.0,3.15e-07,80.831,17,2,0,0.3438267631000676,0,0,BENIGN
1776878159.0762117,3,c2:83:c9:db:0c:46,5a:46:d9:62:e7:8c,unknown,unknown,-1,-1,-1,-1,-1,127,77000000,0,0,0,1788,75152,7.99600199900048,7.99600199900048e-09,335.8320839580202,3.358320839580202e-07,127.077,17,2,0,0.34962133281839025,0,0,BENIGN
1776878159.1104698,3,d2:9b:db:15:5b:e9,5a:46:d9:62:e7:8c,unknown,unknown,-1,-1,-1,-1,-1,123,843000000,0,0,0,1498,62972,8.495752123938011,8.495752123938012e-09,356.82158920539644,3.568215892053964e-07,123.843,17,2,0,0.3587852535915399,0,0,BENIGN
1776878159.2303972,3,06:2d:ba:7d:d2:de,5a:46:d9:62:e7:8c,unknown,unknown,-1,-1,-1,-1,-1,120,716000000,0,0,0,1907,80150,874.3695552498864,8.743695552498864e-07,36749.197615772624,3.6749197615772626e-05,120.716,17,2,0,0.33419366493544167,0,0,BENIGN
1776878159.2769096,3,d2:9b:db:15:5b:e9,c2:83:c9:db:0c:46,unknown,unknown,-1,-1,-1,-1,-1,107,372000000,0,0,0,1100,46256,8.495752123938011,8.495752123938012e-09,356.82158920539644,3.568215892053964e-07,107.372,17,2,0,0.3587852327496459,0,0,BENIGN
1776878159.3071501,3,06:2d:ba:7d:d2:de,c2:83:c9:db:0c:46,unknown,unknown,-1,-1,-1,-1,-1,104,250000000,0,0,0,1057,44450,11.143210895583978,1.1143210895583979e-08,468.0148576145271,4.680148576145271e-07,104.25,17,2,0,0.3587852327496459,0,0,BENIGN
1776878159.3339572,3,06:2d:ba:7d:d2:de,d2:9b:db:15:5b:e9,unknown,unknown,-1,-1,-1,-1,-1,81,64000000,0,0,0,741,31178,7.496251874063004,7.496251874063005e-09,314.84257871064614,3.1484257871064615e-07,81.064,17,2,0,0.34962133281839025,0,0,BENIGN
1776878159.3603096,2,c2:83:c9:db:0c:46,5a:46:d9:62:e7:8c,unknown,unknown,-1,-1,-1,-1,-1,129,85000000,0,0,0,1803,75782,7.455268389661973,7.455268389661974e-09,313.1212723658029,3.131212723658029e-07,129.085,17,2,0,0.34124881009807895,0,0,BENIGN
1776878159.3870168,2,d2:9b:db:15:5b:e9,5a:46:d9:62:e7:8c,unknown,unknown,-1,-1,-1,-1,-1,125,902000000,0,0,0,1516,63728,8.449304174950296,8.449304174950295e-09,354.87077534791246,3.5487077534791244e-07,125.902,17,2,0,0.3478380345810883,0,0,BENIGN
1776878159.4142358,2,06:2d:ba:7d:d2:de,5a:46:d9:62:e7:8c,unknown,unknown,-1,-1,-1,-1,-1,122,675000000,0,0,0,1974,82964,31.809145129224646,3.1809145129224644e-08,1335.984095427435,1.335984095427435e-06,122.675,17,2,0,0.3478380345810883,0,0,BENIGN
1776878159.4419353,2,d2:9b:db:15:5b:e9,c2:83:c9:db:0c:46,unknown,unknown,-1,-1,-1,-1,-1,109,583000000,0,0,0,1114,46844,6.958250497017891,6.958250497017891e-09,292.2465208747514,2.9224652087475143e-07,109.583,17,2,0,0.3478385486648088,0,0,BENIGN
1776878159.4712217,2,06:2d:ba:7d:d2:de,c2:83:c9:db:0c:46,unknown,unknown,-1,-1,-1,-1,-1,106,192000000,0,0,0,1098,46172,19.880715705765542,1.9880715705765543e-08,834.9900596421528,8.349900596421528e-07,106.192,17,2,0,0.34783801373919426,0,0,BENIGN
1776878159.501951,1,c2:83:c9:db:0c:46,5a:46:d9:62:e7:8c,unknown,unknown,-1,-1,-1,-1,-1,129,92000000,0,0,0,1803,75782,7.455268389661973,7.455268389661974e-09,313.1212723658029,3.131212723658029e-07,129.092,17,2,0,0.33785745945928997,0,0,BENIGN
1776878159.5333936,1,d2:9b:db:15:5b:e9,5a:46:d9:62:e7:8c,unknown,unknown,-1,-1,-1,-1,-1,125,826000000,0,0,0,1514,63644,7.9522862823061615,7.952286282306161e-09,333.99602385685876,3.3399602385685877e-07,125.826,17,2,0,0.3438267631000676,0,0,BENIGN
1776878159.569914,1,06:2d:ba:7d:d2:de,5a:46:d9:62:e7:8c,unknown,unknown,-1,-1,-1,-1,-1,122,596000000,0,0,0,1972,82880,31.809145129224646,3.1809145129224644e-08,1335.984095427435,1.335984095427435e-06,122.596,17,2,0,0.3438267631000676,0,0,BENIGN
1776878159.6000388,1,06:2d:ba:7d:d2:de,c2:83:c9:db:0c:46,unknown,unknown,-1,-1,-1,-1,-1,105,992000000,0,0,0,1098,46172,19.880715705765404,1.9880715705765404e-08,834.9900596421469,8.349900596421469e-07,105.992,17,2,0,0.34491905746632817,0,0,BENIGN
1776878159.6300464,1,06:2d:ba:7d:d2:de,d2:9b:db:15:5b:e9,unknown,unknown,-1,-1,-1,-1,-1,82,843000000,0,0,0,757,31850,7.9522862823061615,7.952286282306161e-09,333.99602385685876,3.3399602385685877e-07,82.843,17,2,0,0.3438267631000676,0,0,BENIGN
1776878159.6598125,3,c2:83:c9:db:0c:46,5a:46:d9:62:e7:8c,unknown,unknown,-1,-1,-1,-1,-1,129,89000000,0,0,0,1803,75782,7.455268389662026,7.455268389662027e-09,313.1212723658051,3.131212723658051e-07,129.089,17,2,0,0.34962133281839025,0,0,BENIGN
1776878159.6879296,3,d2:9b:db:15:5b:e9,5a:46:d9:62:e7:8c,unknown,unknown,-1,-1,-1,-1,-1,125,855000000,0,0,0,1515,63686,8.449304174950296,8.449304174950295e-09,354.87077534791246,3.5487077534791244e-07,125.855,17,2,0,0.3587852535915399,0,0,BENIGN
1776878159.7164493,3,06:2d:ba:7d:d2:de,5a:46:d9:62:e7:8c,unknown,unknown,-1,-1,-1,-1,-1,122,728000000,0,0,0,1971,82838,899.1788321167911,8.991788321167911e-07,37791.058394160704,3.779105839416071e-05,122.728,17,2,0,0.33419366493544167,0,0,BENIGN
